window_id,parent_route,child_route,updated_policy,parent_changed,child_changed,policy_changed,parent_switch_rate,child_switch_rate,policy_switch_rate,hierarchical_stability_score,route_persistence,route_pressure,forecast_next_parent_route,actual_next_parent_route,forecast_correct,stability_drop,child_policy_pressure,early_warning_score,early_warning,forecast_confidence,route_uncertainty
0,parent_0,learned_drift_prototype,prototype_recovery,True,True,True,1.0,1.0,1.0,0.0,0.9036144578313253,0.09638554216867468,parent_0,parent_0,True,0.0,1.0,0.35,False,0.9036144578313253,0.09638554216867468
1,parent_0,learned_drift_prototype,prototype_recovery,False,False,False,0.5,0.5,0.5,0.5,0.9036144578313253,0.09638554216867468,parent_0,parent_0,True,0.0,0.5,0.175,False,0.9036144578313253,0.09638554216867468
2,parent_0,learned_drift_prototype,prototype_recovery,False,False,False,0.3333333333333333,0.3333333333333333,0.3333333333333333,0.6666666666666667,0.9036144578313253,0.09638554216867468,parent_0,parent_0,True,0.0,0.33333333333333337,0.11666666666666667,False,0.9036144578313253,0.09638554216867468
3,parent_0,learned_drift_prototype,prototype_recovery,False,False,False,0.25,0.25,0.25,0.75,0.9036144578313253,0.09638554216867468,parent_0,parent_0,True,0.0,0.25,0.0875,False,0.9036144578313253,0.09638554216867468
4,parent_0,learned_drift_prototype,prototype_recovery,False,False,False,0.2,0.2,0.2,0.8,0.9036144578313253,0.09638554216867468,parent_0,parent_0,True,0.0,0.2,0.07,False,0.9036144578313253,0.09638554216867468
5,parent_0,learned_drift_prototype,prototype_recovery,False,False,False,0.16666666666666666,0.16666666666666666,0.16666666666666666,0.8333333333333333,0.9036144578313253,0.09638554216867468,parent_0,parent_0,True,0.0,0.16666666666666669,0.058333333333333334,False,0.9036144578313253,0.09638554216867468
6,parent_0,learned_drift_prototype,prototype_recovery,False,False,False,0.14285714285714285,0.14285714285714285,0.14285714285714285,0.8571428571428572,0.9036144578313253,0.09638554216867468,parent_0,parent_0,True,0.0,0.14285714285714285,0.049999999999999996,False,0.9036144578313253,0.09638554216867468
7,parent_0,learned_drift_prototype,prototype_recovery,False,False,False,0.125,0.125,0.125,0.875,0.9036144578313253,0.09638554216867468,parent_0,parent_0,True,0.0,0.125,0.04375,False,0.9036144578313253,0.09638554216867468
8,parent_0,learned_drift_prototype,prototype_recovery,False,False,False,0.1111111111111111,0.1111111111111111,0.1111111111111111,0.8888888888888888,0.9036144578313253,0.09638554216867468,parent_0,parent_0,True,0.0,0.1111111111111111,0.03888888888888889,False,0.9036144578313253,0.09638554216867468
9,parent_0,learned_drift_prototype,prototype_recovery,False,False,False,0.1,0.1,0.1,0.8999999999999999,0.9036144578313253,0.09638554216867468,parent_0,parent_0,True,0.0,0.1,0.035,False,0.9036144578313253,0.09638554216867468
10,parent_0,learned_drift_prototype,prototype_recovery,False,False,False,0.09090909090909091,0.09090909090909091,0.09090909090909091,0.9090909090909092,0.9036144578313253,0.09638554216867468,parent_0,parent_0,True,0.0,0.09090909090909091,0.03181818181818182,False,0.9036144578313253,0.09638554216867468
11,parent_0,learned_drift_prototype,prototype_recovery,False,False,False,0.08333333333333333,0.08333333333333333,0.08333333333333333,0.9166666666666666,0.9036144578313253,0.09638554216867468,parent_0,parent_0,True,0.0,0.08333333333333334,0.029166666666666667,False,0.9036144578313253,0.09638554216867468
12,parent_0,learned_drift_prototype,prototype_recovery,False,False,False,0.07692307692307693,0.07692307692307693,0.07692307692307693,0.9230769230769231,0.9036144578313253,0.09638554216867468,parent_0,parent_0,True,0.0,0.07692307692307693,0.026923076923076925,False,0.9036144578313253,0.09638554216867468
13,parent_0,learned_drift_prototype,prototype_recovery,False,False,False,0.07142857142857142,0.07142857142857142,0.07142857142857142,0.9285714285714286,0.9036144578313253,0.09638554216867468,parent_0,parent_0,True,0.0,0.07142857142857142,0.024999999999999998,False,0.9036144578313253,0.09638554216867468
14,parent_0,learned_drift_prototype,prototype_recovery,False,False,False,0.06666666666666667,0.06666666666666667,0.06666666666666667,0.9333333333333333,0.9036144578313253,0.09638554216867468,parent_0,parent_0,True,0.0,0.06666666666666667,0.023333333333333334,False,0.9036144578313253,0.09638554216867468
15,parent_0,learned_drift_prototype,prototype_recovery,False,False,False,0.0,0.0,0.0,1.0,0.9036144578313253,0.09638554216867468,parent_0,parent_0,True,0.0,0.0,0.0,False,0.9036144578313253,0.09638554216867468
16,parent_0,learned_drift_prototype,prototype_recovery,False,False,False,0.0,0.0,0.0,1.0,0.9036144578313253,0.09638554216867468,parent_0,parent_2,False,0.0,0.0,0.0,False,0.9036144578313253,0.09638554216867468
17,parent_2,learned_drift_prototype,prototype_recovery,True,False,False,0.06666666666666667,0.0,0.0,0.9666666666666667,0.872093023255814,0.12790697674418605,parent_2,parent_0,False,0.033333333333333326,0.0,0.39406976744186023,True,0.872093023255814,0.12790697674418605
18,parent_0,learned_drift_prototype,prototype_recovery,True,False,False,0.13333333333333333,0.0,0.0,0.9333333333333333,0.9036144578313253,0.09638554216867468,parent_0,parent_0,True,0.033333333333333326,0.0,0.16333333333333333,False,0.9036144578313253,0.09638554216867468
19,parent_0,learned_drift_prototype,prototype_recovery,False,False,False,0.13333333333333333,0.0,0.0,0.9333333333333333,0.9036144578313253,0.09638554216867468,parent_0,parent_0,True,0.0,0.0,0.013333333333333334,False,0.9036144578313253,0.09638554216867468
20,parent_0,learned_drift_prototype,prototype_recovery,False,False,False,0.13333333333333333,0.0,0.0,0.9333333333333333,0.9036144578313253,0.09638554216867468,parent_0,parent_0,True,0.0,0.0,0.013333333333333334,False,0.9036144578313253,0.09638554216867468
21,parent_0,learned_drift_prototype,prototype_recovery,False,False,False,0.13333333333333333,0.0,0.0,0.9333333333333333,0.9036144578313253,0.09638554216867468,parent_0,parent_0,True,0.0,0.0,0.013333333333333334,False,0.9036144578313253,0.09638554216867468
22,parent_0,learned_drift_prototype,prototype_recovery,False,False,False,0.13333333333333333,0.0,0.0,0.9333333333333333,0.9036144578313253,0.09638554216867468,parent_0,parent_0,True,0.0,0.0,0.013333333333333334,False,0.9036144578313253,0.09638554216867468
23,parent_0,learned_drift_prototype,prototype_recovery,False,False,False,0.13333333333333333,0.0,0.0,0.9333333333333333,0.9036144578313253,0.09638554216867468,parent_0,parent_0,True,0.0,0.0,0.013333333333333334,False,0.9036144578313253,0.09638554216867468
24,parent_0,learned_drift_prototype,prototype_recovery,False,False,False,0.13333333333333333,0.0,0.0,0.9333333333333333,0.9036144578313253,0.09638554216867468,parent_0,parent_0,True,0.0,0.0,0.013333333333333334,False,0.9036144578313253,0.09638554216867468
25,parent_0,learned_drift_prototype,prototype_recovery,False,False,False,0.13333333333333333,0.0,0.0,0.9333333333333333,0.9036144578313253,0.09638554216867468,parent_0,parent_2,False,0.0,0.0,0.013333333333333334,False,0.9036144578313253,0.09638554216867468
26,parent_2,learned_drift_prototype,prototype_recovery,True,False,False,0.2,0.0,0.0,0.9,0.872093023255814,0.12790697674418605,parent_2,parent_0,False,0.033333333333333326,0.0,0.4074031007751936,True,0.872093023255814,0.12790697674418605
27,parent_0,learned_drift_prototype,prototype_recovery,True,False,False,0.26666666666666666,0.0,0.0,0.8666666666666667,0.9036144578313253,0.09638554216867468,parent_0,parent_0,True,0.033333333333333326,0.0,0.17666666666666667,False,0.9036144578313253,0.09638554216867468
28,parent_0,learned_drift_prototype,prototype_recovery,False,False,False,0.26666666666666666,0.0,0.0,0.8666666666666667,0.9036144578313253,0.09638554216867468,parent_0,parent_0,True,0.0,0.0,0.02666666666666667,False,0.9036144578313253,0.09638554216867468
29,parent_0,learned_drift_prototype,prototype_recovery,False,False,False,0.26666666666666666,0.0,0.0,0.8666666666666667,0.9036144578313253,0.09638554216867468,parent_0,parent_0,True,0.0,0.0,0.02666666666666667,False,0.9036144578313253,0.09638554216867468
30,parent_0,learned_drift_prototype,prototype_recovery,False,False,False,0.26666666666666666,0.0,0.0,0.8666666666666667,0.9036144578313253,0.09638554216867468,parent_0,parent_0,True,0.0,0.0,0.02666666666666667,False,0.9036144578313253,0.09638554216867468
31,parent_0,learned_drift_prototype,prototype_recovery,False,False,False,0.26666666666666666,0.0,0.0,0.8666666666666667,0.9036144578313253,0.09638554216867468,parent_0,parent_0,True,0.0,0.0,0.02666666666666667,False,0.9036144578313253,0.09638554216867468
32,parent_0,learned_drift_prototype,prototype_recovery,False,False,False,0.2,0.0,0.0,0.9,0.9036144578313253,0.09638554216867468,parent_0,parent_0,True,0.0,0.0,0.020000000000000004,False,0.9036144578313253,0.09638554216867468
33,parent_0,learned_drift_prototype,prototype_recovery,False,False,False,0.13333333333333333,0.0,0.0,0.9333333333333333,0.9036144578313253,0.09638554216867468,parent_0,parent_0,True,0.0,0.0,0.013333333333333334,False,0.9036144578313253,0.09638554216867468
34,parent_0,learned_drift_prototype,prototype_recovery,False,False,False,0.13333333333333333,0.0,0.0,0.9333333333333333,0.9036144578313253,0.09638554216867468,parent_0,parent_0,True,0.0,0.0,0.013333333333333334,False,0.9036144578313253,0.09638554216867468
35,parent_0,learned_drift_prototype,prototype_recovery,False,False,False,0.13333333333333333,0.0,0.0,0.9333333333333333,0.9036144578313253,0.09638554216867468,parent_0,parent_0,True,0.0,0.0,0.013333333333333334,False,0.9036144578313253,0.09638554216867468
36,parent_0,learned_drift_prototype,prototype_recovery,False,False,False,0.13333333333333333,0.0,0.0,0.9333333333333333,0.9036144578313253,0.09638554216867468,parent_0,parent_0,True,0.0,0.0,0.013333333333333334,False,0.9036144578313253,0.09638554216867468
37,parent_0,learned_drift_prototype,prototype_recovery,False,False,False,0.13333333333333333,0.0,0.0,0.9333333333333333,0.9036144578313253,0.09638554216867468,parent_0,parent_0,True,0.0,0.0,0.013333333333333334,False,0.9036144578313253,0.09638554216867468
38,parent_0,learned_drift_prototype,prototype_recovery,False,False,False,0.13333333333333333,0.0,0.0,0.9333333333333333,0.9036144578313253,0.09638554216867468,parent_0,parent_0,True,0.0,0.0,0.013333333333333334,False,0.9036144578313253,0.09638554216867468
39,parent_0,learned_drift_prototype,prototype_recovery,False,False,False,0.13333333333333333,0.0,0.0,0.9333333333333333,0.9036144578313253,0.09638554216867468,parent_0,parent_0,True,0.0,0.0,0.013333333333333334,False,0.9036144578313253,0.09638554216867468
40,parent_0,learned_drift_prototype,prototype_recovery,False,False,False,0.13333333333333333,0.0,0.0,0.9333333333333333,0.9036144578313253,0.09638554216867468,parent_0,parent_0,True,0.0,0.0,0.013333333333333334,False,0.9036144578313253,0.09638554216867468
41,parent_0,learned_drift_prototype,prototype_recovery,False,False,False,0.06666666666666667,0.0,0.0,0.9666666666666667,0.9036144578313253,0.09638554216867468,parent_0,parent_0,True,0.0,0.0,0.006666666666666667,False,0.9036144578313253,0.09638554216867468
42,parent_0,learned_drift_prototype,prototype_recovery,False,False,False,0.0,0.0,0.0,1.0,0.9036144578313253,0.09638554216867468,parent_0,parent_0,True,0.0,0.0,0.0,False,0.9036144578313253,0.09638554216867468
43,parent_0,learned_drift_prototype,prototype_recovery,False,False,False,0.0,0.0,0.0,1.0,0.9036144578313253,0.09638554216867468,parent_0,parent_0,True,0.0,0.0,0.0,False,0.9036144578313253,0.09638554216867468
44,parent_0,learned_drift_prototype,prototype_recovery,False,False,False,0.0,0.0,0.0,1.0,0.9036144578313253,0.09638554216867468,parent_0,parent_0,True,0.0,0.0,0.0,False,0.9036144578313253,0.09638554216867468
45,parent_0,learned_drift_prototype,prototype_recovery,False,False,False,0.0,0.0,0.0,1.0,0.9036144578313253,0.09638554216867468,parent_0,parent_0,True,0.0,0.0,0.0,False,0.9036144578313253,0.09638554216867468
46,parent_0,learned_drift_prototype,prototype_recovery,False,False,False,0.0,0.0,0.0,1.0,0.9036144578313253,0.09638554216867468,parent_0,parent_0,True,0.0,0.0,0.0,False,0.9036144578313253,0.09638554216867468
47,parent_0,learned_drift_prototype,prototype_recovery,False,False,False,0.0,0.0,0.0,1.0,0.9036144578313253,0.09638554216867468,parent_0,parent_0,True,0.0,0.0,0.0,False,0.9036144578313253,0.09638554216867468
48,parent_0,learned_drift_prototype,prototype_recovery,False,False,False,0.0,0.0,0.0,1.0,0.9036144578313253,0.09638554216867468,parent_0,parent_0,True,0.0,0.0,0.0,False,0.9036144578313253,0.09638554216867468
49,parent_0,learned_drift_prototype,prototype_recovery,False,False,False,0.0,0.0,0.0,1.0,0.9036144578313253,0.09638554216867468,parent_0,parent_2,False,0.0,0.0,0.0,False,0.9036144578313253,0.09638554216867468
50,parent_2,learned_drift_prototype,prototype_recovery,True,False,False,0.06666666666666667,0.0,0.0,0.9666666666666667,0.872093023255814,0.12790697674418605,parent_2,parent_0,False,0.033333333333333326,0.0,0.39406976744186023,True,0.872093023255814,0.12790697674418605
51,parent_0,learned_drift_prototype,prototype_recovery,True,False,False,0.13333333333333333,0.0,0.0,0.9333333333333333,0.9036144578313253,0.09638554216867468,parent_0,parent_0,True,0.033333333333333326,0.0,0.16333333333333333,False,0.9036144578313253,0.09638554216867468
52,parent_0,learned_drift_prototype,prototype_recovery,False,False,False,0.13333333333333333,0.0,0.0,0.9333333333333333,0.9036144578313253,0.09638554216867468,parent_0,parent_0,True,0.0,0.0,0.013333333333333334,False,0.9036144578313253,0.09638554216867468
53,parent_0,learned_drift_prototype,prototype_recovery,False,False,False,0.13333333333333333,0.0,0.0,0.9333333333333333,0.9036144578313253,0.09638554216867468,parent_0,parent_0,True,0.0,0.0,0.013333333333333334,False,0.9036144578313253,0.09638554216867468
54,parent_0,learned_drift_prototype,prototype_recovery,False,False,False,0.13333333333333333,0.0,0.0,0.9333333333333333,0.9036144578313253,0.09638554216867468,parent_0,parent_1,False,0.0,0.0,0.013333333333333334,False,0.9036144578313253,0.09638554216867468
55,parent_1,sequential_ids,hybrid,True,True,True,0.2,0.06666666666666667,0.06666666666666667,0.8666666666666667,0.8571428571428571,0.1428571428571429,parent_1,parent_1,True,0.06666666666666665,0.06666666666666667,0.6866666666666666,True,0.8571428571428571,0.1428571428571429
56,parent_1,sequential_ids,hybrid,False,False,False,0.2,0.06666666666666667,0.06666666666666667,0.8666666666666667,0.8571428571428571,0.1428571428571429,parent_1,parent_1,True,0.0,0.06666666666666667,0.38666666666666666,True,0.8571428571428571,0.1428571428571429
57,parent_1,sequential_ids,hybrid,False,False,False,0.2,0.06666666666666667,0.06666666666666667,0.8666666666666667,0.8571428571428571,0.1428571428571429,parent_1,parent_1,True,0.0,0.06666666666666667,0.38666666666666666,True,0.8571428571428571,0.1428571428571429
58,parent_1,sequential_ids,hybrid,False,False,False,0.2,0.06666666666666667,0.06666666666666667,0.8666666666666667,0.8571428571428571,0.1428571428571429,parent_1,parent_1,True,0.0,0.06666666666666667,0.38666666666666666,True,0.8571428571428571,0.1428571428571429
59,parent_1,sequential_ids,hybrid,False,False,False,0.2,0.06666666666666667,0.06666666666666667,0.8666666666666667,0.8571428571428571,0.1428571428571429,parent_1,parent_1,True,0.0,0.06666666666666667,0.38666666666666666,True,0.8571428571428571,0.1428571428571429
60,parent_1,sequential_ids,hybrid,False,False,False,0.2,0.06666666666666667,0.06666666666666667,0.8666666666666667,0.8571428571428571,0.1428571428571429,parent_1,parent_1,True,0.0,0.06666666666666667,0.38666666666666666,True,0.8571428571428571,0.1428571428571429
61,parent_1,sequential_ids,hybrid,False,False,False,0.2,0.06666666666666667,0.06666666666666667,0.8666666666666667,0.8571428571428571,0.1428571428571429,parent_1,parent_1,True,0.0,0.06666666666666667,0.38666666666666666,True,0.8571428571428571,0.1428571428571429
62,parent_1,sequential_ids,hybrid,False,False,False,0.2,0.06666666666666667,0.06666666666666667,0.8666666666666667,0.8571428571428571,0.1428571428571429,parent_1,parent_1,True,0.0,0.06666666666666667,0.38666666666666666,True,0.8571428571428571,0.1428571428571429
63,parent_1,sequential_ids,hybrid,False,False,False,0.2,0.06666666666666667,0.06666666666666667,0.8666666666666667,0.8571428571428571,0.1428571428571429,parent_1,parent_1,True,0.0,0.06666666666666667,0.38666666666666666,True,0.8571428571428571,0.1428571428571429
64,parent_1,sequential_ids,hybrid,False,False,False,0.2,0.06666666666666667,0.06666666666666667,0.8666666666666667,0.8571428571428571,0.1428571428571429,parent_1,parent_1,True,0.0,0.06666666666666667,0.38666666666666666,True,0.8571428571428571,0.1428571428571429
65,parent_1,sequential_ids,hybrid,False,False,False,0.13333333333333333,0.06666666666666667,0.06666666666666667,0.9,0.8571428571428571,0.1428571428571429,parent_1,parent_2,False,0.0,0.06666666666666667,0.37999999999999995,True,0.8571428571428571,0.1428571428571429
66,parent_2,sequential_ids,hybrid,True,False,False,0.13333333333333333,0.06666666666666667,0.06666666666666667,0.9,0.872093023255814,0.12790697674418605,parent_2,parent_1,False,0.0,0.06666666666666667,0.2674031007751936,False,0.872093023255814,0.12790697674418605
67,parent_1,sequential_ids,hybrid,True,False,False,0.2,0.06666666666666667,0.06666666666666667,0.8666666666666667,0.8571428571428571,0.1428571428571429,parent_1,parent_1,True,0.033333333333333326,0.06666666666666667,0.5366666666666667,True,0.8571428571428571,0.1428571428571429
68,parent_1,sequential_ids,hybrid,False,False,False,0.2,0.06666666666666667,0.06666666666666667,0.8666666666666667,0.8571428571428571,0.1428571428571429,parent_1,parent_1,True,0.0,0.06666666666666667,0.38666666666666666,True,0.8571428571428571,0.1428571428571429
69,parent_1,sequential_ids,hybrid,False,False,False,0.2,0.06666666666666667,0.06666666666666667,0.8666666666666667,0.8571428571428571,0.1428571428571429,parent_1,parent_1,True,0.0,0.06666666666666667,0.38666666666666666,True,0.8571428571428571,0.1428571428571429
70,parent_1,sequential_ids,hybrid,False,False,False,0.13333333333333333,0.0,0.0,0.9333333333333333,0.8571428571428571,0.1428571428571429,parent_1,parent_1,True,0.0,0.0,0.3633333333333333,False,0.8571428571428571,0.1428571428571429
71,parent_1,sequential_ids,hybrid,False,False,False,0.13333333333333333,0.0,0.0,0.9333333333333333,0.8571428571428571,0.1428571428571429,parent_1,parent_2,False,0.0,0.0,0.3633333333333333,False,0.8571428571428571,0.1428571428571429
72,parent_2,sequential_ids,hybrid,True,False,False,0.2,0.0,0.0,0.9,0.872093023255814,0.12790697674418605,parent_2,parent_1,False,0.033333333333333326,0.0,0.4074031007751936,True,0.872093023255814,0.12790697674418605
73,parent_1,sequential_ids,hybrid,True,False,False,0.26666666666666666,0.0,0.0,0.8666666666666667,0.8571428571428571,0.1428571428571429,parent_1,parent_1,True,0.033333333333333326,0.0,0.5266666666666666,True,0.8571428571428571,0.1428571428571429
74,parent_1,sequential_ids,hybrid,False,False,False,0.26666666666666666,0.0,0.0,0.8666666666666667,0.8571428571428571,0.1428571428571429,parent_1,parent_1,True,0.0,0.0,0.37666666666666665,True,0.8571428571428571,0.1428571428571429
75,parent_1,sequential_ids,hybrid,False,False,False,0.26666666666666666,0.0,0.0,0.8666666666666667,0.8571428571428571,0.1428571428571429,parent_1,parent_1,True,0.0,0.0,0.37666666666666665,True,0.8571428571428571,0.1428571428571429
76,parent_1,sequential_ids,hybrid,False,False,False,0.26666666666666666,0.0,0.0,0.8666666666666667,0.8571428571428571,0.1428571428571429,parent_1,parent_1,True,0.0,0.0,0.37666666666666665,True,0.8571428571428571,0.1428571428571429
77,parent_1,sequential_ids,hybrid,False,False,False,0.26666666666666666,0.0,0.0,0.8666666666666667,0.8571428571428571,0.1428571428571429,parent_1,parent_1,True,0.0,0.0,0.37666666666666665,True,0.8571428571428571,0.1428571428571429
78,parent_1,sequential_ids,hybrid,False,False,False,0.26666666666666666,0.0,0.0,0.8666666666666667,0.8571428571428571,0.1428571428571429,parent_1,parent_1,True,0.0,0.0,0.37666666666666665,True,0.8571428571428571,0.1428571428571429
79,parent_1,sequential_ids,hybrid,False,False,False,0.26666666666666666,0.0,0.0,0.8666666666666667,0.8571428571428571,0.1428571428571429,parent_1,parent_2,False,0.0,0.0,0.37666666666666665,True,0.8571428571428571,0.1428571428571429
80,parent_2,low_entropy_repeating,coherent_local,True,True,True,0.3333333333333333,0.06666666666666667,0.06666666666666667,0.8,0.872093023255814,0.12790697674418605,parent_2,parent_0,False,0.06666666666666665,0.06666666666666667,0.5874031007751936,True,0.872093023255814,0.12790697674418605
81,parent_0,low_entropy_repeating,coherent_local,True,False,False,0.3333333333333333,0.06666666666666667,0.06666666666666667,0.8,0.9036144578313253,0.09638554216867468,parent_0,parent_2,False,0.0,0.06666666666666667,0.05,False,0.9036144578313253,0.09638554216867468
82,parent_2,low_entropy_repeating,coherent_local,True,False,False,0.3333333333333333,0.06666666666666667,0.06666666666666667,0.8,0.872093023255814,0.12790697674418605,parent_2,parent_2,True,0.0,0.06666666666666667,0.2874031007751936,False,0.872093023255814,0.12790697674418605
83,parent_2,low_entropy_repeating,coherent_local,False,False,False,0.3333333333333333,0.06666666666666667,0.06666666666666667,0.8,0.872093023255814,0.12790697674418605,parent_2,parent_2,True,0.0,0.06666666666666667,0.2874031007751936,False,0.872093023255814,0.12790697674418605
84,parent_2,low_entropy_repeating,coherent_local,False,False,False,0.3333333333333333,0.06666666666666667,0.06666666666666667,0.8,0.872093023255814,0.12790697674418605,parent_2,parent_2,True,0.0,0.06666666666666667,0.2874031007751936,False,0.872093023255814,0.12790697674418605
85,parent_2,low_entropy_repeating,coherent_local,False,False,False,0.3333333333333333,0.06666666666666667,0.06666666666666667,0.8,0.872093023255814,0.12790697674418605,parent_2,parent_2,True,0.0,0.06666666666666667,0.2874031007751936,False,0.872093023255814,0.12790697674418605
86,parent_2,low_entropy_repeating,coherent_local,False,False,False,0.3333333333333333,0.06666666666666667,0.06666666666666667,0.8,0.872093023255814,0.12790697674418605,parent_2,parent_2,True,0.0,0.06666666666666667,0.2874031007751936,False,0.872093023255814,0.12790697674418605
87,parent_2,low_entropy_repeating,coherent_local,False,False,False,0.26666666666666666,0.06666666666666667,0.06666666666666667,0.8333333333333334,0.872093023255814,0.12790697674418605,parent_2,parent_2,True,0.0,0.06666666666666667,0.28073643410852694,False,0.872093023255814,0.12790697674418605
88,parent_2,low_entropy_repeating,coherent_local,False,False,False,0.2,0.06666666666666667,0.06666666666666667,0.8666666666666667,0.872093023255814,0.12790697674418605,parent_2,parent_2,True,0.0,0.06666666666666667,0.2740697674418603,False,0.872093023255814,0.12790697674418605
89,parent_2,low_entropy_repeating,coherent_local,False,False,False,0.2,0.06666666666666667,0.06666666666666667,0.8666666666666667,0.872093023255814,0.12790697674418605,parent_2,parent_2,True,0.0,0.06666666666666667,0.2740697674418603,False,0.872093023255814,0.12790697674418605
90,parent_2,low_entropy_repeating,coherent_local,False,False,False,0.2,0.06666666666666667,0.06666666666666667,0.8666666666666667,0.872093023255814,0.12790697674418605,parent_2,parent_2,True,0.0,0.06666666666666667,0.2740697674418603,False,0.872093023255814,0.12790697674418605
91,parent_2,low_entropy_repeating,coherent_local,False,False,False,0.2,0.06666666666666667,0.06666666666666667,0.8666666666666667,0.872093023255814,0.12790697674418605,parent_2,parent_2,True,0.0,0.06666666666666667,0.2740697674418603,False,0.872093023255814,0.12790697674418605
92,parent_2,low_entropy_repeating,coherent_local,False,False,False,0.2,0.06666666666666667,0.06666666666666667,0.8666666666666667,0.872093023255814,0.12790697674418605,parent_2,parent_2,True,0.0,0.06666666666666667,0.2740697674418603,False,0.872093023255814,0.12790697674418605
93,parent_2,low_entropy_repeating,coherent_local,False,False,False,0.2,0.06666666666666667,0.06666666666666667,0.8666666666666667,0.872093023255814,0.12790697674418605,parent_2,parent_2,True,0.0,0.06666666666666667,0.2740697674418603,False,0.872093023255814,0.12790697674418605
94,parent_2,low_entropy_repeating,coherent_local,False,False,False,0.2,0.06666666666666667,0.06666666666666667,0.8666666666666667,0.872093023255814,0.12790697674418605,parent_2,parent_2,True,0.0,0.06666666666666667,0.2740697674418603,False,0.872093023255814,0.12790697674418605
95,parent_2,low_entropy_repeating,coherent_local,False,False,False,0.13333333333333333,0.0,0.0,0.9333333333333333,0.872093023255814,0.12790697674418605,parent_2,parent_2,True,0.0,0.0,0.2507364341085269,False,0.872093023255814,0.12790697674418605
96,parent_2,low_entropy_repeating,coherent_local,False,False,False,0.06666666666666667,0.0,0.0,0.9666666666666667,0.872093023255814,0.12790697674418605,parent_2,parent_2,True,0.0,0.0,0.24406976744186026,False,0.872093023255814,0.12790697674418605
97,parent_2,low_entropy_repeating,coherent_local,False,False,False,0.0,0.0,0.0,1.0,0.872093023255814,0.12790697674418605,parent_2,parent_2,True,0.0,0.0,0.2374031007751936,False,0.872093023255814,0.12790697674418605
98,parent_2,low_entropy_repeating,coherent_local,False,False,False,0.0,0.0,0.0,1.0,0.872093023255814,0.12790697674418605,parent_2,parent_2,True,0.0,0.0,0.2374031007751936,False,0.872093023255814,0.12790697674418605
99,parent_2,low_entropy_repeating,coherent_local,False,False,False,0.0,0.0,0.0,1.0,0.872093023255814,0.12790697674418605,parent_2,parent_2,True,0.0,0.0,0.2374031007751936,False,0.872093023255814,0.12790697674418605
100,parent_2,low_entropy_repeating,coherent_local,False,False,False,0.0,0.0,0.0,1.0,0.872093023255814,0.12790697674418605,parent_2,parent_2,True,0.0,0.0,0.2374031007751936,False,0.872093023255814,0.12790697674418605
101,parent_2,low_entropy_repeating,coherent_local,False,False,False,0.0,0.0,0.0,1.0,0.872093023255814,0.12790697674418605,parent_2,parent_2,True,0.0,0.0,0.2374031007751936,False,0.872093023255814,0.12790697674418605
102,parent_2,low_entropy_repeating,coherent_local,False,False,False,0.0,0.0,0.0,1.0,0.872093023255814,0.12790697674418605,parent_2,parent_2,True,0.0,0.0,0.2374031007751936,False,0.872093023255814,0.12790697674418605
103,parent_2,low_entropy_repeating,coherent_local,False,False,False,0.0,0.0,0.0,1.0,0.872093023255814,0.12790697674418605,parent_2,parent_2,True,0.0,0.0,0.2374031007751936,False,0.872093023255814,0.12790697674418605
104,parent_2,low_entropy_repeating,coherent_local,False,False,False,0.0,0.0,0.0,1.0,0.872093023255814,0.12790697674418605,parent_2,parent_2,True,0.0,0.0,0.2374031007751936,False,0.872093023255814,0.12790697674418605
105,parent_2,low_entropy_repeating,coherent_local,False,False,False,0.0,0.0,0.0,1.0,0.872093023255814,0.12790697674418605,parent_2,parent_2,True,0.0,0.0,0.2374031007751936,False,0.872093023255814,0.12790697674418605
106,parent_2,low_entropy_repeating,coherent_local,False,False,False,0.0,0.0,0.0,1.0,0.872093023255814,0.12790697674418605,parent_2,parent_2,True,0.0,0.0,0.2374031007751936,False,0.872093023255814,0.12790697674418605
107,parent_2,low_entropy_repeating,coherent_local,False,False,False,0.0,0.0,0.0,1.0,0.872093023255814,0.12790697674418605,parent_2,parent_2,True,0.0,0.0,0.2374031007751936,False,0.872093023255814,0.12790697674418605
108,parent_2,low_entropy_repeating,coherent_local,False,False,False,0.0,0.0,0.0,1.0,0.872093023255814,0.12790697674418605,parent_2,parent_2,True,0.0,0.0,0.2374031007751936,False,0.872093023255814,0.12790697674418605
109,parent_2,low_entropy_repeating,coherent_local,False,False,False,0.0,0.0,0.0,1.0,0.872093023255814,0.12790697674418605,parent_2,parent_2,True,0.0,0.0,0.2374031007751936,False,0.872093023255814,0.12790697674418605
110,parent_2,low_entropy_repeating,coherent_local,False,False,False,0.0,0.0,0.0,1.0,0.872093023255814,0.12790697674418605,parent_2,parent_2,True,0.0,0.0,0.2374031007751936,False,0.872093023255814,0.12790697674418605
111,parent_2,low_entropy_repeating,coherent_local,False,False,False,0.0,0.0,0.0,1.0,0.872093023255814,0.12790697674418605,parent_2,parent_2,True,0.0,0.0,0.2374031007751936,False,0.872093023255814,0.12790697674418605
112,parent_2,low_entropy_repeating,coherent_local,False,False,False,0.0,0.0,0.0,1.0,0.872093023255814,0.12790697674418605,parent_2,parent_2,True,0.0,0.0,0.2374031007751936,False,0.872093023255814,0.12790697674418605
113,parent_2,low_entropy_repeating,coherent_local,False,False,False,0.0,0.0,0.0,1.0,0.872093023255814,0.12790697674418605,parent_2,parent_2,True,0.0,0.0,0.2374031007751936,False,0.872093023255814,0.12790697674418605
114,parent_2,low_entropy_repeating,coherent_local,False,False,False,0.0,0.0,0.0,1.0,0.872093023255814,0.12790697674418605,parent_2,parent_0,False,0.0,0.0,0.2374031007751936,False,0.872093023255814,0.12790697674418605
115,parent_0,zipfian_smallints,hybrid,True,True,True,0.06666666666666667,0.06666666666666667,0.06666666666666667,0.9333333333333333,0.9036144578313253,0.09638554216867468,parent_0,parent_0,True,0.06666666666666665,0.06666666666666667,0.3233333333333333,False,0.9036144578313253,0.09638554216867468
116,parent_0,zipfian_smallints,hybrid,False,False,False,0.06666666666666667,0.06666666666666667,0.06666666666666667,0.9333333333333333,0.9036144578313253,0.09638554216867468,parent_0,parent_0,True,0.0,0.06666666666666667,0.023333333333333334,False,0.9036144578313253,0.09638554216867468
117,parent_0,zipfian_smallints,hybrid,False,False,False,0.06666666666666667,0.06666666666666667,0.06666666666666667,0.9333333333333333,0.9036144578313253,0.09638554216867468,parent_0,parent_0,True,0.0,0.06666666666666667,0.023333333333333334,False,0.9036144578313253,0.09638554216867468
118,parent_0,zipfian_smallints,hybrid,False,False,False,0.06666666666666667,0.06666666666666667,0.06666666666666667,0.9333333333333333,0.9036144578313253,0.09638554216867468,parent_0,parent_0,True,0.0,0.06666666666666667,0.023333333333333334,False,0.9036144578313253,0.09638554216867468
119,parent_0,zipfian_smallints,hybrid,False,False,False,0.06666666666666667,0.06666666666666667,0.06666666666666667,0.9333333333333333,0.9036144578313253,0.09638554216867468,parent_0,parent_0,True,0.0,0.06666666666666667,0.023333333333333334,False,0.9036144578313253,0.09638554216867468
120,parent_0,zipfian_smallints,hybrid,False,False,False,0.06666666666666667,0.06666666666666667,0.06666666666666667,0.9333333333333333,0.9036144578313253,0.09638554216867468,parent_0,parent_0,True,0.0,0.06666666666666667,0.023333333333333334,False,0.9036144578313253,0.09638554216867468
121,parent_0,zipfian_smallints,hybrid,False,False,False,0.06666666666666667,0.06666666666666667,0.06666666666666667,0.9333333333333333,0.9036144578313253,0.09638554216867468,parent_0,parent_0,True,0.0,0.06666666666666667,0.023333333333333334,False,0.9036144578313253,0.09638554216867468
122,parent_0,zipfian_smallints,hybrid,False,False,False,0.06666666666666667,0.06666666666666667,0.06666666666666667,0.9333333333333333,0.9036144578313253,0.09638554216867468,parent_0,parent_0,True,0.0,0.06666666666666667,0.023333333333333334,False,0.9036144578313253,0.09638554216867468
123,parent_0,zipfian_smallints,hybrid,False,False,False,0.06666666666666667,0.06666666666666667,0.06666666666666667,0.9333333333333333,0.9036144578313253,0.09638554216867468,parent_0,parent_0,True,0.0,0.06666666666666667,0.023333333333333334,False,0.9036144578313253,0.09638554216867468
124,parent_0,zipfian_smallints,hybrid,False,False,False,0.06666666666666667,0.06666666666666667,0.06666666666666667,0.9333333333333333,0.9036144578313253,0.09638554216867468,parent_0,parent_0,True,0.0,0.06666666666666667,0.023333333333333334,False,0.9036144578313253,0.09638554216867468
125,parent_0,zipfian_smallints,hybrid,False,False,False,0.06666666666666667,0.06666666666666667,0.06666666666666667,0.9333333333333333,0.9036144578313253,0.09638554216867468,parent_0,parent_0,True,0.0,0.06666666666666667,0.023333333333333334,False,0.9036144578313253,0.09638554216867468
126,parent_0,zipfian_smallints,hybrid,False,False,False,0.06666666666666667,0.06666666666666667,0.06666666666666667,0.9333333333333333,0.9036144578313253,0.09638554216867468,parent_0,parent_0,True,0.0,0.06666666666666667,0.023333333333333334,False,0.9036144578313253,0.09638554216867468
127,parent_0,zipfian_smallints,hybrid,False,False,False,0.06666666666666667,0.06666666666666667,0.06666666666666667,0.9333333333333333,0.9036144578313253,0.09638554216867468,parent_0,parent_0,True,0.0,0.06666666666666667,0.023333333333333334,False,0.9036144578313253,0.09638554216867468
128,parent_0,zipfian_smallints,hybrid,False,False,False,0.06666666666666667,0.06666666666666667,0.06666666666666667,0.9333333333333333,0.9036144578313253,0.09638554216867468,parent_0,parent_0,True,0.0,0.06666666666666667,0.023333333333333334,False,0.9036144578313253,0.09638554216867468
129,parent_0,zipfian_smallints,hybrid,False,False,False,0.06666666666666667,0.06666666666666667,0.06666666666666667,0.9333333333333333,0.9036144578313253,0.09638554216867468,parent_0,parent_0,True,0.0,0.06666666666666667,0.023333333333333334,False,0.9036144578313253,0.09638554216867468
130,parent_0,zipfian_smallints,hybrid,False,False,False,0.0,0.0,0.0,1.0,0.9036144578313253,0.09638554216867468,parent_0,parent_1,False,0.0,0.0,0.0,False,0.9036144578313253,0.09638554216867468
131,parent_1,zipfian_smallints,hybrid,True,False,False,0.06666666666666667,0.0,0.0,0.9666666666666667,0.8571428571428571,0.1428571428571429,parent_1,parent_0,False,0.033333333333333326,0.0,0.5066666666666667,True,0.8571428571428571,0.1428571428571429
132,parent_0,zipfian_smallints,hybrid,True,False,False,0.13333333333333333,0.0,0.0,0.9333333333333333,0.9036144578313253,0.09638554216867468,parent_0,parent_0,True,0.033333333333333326,0.0,0.16333333333333333,False,0.9036144578313253,0.09638554216867468
133,parent_0,zipfian_smallints,hybrid,False,False,False,0.13333333333333333,0.0,0.0,0.9333333333333333,0.9036144578313253,0.09638554216867468,parent_0,parent_0,True,0.0,0.0,0.013333333333333334,False,0.9036144578313253,0.09638554216867468
134,parent_0,zipfian_smallints,hybrid,False,False,False,0.13333333333333333,0.0,0.0,0.9333333333333333,0.9036144578313253,0.09638554216867468,parent_0,parent_0,True,0.0,0.0,0.013333333333333334,False,0.9036144578313253,0.09638554216867468
135,parent_0,zipfian_smallints,hybrid,False,False,False,0.13333333333333333,0.0,0.0,0.9333333333333333,0.9036144578313253,0.09638554216867468,parent_0,parent_0,True,0.0,0.0,0.013333333333333334,False,0.9036144578313253,0.09638554216867468
136,parent_0,zipfian_smallints,hybrid,False,False,False,0.13333333333333333,0.0,0.0,0.9333333333333333,0.9036144578313253,0.09638554216867468,parent_0,parent_0,True,0.0,0.0,0.013333333333333334,False,0.9036144578313253,0.09638554216867468
137,parent_0,zipfian_smallints,hybrid,False,False,False,0.13333333333333333,0.0,0.0,0.9333333333333333,0.9036144578313253,0.09638554216867468,parent_0,parent_0,True,0.0,0.0,0.013333333333333334,False,0.9036144578313253,0.09638554216867468
138,parent_0,zipfian_smallints,hybrid,False,False,False,0.13333333333333333,0.0,0.0,0.9333333333333333,0.9036144578313253,0.09638554216867468,parent_0,parent_0,True,0.0,0.0,0.013333333333333334,False,0.9036144578313253,0.09638554216867468
139,parent_0,zipfian_smallints,hybrid,False,False,False,0.13333333333333333,0.0,0.0,0.9333333333333333,0.9036144578313253,0.09638554216867468,parent_0,parent_0,True,0.0,0.0,0.013333333333333334,False,0.9036144578313253,0.09638554216867468
140,parent_0,zipfian_smallints,hybrid,False,False,False,0.13333333333333333,0.0,0.0,0.9333333333333333,0.9036144578313253,0.09638554216867468,parent_0,parent_0,True,0.0,0.0,0.013333333333333334,False,0.9036144578313253,0.09638554216867468
141,parent_0,zipfian_smallints,hybrid,False,False,False,0.13333333333333333,0.0,0.0,0.9333333333333333,0.9036144578313253,0.09638554216867468,parent_0,parent_0,True,0.0,0.0,0.013333333333333334,False,0.9036144578313253,0.09638554216867468
142,parent_0,zipfian_smallints,hybrid,False,False,False,0.13333333333333333,0.0,0.0,0.9333333333333333,0.9036144578313253,0.09638554216867468,parent_0,parent_0,True,0.0,0.0,0.013333333333333334,False,0.9036144578313253,0.09638554216867468
143,parent_0,zipfian_smallints,hybrid,False,False,False,0.13333333333333333,0.0,0.0,0.9333333333333333,0.9036144578313253,0.09638554216867468,parent_0,parent_0,True,0.0,0.0,0.013333333333333334,False,0.9036144578313253,0.09638554216867468
144,parent_0,zipfian_smallints,hybrid,False,False,False,0.13333333333333333,0.0,0.0,0.9333333333333333,0.9036144578313253,0.09638554216867468,parent_0,parent_1,False,0.0,0.0,0.013333333333333334,False,0.9036144578313253,0.09638554216867468
145,parent_1,uniform_32bit,simd,True,True,True,0.2,0.06666666666666667,0.06666666666666667,0.8666666666666667,0.8571428571428571,0.1428571428571429,parent_1,parent_1,True,0.06666666666666665,0.06666666666666667,0.6866666666666666,True,0.8571428571428571,0.1428571428571429
146,parent_1,uniform_32bit,simd,False,False,False,0.13333333333333333,0.06666666666666667,0.06666666666666667,0.9,0.8571428571428571,0.1428571428571429,parent_1,parent_1,True,0.0,0.06666666666666667,0.37999999999999995,True,0.8571428571428571,0.1428571428571429
147,parent_1,uniform_32bit,simd,False,False,False,0.06666666666666667,0.06666666666666667,0.06666666666666667,0.9333333333333333,0.8571428571428571,0.1428571428571429,parent_1,parent_1,True,0.0,0.06666666666666667,0.3733333333333333,False,0.8571428571428571,0.1428571428571429
148,parent_1,uniform_32bit,simd,False,False,False,0.06666666666666667,0.06666666666666667,0.06666666666666667,0.9333333333333333,0.8571428571428571,0.1428571428571429,parent_1,parent_1,True,0.0,0.06666666666666667,0.3733333333333333,False,0.8571428571428571,0.1428571428571429
149,parent_1,uniform_32bit,simd,False,False,False,0.06666666666666667,0.06666666666666667,0.06666666666666667,0.9333333333333333,0.8571428571428571,0.1428571428571429,parent_1,parent_1,True,0.0,0.06666666666666667,0.3733333333333333,False,0.8571428571428571,0.1428571428571429
150,parent_1,uniform_32bit,simd,False,False,False,0.06666666666666667,0.06666666666666667,0.06666666666666667,0.9333333333333333,0.8571428571428571,0.1428571428571429,parent_1,parent_1,True,0.0,0.06666666666666667,0.3733333333333333,False,0.8571428571428571,0.1428571428571429
151,parent_1,uniform_32bit,simd,False,False,False,0.06666666666666667,0.06666666666666667,0.06666666666666667,0.9333333333333333,0.8571428571428571,0.1428571428571429,parent_1,parent_1,True,0.0,0.06666666666666667,0.3733333333333333,False,0.8571428571428571,0.1428571428571429
152,parent_1,uniform_32bit,simd,False,False,False,0.06666666666666667,0.06666666666666667,0.06666666666666667,0.9333333333333333,0.8571428571428571,0.1428571428571429,parent_1,parent_1,True,0.0,0.06666666666666667,0.3733333333333333,False,0.8571428571428571,0.1428571428571429
153,parent_1,uniform_32bit,simd,False,False,False,0.06666666666666667,0.06666666666666667,0.06666666666666667,0.9333333333333333,0.8571428571428571,0.1428571428571429,parent_1,parent_1,True,0.0,0.06666666666666667,0.3733333333333333,False,0.8571428571428571,0.1428571428571429
154,parent_1,uniform_32bit,simd,False,False,False,0.06666666666666667,0.06666666666666667,0.06666666666666667,0.9333333333333333,0.8571428571428571,0.1428571428571429,parent_1,parent_1,True,0.0,0.06666666666666667,0.3733333333333333,False,0.8571428571428571,0.1428571428571429
155,parent_1,uniform_32bit,simd,False,False,False,0.06666666666666667,0.06666666666666667,0.06666666666666667,0.9333333333333333,0.8571428571428571,0.1428571428571429,parent_1,parent_1,True,0.0,0.06666666666666667,0.3733333333333333,False,0.8571428571428571,0.1428571428571429
156,parent_1,uniform_32bit,simd,False,False,False,0.06666666666666667,0.06666666666666667,0.06666666666666667,0.9333333333333333,0.8571428571428571,0.1428571428571429,parent_1,parent_1,True,0.0,0.06666666666666667,0.3733333333333333,False,0.8571428571428571,0.1428571428571429
157,parent_1,uniform_32bit,simd,False,False,False,0.06666666666666667,0.06666666666666667,0.06666666666666667,0.9333333333333333,0.8571428571428571,0.1428571428571429,parent_1,parent_2,False,0.0,0.06666666666666667,0.3733333333333333,False,0.8571428571428571,0.1428571428571429
158,parent_2,uniform_32bit,simd,True,False,False,0.13333333333333333,0.06666666666666667,0.06666666666666667,0.9,0.872093023255814,0.12790697674418605,parent_2,parent_1,False,0.033333333333333326,0.06666666666666667,0.41740310077519355,True,0.872093023255814,0.12790697674418605
159,parent_1,uniform_32bit,simd,True,False,False,0.2,0.06666666666666667,0.06666666666666667,0.8666666666666667,0.8571428571428571,0.1428571428571429,parent_1,parent_1,True,0.033333333333333326,0.06666666666666667,0.5366666666666667,True,0.8571428571428571,0.1428571428571429
160,parent_1,uniform_32bit,simd,False,False,False,0.13333333333333333,0.0,0.0,0.9333333333333333,0.8571428571428571,0.1428571428571429,parent_1,parent_1,True,0.0,0.0,0.3633333333333333,False,0.8571428571428571,0.1428571428571429
161,parent_1,uniform_32bit,simd,False,False,False,0.13333333333333333,0.0,0.0,0.9333333333333333,0.8571428571428571,0.1428571428571429,parent_1,parent_1,True,0.0,0.0,0.3633333333333333,False,0.8571428571428571,0.1428571428571429
162,parent_1,uniform_32bit,simd,False,False,False,0.13333333333333333,0.0,0.0,0.9333333333333333,0.8571428571428571,0.1428571428571429,parent_1,parent_1,True,0.0,0.0,0.3633333333333333,False,0.8571428571428571,0.1428571428571429
163,parent_1,uniform_32bit,simd,False,False,False,0.13333333333333333,0.0,0.0,0.9333333333333333,0.8571428571428571,0.1428571428571429,parent_1,parent_1,True,0.0,0.0,0.3633333333333333,False,0.8571428571428571,0.1428571428571429
164,parent_1,uniform_32bit,simd,False,False,False,0.13333333333333333,0.0,0.0,0.9333333333333333,0.8571428571428571,0.1428571428571429,parent_1,parent_1,True,0.0,0.0,0.3633333333333333,False,0.8571428571428571,0.1428571428571429
165,parent_1,uniform_32bit,simd,False,False,False,0.13333333333333333,0.0,0.0,0.9333333333333333,0.8571428571428571,0.1428571428571429,parent_1,parent_1,True,0.0,0.0,0.3633333333333333,False,0.8571428571428571,0.1428571428571429
166,parent_1,uniform_32bit,simd,False,False,False,0.13333333333333333,0.0,0.0,0.9333333333333333,0.8571428571428571,0.1428571428571429,parent_1,parent_1,True,0.0,0.0,0.3633333333333333,False,0.8571428571428571,0.1428571428571429
167,parent_1,uniform_32bit,simd,False,False,False,0.13333333333333333,0.0,0.0,0.9333333333333333,0.8571428571428571,0.1428571428571429,parent_1,parent_1,True,0.0,0.0,0.3633333333333333,False,0.8571428571428571,0.1428571428571429
168,parent_1,uniform_32bit,simd,False,False,False,0.13333333333333333,0.0,0.0,0.9333333333333333,0.8571428571428571,0.1428571428571429,parent_1,parent_1,True,0.0,0.0,0.3633333333333333,False,0.8571428571428571,0.1428571428571429
169,parent_1,uniform_32bit,simd,False,False,False,0.13333333333333333,0.0,0.0,0.9333333333333333,0.8571428571428571,0.1428571428571429,parent_1,parent_0,False,0.0,0.0,0.3633333333333333,False,0.8571428571428571,0.1428571428571429
170,parent_0,uniform_32bit,simd,True,False,False,0.2,0.0,0.0,0.9,0.9036144578313253,0.09638554216867468,parent_0,parent_1,False,0.033333333333333326,0.0,0.16999999999999998,False,0.9036144578313253,0.09638554216867468
171,parent_1,uniform_32bit,simd,True,False,False,0.26666666666666666,0.0,0.0,0.8666666666666667,0.8571428571428571,0.1428571428571429,parent_1,parent_1,True,0.033333333333333326,0.0,0.5266666666666666,True,0.8571428571428571,0.1428571428571429
172,parent_1,uniform_32bit,simd,False,False,False,0.26666666666666666,0.0,0.0,0.8666666666666667,0.8571428571428571,0.1428571428571429,parent_1,parent_1,True,0.0,0.0,0.37666666666666665,True,0.8571428571428571,0.1428571428571429
173,parent_1,uniform_32bit,simd,False,False,False,0.2,0.0,0.0,0.9,0.8571428571428571,0.1428571428571429,parent_1,parent_1,True,0.0,0.0,0.37,False,0.8571428571428571,0.1428571428571429
174,parent_1,uniform_32bit,simd,False,False,False,0.13333333333333333,0.0,0.0,0.9333333333333333,0.8571428571428571,0.1428571428571429,parent_1,parent_1,True,0.0,0.0,0.3633333333333333,False,0.8571428571428571,0.1428571428571429
175,parent_1,uniform_32bit,simd,False,False,False,0.13333333333333333,0.0,0.0,0.9333333333333333,0.8571428571428571,0.1428571428571429,parent_1,parent_1,True,0.0,0.0,0.3633333333333333,False,0.8571428571428571,0.1428571428571429
176,parent_1,uniform_32bit,simd,False,False,False,0.13333333333333333,0.0,0.0,0.9333333333333333,0.8571428571428571,0.1428571428571429,parent_1,parent_1,True,0.0,0.0,0.3633333333333333,False,0.8571428571428571,0.1428571428571429
177,parent_1,uniform_32bit,simd,False,False,False,0.13333333333333333,0.0,0.0,0.9333333333333333,0.8571428571428571,0.1428571428571429,parent_1,parent_1,True,0.0,0.0,0.3633333333333333,False,0.8571428571428571,0.1428571428571429
178,parent_1,uniform_32bit,simd,False,False,False,0.13333333333333333,0.0,0.0,0.9333333333333333,0.8571428571428571,0.1428571428571429,parent_1,parent_1,True,0.0,0.0,0.3633333333333333,False,0.8571428571428571,0.1428571428571429
179,parent_1,uniform_32bit,simd,False,False,False,0.13333333333333333,0.0,0.0,0.9333333333333333,0.8571428571428571,0.1428571428571429,parent_1,parent_1,True,0.0,0.0,0.3633333333333333,False,0.8571428571428571,0.1428571428571429
180,parent_1,uniform_32bit,simd,False,False,False,0.13333333333333333,0.0,0.0,0.9333333333333333,0.8571428571428571,0.1428571428571429,parent_1,parent_1,True,0.0,0.0,0.3633333333333333,False,0.8571428571428571,0.1428571428571429
181,parent_1,uniform_32bit,simd,False,False,False,0.13333333333333333,0.0,0.0,0.9333333333333333,0.8571428571428571,0.1428571428571429,parent_1,parent_1,True,0.0,0.0,0.3633333333333333,False,0.8571428571428571,0.1428571428571429
182,parent_1,uniform_32bit,simd,False,False,False,0.13333333333333333,0.0,0.0,0.9333333333333333,0.8571428571428571,0.1428571428571429,parent_1,parent_1,True,0.0,0.0,0.3633333333333333,False,0.8571428571428571,0.1428571428571429
183,parent_1,uniform_32bit,simd,False,False,False,0.13333333333333333,0.0,0.0,0.9333333333333333,0.8571428571428571,0.1428571428571429,parent_1,parent_1,True,0.0,0.0,0.3633333333333333,False,0.8571428571428571,0.1428571428571429
184,parent_1,uniform_32bit,simd,False,False,False,0.13333333333333333,0.0,0.0,0.9333333333333333,0.8571428571428571,0.1428571428571429,parent_1,parent_1,True,0.0,0.0,0.3633333333333333,False,0.8571428571428571,0.1428571428571429
185,parent_1,uniform_32bit,simd,False,False,False,0.06666666666666667,0.0,0.0,0.9666666666666667,0.8571428571428571,0.1428571428571429,parent_1,parent_1,True,0.0,0.0,0.35666666666666663,False,0.8571428571428571,0.1428571428571429
186,parent_1,uniform_32bit,simd,False,False,False,0.0,0.0,0.0,1.0,0.8571428571428571,0.1428571428571429,parent_1,parent_1,True,0.0,0.0,0.35,False,0.8571428571428571,0.1428571428571429
187,parent_1,uniform_32bit,simd,False,False,False,0.0,0.0,0.0,1.0,0.8571428571428571,0.1428571428571429,parent_1,parent_1,True,0.0,0.0,0.35,False,0.8571428571428571,0.1428571428571429
188,parent_1,uniform_32bit,simd,False,False,False,0.0,0.0,0.0,1.0,0.8571428571428571,0.1428571428571429,parent_1,parent_1,True,0.0,0.0,0.35,False,0.8571428571428571,0.1428571428571429
189,parent_1,uniform_32bit,simd,False,False,False,0.0,0.0,0.0,1.0,0.8571428571428571,0.1428571428571429,parent_1,parent_2,False,0.0,0.0,0.35,False,0.8571428571428571,0.1428571428571429
190,parent_2,clustered_ranges,guarded_fallback,True,True,True,0.06666666666666667,0.06666666666666667,0.06666666666666667,0.9333333333333333,0.872093023255814,0.12790697674418605,parent_2,parent_2,True,0.06666666666666665,0.06666666666666667,0.560736434108527,True,0.872093023255814,0.12790697674418605
191,parent_2,clustered_ranges,guarded_fallback,False,False,False,0.06666666666666667,0.06666666666666667,0.06666666666666667,0.9333333333333333,0.872093023255814,0.12790697674418605,parent_2,parent_2,True,0.0,0.06666666666666667,0.2607364341085269,False,0.872093023255814,0.12790697674418605
192,parent_2,clustered_ranges,guarded_fallback,False,False,False,0.06666666666666667,0.06666666666666667,0.06666666666666667,0.9333333333333333,0.872093023255814,0.12790697674418605,parent_2,parent_2,True,0.0,0.06666666666666667,0.2607364341085269,False,0.872093023255814,0.12790697674418605
193,parent_2,clustered_ranges,guarded_fallback,False,False,False,0.06666666666666667,0.06666666666666667,0.06666666666666667,0.9333333333333333,0.872093023255814,0.12790697674418605,parent_2,parent_2,True,0.0,0.06666666666666667,0.2607364341085269,False,0.872093023255814,0.12790697674418605
194,parent_2,clustered_ranges,guarded_fallback,False,False,False,0.06666666666666667,0.06666666666666667,0.06666666666666667,0.9333333333333333,0.872093023255814,0.12790697674418605,parent_2,parent_2,True,0.0,0.06666666666666667,0.2607364341085269,False,0.872093023255814,0.12790697674418605
195,parent_2,clustered_ranges,guarded_fallback,False,False,False,0.06666666666666667,0.06666666666666667,0.06666666666666667,0.9333333333333333,0.872093023255814,0.12790697674418605,parent_2,parent_2,True,0.0,0.06666666666666667,0.2607364341085269,False,0.872093023255814,0.12790697674418605
196,parent_2,clustered_ranges,guarded_fallback,False,False,False,0.06666666666666667,0.06666666666666667,0.06666666666666667,0.9333333333333333,0.872093023255814,0.12790697674418605,parent_2,parent_2,True,0.0,0.06666666666666667,0.2607364341085269,False,0.872093023255814,0.12790697674418605
197,parent_2,clustered_ranges,guarded_fallback,False,False,False,0.06666666666666667,0.06666666666666667,0.06666666666666667,0.9333333333333333,0.872093023255814,0.12790697674418605,parent_2,parent_1,False,0.0,0.06666666666666667,0.2607364341085269,False,0.872093023255814,0.12790697674418605
198,parent_1,clustered_ranges,guarded_fallback,True,False,False,0.13333333333333333,0.06666666666666667,0.06666666666666667,0.9,0.8571428571428571,0.1428571428571429,parent_1,parent_2,False,0.033333333333333326,0.06666666666666667,0.53,True,0.8571428571428571,0.1428571428571429
199,parent_2,clustered_ranges,guarded_fallback,True,False,False,0.2,0.06666666666666667,0.06666666666666667,0.8666666666666667,0.872093023255814,0.12790697674418605,parent_2,parent_2,True,0.033333333333333326,0.06666666666666667,0.42406976744186026,True,0.872093023255814,0.12790697674418605
200,parent_2,clustered_ranges,guarded_fallback,False,False,False,0.2,0.06666666666666667,0.06666666666666667,0.8666666666666667,0.872093023255814,0.12790697674418605,parent_2,parent_2,True,0.0,0.06666666666666667,0.2740697674418603,False,0.872093023255814,0.12790697674418605
201,parent_2,clustered_ranges,guarded_fallback,False,False,False,0.2,0.06666666666666667,0.06666666666666667,0.8666666666666667,0.872093023255814,0.12790697674418605,parent_2,parent_2,True,0.0,0.06666666666666667,0.2740697674418603,False,0.872093023255814,0.12790697674418605
202,parent_2,clustered_ranges,guarded_fallback,False,False,False,0.2,0.06666666666666667,0.06666666666666667,0.8666666666666667,0.872093023255814,0.12790697674418605,parent_2,parent_2,True,0.0,0.06666666666666667,0.2740697674418603,False,0.872093023255814,0.12790697674418605
203,parent_2,clustered_ranges,guarded_fallback,False,False,False,0.2,0.06666666666666667,0.06666666666666667,0.8666666666666667,0.872093023255814,0.12790697674418605,parent_2,parent_2,True,0.0,0.06666666666666667,0.2740697674418603,False,0.872093023255814,0.12790697674418605
204,parent_2,clustered_ranges,guarded_fallback,False,False,False,0.2,0.06666666666666667,0.06666666666666667,0.8666666666666667,0.872093023255814,0.12790697674418605,parent_2,parent_2,True,0.0,0.06666666666666667,0.2740697674418603,False,0.872093023255814,0.12790697674418605
205,parent_2,clustered_ranges,guarded_fallback,False,False,False,0.13333333333333333,0.0,0.0,0.9333333333333333,0.872093023255814,0.12790697674418605,parent_2,parent_2,True,0.0,0.0,0.2507364341085269,False,0.872093023255814,0.12790697674418605
206,parent_2,clustered_ranges,guarded_fallback,False,False,False,0.13333333333333333,0.0,0.0,0.9333333333333333,0.872093023255814,0.12790697674418605,parent_2,parent_2,True,0.0,0.0,0.2507364341085269,False,0.872093023255814,0.12790697674418605
207,parent_2,clustered_ranges,guarded_fallback,False,False,False,0.13333333333333333,0.0,0.0,0.9333333333333333,0.872093023255814,0.12790697674418605,parent_2,parent_2,True,0.0,0.0,0.2507364341085269,False,0.872093023255814,0.12790697674418605
208,parent_2,clustered_ranges,guarded_fallback,False,False,False,0.13333333333333333,0.0,0.0,0.9333333333333333,0.872093023255814,0.12790697674418605,parent_2,parent_2,True,0.0,0.0,0.2507364341085269,False,0.872093023255814,0.12790697674418605
209,parent_2,clustered_ranges,guarded_fallback,False,False,False,0.13333333333333333,0.0,0.0,0.9333333333333333,0.872093023255814,0.12790697674418605,parent_2,parent_2,True,0.0,0.0,0.2507364341085269,False,0.872093023255814,0.12790697674418605
210,parent_2,clustered_ranges,guarded_fallback,False,False,False,0.13333333333333333,0.0,0.0,0.9333333333333333,0.872093023255814,0.12790697674418605,parent_2,parent_2,True,0.0,0.0,0.2507364341085269,False,0.872093023255814,0.12790697674418605
211,parent_2,clustered_ranges,guarded_fallback,False,False,False,0.13333333333333333,0.0,0.0,0.9333333333333333,0.872093023255814,0.12790697674418605,parent_2,parent_2,True,0.0,0.0,0.2507364341085269,False,0.872093023255814,0.12790697674418605
212,parent_2,clustered_ranges,guarded_fallback,False,False,False,0.13333333333333333,0.0,0.0,0.9333333333333333,0.872093023255814,0.12790697674418605,parent_2,parent_2,True,0.0,0.0,0.2507364341085269,False,0.872093023255814,0.12790697674418605
213,parent_2,clustered_ranges,guarded_fallback,False,False,False,0.06666666666666667,0.0,0.0,0.9666666666666667,0.872093023255814,0.12790697674418605,parent_2,parent_2,True,0.0,0.0,0.24406976744186026,False,0.872093023255814,0.12790697674418605
214,parent_2,clustered_ranges,guarded_fallback,False,False,False,0.0,0.0,0.0,1.0,0.872093023255814,0.12790697674418605,parent_2,parent_2,True,0.0,0.0,0.2374031007751936,False,0.872093023255814,0.12790697674418605
215,parent_2,clustered_ranges,guarded_fallback,False,False,False,0.0,0.0,0.0,1.0,0.872093023255814,0.12790697674418605,parent_2,parent_2,True,0.0,0.0,0.2374031007751936,False,0.872093023255814,0.12790697674418605
216,parent_2,clustered_ranges,guarded_fallback,False,False,False,0.0,0.0,0.0,1.0,0.872093023255814,0.12790697674418605,parent_2,parent_2,True,0.0,0.0,0.2374031007751936,False,0.872093023255814,0.12790697674418605
217,parent_2,clustered_ranges,guarded_fallback,False,False,False,0.0,0.0,0.0,1.0,0.872093023255814,0.12790697674418605,parent_2,parent_2,True,0.0,0.0,0.2374031007751936,False,0.872093023255814,0.12790697674418605
218,parent_2,clustered_ranges,guarded_fallback,False,False,False,0.0,0.0,0.0,1.0,0.872093023255814,0.12790697674418605,parent_2,parent_2,True,0.0,0.0,0.2374031007751936,False,0.872093023255814,0.12790697674418605
219,parent_2,clustered_ranges,guarded_fallback,False,False,False,0.0,0.0,0.0,1.0,0.872093023255814,0.12790697674418605,parent_2,parent_1,False,0.0,0.0,0.2374031007751936,False,0.872093023255814,0.12790697674418605
220,parent_1,clustered_ranges,guarded_fallback,True,False,False,0.06666666666666667,0.0,0.0,0.9666666666666667,0.8571428571428571,0.1428571428571429,parent_1,parent_2,False,0.033333333333333326,0.0,0.5066666666666667,True,0.8571428571428571,0.1428571428571429
221,parent_2,clustered_ranges,guarded_fallback,True,False,False,0.13333333333333333,0.0,0.0,0.9333333333333333,0.872093023255814,0.12790697674418605,parent_2,parent_2,True,0.033333333333333326,0.0,0.4007364341085269,True,0.872093023255814,0.12790697674418605
222,parent_2,clustered_ranges,guarded_fallback,False,False,False,0.13333333333333333,0.0,0.0,0.9333333333333333,0.872093023255814,0.12790697674418605,parent_2,parent_2,True,0.0,0.0,0.2507364341085269,False,0.872093023255814,0.12790697674418605
223,parent_2,clustered_ranges,guarded_fallback,False,False,False,0.13333333333333333,0.0,0.0,0.9333333333333333,0.872093023255814,0.12790697674418605,parent_2,parent_2,True,0.0,0.0,0.2507364341085269,False,0.872093023255814,0.12790697674418605
224,parent_2,clustered_ranges,guarded_fallback,False,False,False,0.13333333333333333,0.0,0.0,0.9333333333333333,0.872093023255814,0.12790697674418605,parent_2,parent_2,True,0.0,0.0,0.2507364341085269,False,0.872093023255814,0.12790697674418605
225,parent_2,clustered_ranges,guarded_fallback,False,False,False,0.13333333333333333,0.0,0.0,0.9333333333333333,0.872093023255814,0.12790697674418605,parent_2,parent_2,True,0.0,0.0,0.2507364341085269,False,0.872093023255814,0.12790697674418605
226,parent_2,clustered_ranges,guarded_fallback,False,False,False,0.13333333333333333,0.0,0.0,0.9333333333333333,0.872093023255814,0.12790697674418605,parent_2,parent_2,True,0.0,0.0,0.2507364341085269,False,0.872093023255814,0.12790697674418605
227,parent_2,clustered_ranges,guarded_fallback,False,False,False,0.13333333333333333,0.0,0.0,0.9333333333333333,0.872093023255814,0.12790697674418605,parent_2,parent_2,True,0.0,0.0,0.2507364341085269,False,0.872093023255814,0.12790697674418605
228,parent_2,clustered_ranges,guarded_fallback,False,False,False,0.13333333333333333,0.0,0.0,0.9333333333333333,0.872093023255814,0.12790697674418605,parent_2,parent_2,True,0.0,0.0,0.2507364341085269,False,0.872093023255814,0.12790697674418605
229,parent_2,clustered_ranges,guarded_fallback,False,False,False,0.13333333333333333,0.0,0.0,0.9333333333333333,0.872093023255814,0.12790697674418605,parent_2,parent_2,True,0.0,0.0,0.2507364341085269,False,0.872093023255814,0.12790697674418605
230,parent_2,clustered_ranges,guarded_fallback,False,False,False,0.13333333333333333,0.0,0.0,0.9333333333333333,0.872093023255814,0.12790697674418605,parent_2,parent_1,False,0.0,0.0,0.2507364341085269,False,0.872093023255814,0.12790697674418605
231,parent_1,clustered_ranges,guarded_fallback,True,False,False,0.2,0.0,0.0,0.9,0.8571428571428571,0.1428571428571429,parent_1,parent_2,False,0.033333333333333326,0.0,0.52,True,0.8571428571428571,0.1428571428571429
232,parent_2,clustered_ranges,guarded_fallback,True,False,False,0.26666666666666666,0.0,0.0,0.8666666666666667,0.872093023255814,0.12790697674418605,parent_2,parent_2,True,0.033333333333333326,0.0,0.41406976744186025,True,0.872093023255814,0.12790697674418605
233,parent_2,clustered_ranges,guarded_fallback,False,False,False,0.26666666666666666,0.0,0.0,0.8666666666666667,0.872093023255814,0.12790697674418605,parent_2,parent_2,True,0.0,0.0,0.2640697674418603,False,0.872093023255814,0.12790697674418605
234,parent_2,clustered_ranges,guarded_fallback,False,False,False,0.26666666666666666,0.0,0.0,0.8666666666666667,0.872093023255814,0.12790697674418605,parent_2,parent_2,True,0.0,0.0,0.2640697674418603,False,0.872093023255814,0.12790697674418605
235,parent_2,clustered_ranges,guarded_fallback,False,False,False,0.2,0.0,0.0,0.9,0.872093023255814,0.12790697674418605,parent_2,parent_2,True,0.0,0.0,0.2574031007751936,False,0.872093023255814,0.12790697674418605
236,parent_2,clustered_ranges,guarded_fallback,False,False,False,0.13333333333333333,0.0,0.0,0.9333333333333333,0.872093023255814,0.12790697674418605,parent_2,parent_2,True,0.0,0.0,0.2507364341085269,False,0.872093023255814,0.12790697674418605
237,parent_2,clustered_ranges,guarded_fallback,False,False,False,0.13333333333333333,0.0,0.0,0.9333333333333333,0.872093023255814,0.12790697674418605,parent_2,parent_2,True,0.0,0.0,0.2507364341085269,False,0.872093023255814,0.12790697674418605
238,parent_2,clustered_ranges,guarded_fallback,False,False,False,0.13333333333333333,0.0,0.0,0.9333333333333333,0.872093023255814,0.12790697674418605,parent_2,parent_2,True,0.0,0.0,0.2507364341085269,False,0.872093023255814,0.12790697674418605
239,parent_2,clustered_ranges,guarded_fallback,False,False,False,0.13333333333333333,0.0,0.0,0.9333333333333333,0.872093023255814,0.12790697674418605,parent_2,parent_2,True,0.0,0.0,0.2507364341085269,False,0.872093023255814,0.12790697674418605
