window,macro_route,macro_route_id,macro_cgcs_score,rolling_stability,rolling_volatility,rolling_switch_rate,rolling_residual,rolling_pressure,decompression_event,future_decompression,decompression_probability,forecast_decompression,reactive_gate,predictive_gate,predictive_action,forecast_hit,avoidable_fallback,reactive_stability,predictive_stability,stability_gain,reactive_switch,predictive_switch,reactive_switch_rate,predictive_switch_rate
0,macro_0,0,0.4273780901119135,0.4273780901119135,0.0,1.0,0.5726219098880865,0.6689949613006185,1,0,0.1812321348242401,0,fallback,watch,monitor,0,0,0.20737809011191352,0.4273780901119135,0.22,1,1,1.0,1.0
1,macro_2,2,0.598516865645476,0.5129474778786948,0.12101338870374445,1.0,0.6080659108250497,0.8702633098087966,0,0,0.2573353942691672,0,watch,watch,monitor,0,0,0.5129474778786948,0.5129474778786948,0.0,1,0,1.0,0.5
2,macro_0,0,0.5774724173471012,0.5344557910348303,0.09332707392417779,1.0,0.5588712828893475,0.783851054118879,0,0,0.23635953105170796,0,watch,watch,monitor,0,0,0.5344557910348303,0.5344557910348303,0.0,0,0,0.6666666666666666,0.3333333333333333
3,macro_0,0,0.6492205307672181,0.5631469759679272,0.0953905910260195,0.75,0.5322436150580924,0.3675469714486545,0,0,0.14155505956032277,0,watch,watch,monitor,0,0,0.5631469759679272,0.5631469759679272,0.0,0,0,0.5,0.25
4,macro_0,0,0.587298127058123,0.5679772061859664,0.08331373993535687,0.6,0.5153365337493905,0.09853648364102645,0,0,0.0,0,watch,watch,monitor,0,0,0.5679772061859664,0.5679772061859664,0.0,0,0,0.4,0.2
5,macro_4,4,0.5597849955783876,0.5666118377513699,0.07459308812072454,0.6666666666666666,0.5079812503693546,0.1841107076298778,0,0,0.0008,0,watch,watch,monitor,0,0,0.5666118377513699,0.5666118377513699,0.0,0,0,0.3333333333333333,0.16666666666666666
6,macro_3,3,0.6815090548728916,0.5830257259115873,0.08076313557501354,0.7142857142857143,0.4977374096634262,0.2573867919202138,0,0,0.0014545454545454547,0,watch,watch,monitor,0,0,0.5830257259115873,0.5830257259115873,0.0,0,0,0.2857142857142857,0.14285714285714285
7,macro_2,2,0.6834176089898956,0.5955747112963758,0.08276888504569795,0.75,0.4871941737493221,0.3059275855953447,0,0,0.0014545454545454547,0,watch,watch,monitor,0,0,0.5955747112963758,0.5955747112963758,0.0,0,0,0.25,0.125
8,macro_0,0,0.44090338531603324,0.5783890084096711,0.09301874941986314,0.7777777777777778,0.514629741010192,0.3906444716321576,0,0,0.039604761904761906,0,watch,watch,monitor,0,0,0.5783890084096711,0.5783890084096711,0.0,0,0,0.2222222222222222,0.1111111111111111
9,macro_3,3,0.49337703826700674,0.5698878113954047,0.09172678847162603,0.8,0.5218389770762214,0.43088192815023457,0,0,0.05755454545454545,0,watch,watch,monitor,0,0,0.5698878113954047,0.5698878113954047,0.0,0,0,0.2,0.1
10,macro_1,1,0.6298433999311429,0.5753383194441081,0.07811008277369019,0.8181818181818182,0.5027717633295821,0.4220008404436922,0,0,0.0002222222222222222,0,watch,watch,monitor,0,0,0.5753383194441081,0.5753383194441081,0.0,0,0,0.18181818181818182,0.09090909090909091
11,macro_3,3,0.6180205868374592,0.5788951750602207,0.0785847042637082,0.8333333333333334,0.4996895292034875,0.4434425784866918,0,0,0.0007222222222222222,0,watch,watch,monitor,0,0,0.5788951750602207,0.5788951750602207,0.0,0,0,0.16666666666666666,0.08333333333333333
12,macro_0,0,0.6112546473552629,0.5942182214971665,0.07861286641180541,0.8461538461538461,0.4843946449146389,0.44860769923347144,0,0,0.0002222222222222222,0,watch,watch,monitor,0,0,0.5942182214971665,0.5942182214971665,0.0,0,0,0.15384615384615385,0.07692307692307693
13,macro_0,0,0.6942598800593778,0.6021968060316584,0.08319184496377695,0.7857142857142857,0.4809950389321186,0.35655923497128017,0,0,0.0022222222222222222,0,watch,watch,monitor,0,0,0.6021968060316584,0.6021968060316584,0.0,0,0,0.14285714285714285,0.07142857142857142
14,macro_4,4,0.7908514235895137,0.6199783898851927,0.10242665013824771,0.8,0.482448260253055,0.4068993165877881,0,0,0.006188888888888889,0,accepted,accepted,retain_compressed,0,0,0.6199783898851927,0.6799783898851928,0.06000000000000005,1,1,0.2,0.13333333333333333
15,macro_0,0,0.5474824215010223,0.6115002141130097,0.10330468035958347,0.8,0.49180446624657376,0.41729903907989296,0,0,0.0037142857142857142,0,watch,watch,monitor,0,0,0.6115002141130097,0.6115002141130097,0.0,1,1,0.2,0.13333333333333333
16,macro_1,1,0.6240997509115291,0.6145670161007936,0.10102052185193004,0.8,0.4864535057511365,0.4089002483890056,0,0,0.0028888888888888888,0,watch,watch,monitor,0,0,0.6145670161007936,0.6145670161007936,0.0,0,0,0.13333333333333333,0.13333333333333333
17,macro_0,0,0.6260952202194926,0.6200928681542189,0.09818962039622942,0.8,0.4780967522420105,0.39679639231072206,0,0,0.0002222222222222222,0,watch,watch,monitor,0,0,0.6200928681542189,0.6200928681542189,0.0,0,0,0.13333333333333333,0.13333333333333333
18,macro_0,0,0.6423106391141858,0.6168263335076601,0.07896822842929622,0.8,0.4621418949216361,0.3546836659460177,0,0,0.004222222222222223,0,watch,watch,monitor,0,0,0.6168263335076601,0.6168263335076601,0.0,0,0,0.13333333333333333,0.13333333333333333
19,macro_4,4,0.52491904206615,0.603618119597348,0.07344071972875241,0.8666666666666667,0.4698226001314044,0.4594220316966506,0,0,0.008316246498599439,0,watch,watch,monitor,0,0,0.603618119597348,0.603618119597348,0.0,0,0,0.13333333333333333,0.13333333333333333
20,macro_4,4,0.656323240510042,0.6215697741968488,0.07387394276598304,0.8,0.45230416856913425,0.33801168011861166,0,0,0.0026111111111111114,0,watch,watch,monitor,0,0,0.6215697741968488,0.6215697741968488,0.0,0,0,0.13333333333333333,0.13333333333333333
21,macro_4,4,0.6172220352451692,0.6318901906116956,0.07389303788586696,0.7333333333333333,0.4420028472741714,0.2231222051641462,0,0,0.0,0,watch,watch,monitor,0,0,0.6318901906116956,0.6318901906116956,0.0,0,0,0.13333333333333333,0.13333333333333333
22,macro_1,1,0.7720447757005597,0.643740305259147,0.08515471223941445,0.7333333333333333,0.4414144069802674,0.23803380673442484,0,0,0.0014545454545454547,0,accepted,accepted,retain_compressed,0,0,0.643740305259147,0.7037403052591471,0.06000000000000005,1,1,0.2,0.2
23,macro_4,4,0.633713472440465,0.6450480457260642,0.08376453348400938,0.7333333333333333,0.43871648775794514,0.2334711210159853,0,0,0.0014545454545454547,0,watch,watch,monitor,0,0,0.6450480457260642,0.6450480457260642,0.0,1,1,0.26666666666666666,0.26666666666666666
24,macro_1,1,0.5402974320982111,0.6391349444546431,0.07134593291168592,0.7333333333333333,0.43221098845704276,0.2099987672856413,0,0,0.0,0,watch,watch,monitor,0,0,0.6391349444546431,0.6391349444546431,0.0,0,0,0.26666666666666666,0.26666666666666666
25,macro_3,3,0.4694663270027502,0.6204021483665908,0.08324221091346047,0.7333333333333333,0.46284006254686966,0.2564530167893908,0,0,0.020154545454545456,0,watch,watch,monitor,0,0,0.6204021483665908,0.6204021483665908,0.0,0,0,0.26666666666666666,0.26666666666666666
26,macro_0,0,0.5738686841387836,0.6023202534123634,0.083853684388825,0.7333333333333333,0.4815334309764616,0.2756594457020377,0,0,0.0014545454545454547,0,watch,watch,monitor,0,0,0.6023202534123634,0.6023202534123634,0.0,0,0,0.26666666666666666,0.26666666666666666
27,macro_4,4,0.513847583082704,0.5995173502108369,0.08820891779029567,0.7333333333333333,0.4886915675794588,0.2886823368021447,0,0,0.01555930735930736,0,watch,watch,monitor,0,0,0.5995173502108369,0.5995173502108369,0.0,0,0,0.26666666666666666,0.26666666666666666
28,macro_0,0,0.5317780262519064,0.5918238731558684,0.08846339324827991,0.8,0.4966395200924115,0.40163601269183524,0,0,0.005885714285714286,0,watch,watch,monitor,0,0,0.5918238731558684,0.5918238731558684,0.0,0,0,0.26666666666666666,0.26666666666666666
29,macro_0,0,0.5850028680556281,0.5883995104755463,0.08606181817009347,0.7333333333333333,0.49766230769454717,0.2945424826995693,0,0,0.004025974025974027,0,watch,watch,monitor,0,0,0.5883995104755463,0.5883995104755463,0.0,0,0,0.2,0.2
30,macro_0,0,0.5677498753570162,0.5821861134957821,0.08290389139312934,0.6666666666666666,0.5007177778973473,0.1884056574011416,0,0,0.0,0,watch,watch,monitor,0,0,0.5821861134957821,0.5821861134957821,0.0,0,0,0.13333333333333333,0.13333333333333333
31,macro_2,2,0.5560698898899629,0.5847820174810998,0.08214604317873768,0.6666666666666666,0.4973640256976379,0.18406837602792844,0,0,0.0,0,watch,watch,monitor,0,0,0.5847820174810998,0.5847820174810998,0.0,0,0,0.13333333333333333,0.13333333333333333
32,macro_2,2,0.6436525666228696,0.5837261279905022,0.052505682711287166,0.6,0.46877955472078503,0.010421839920047679,0,0,0.0,0,watch,watch,monitor,0,0,0.5837261279905022,0.5837261279905022,0.0,0,0,0.13333333333333333,0.13333333333333333
33,macro_2,2,0.5568175961139648,0.5786924247295685,0.04598832271904292,0.6,0.4672958979894744,0.0,0,0,0.0,0,watch,watch,monitor,0,0,0.5786924247295685,0.5786924247295685,0.0,0,0,0.13333333333333333,0.13333333333333333
34,macro_4,4,0.7334543858731184,0.575476558910615,0.07255302316612303,0.6,0.497076464255508,0.06579611204858109,0,0,0.0,0,accepted,accepted,retain_compressed,0,0,0.575476558910615,0.635476558910615,0.06000000000000005,1,1,0.2,0.2
35,macro_4,4,0.40184906250987473,0.5561545247497325,0.08531951609082762,0.6,0.5291649913410952,0.1148811332058095,0,0,0.16715699855699853,0,watch,watch,monitor,0,0,0.5561545247497325,0.5561545247497325,0.0,1,1,0.26666666666666666,0.26666666666666666
36,macro_4,4,0.34941048219471216,0.5402472789244409,0.10929540194711249,0.6,0.5690481230226716,0.18704180726349487,0,0,0.1658961038961039,0,watch,watch,monitor,0,0,0.5402472789244409,0.5402472789244409,0.0,0,0,0.26666666666666666,0.26666666666666666
37,macro_2,2,0.25574533131390864,0.5224371959503707,0.14259900791841293,0.6,0.6201618119680422,0.2830656803740297,0,0,0.08081818181818182,0,watch,watch,monitor,0,0,0.5224371959503707,0.5224371959503707,0.0,0,0,0.2,0.2
38,macro_0,0,0.264515689724783,0.49665777974920405,0.16330395184859536,0.6,0.6666461720993914,0.35721278899121645,0,0,0.07336110776048856,0,watch,watch,monitor,0,0,0.49665777974920405,0.49665777974920405,0.0,0,0,0.13333333333333333,0.13333333333333333
39,macro_0,0,0.43702980669762936,0.4902562983837812,0.1605637873989678,0.5333333333333333,0.6703074890151866,0.25224578612389686,0,0,0.0185390977443609,0,watch,watch,monitor,0,0,0.4902562983837812,0.4902562983837812,0.0,0,0,0.13333333333333333,0.13333333333333333
40,macro_4,4,0.4119421775967399,0.4802699776625173,0.1582826170163954,0.5333333333333333,0.6780126393538781,0.256678141696119,0,0,0.03552380192906509,0,watch,watch,monitor,0,0,0.4802699776625173,0.4802699776625173,0.0,0,0,0.13333333333333333,0.13333333333333333
41,macro_1,1,0.34916774442188003,0.4606170506930383,0.15800420285716343,0.5333333333333333,0.6973871521641252,0.2753297801526268,0,0,0.024515288220551375,0,watch,watch,monitor,0,0,0.4606170506930383,0.4606170506930383,0.0,0,0,0.13333333333333333,0.13333333333333333
42,macro_4,4,0.3355231439984484,0.44126482307982434,0.14331610115366553,0.5333333333333333,0.7020512780738412,0.25970952161989647,0,0,0.07899782790309107,0,watch,watch,monitor,0,0,0.44126482307982434,0.44126482307982434,0.0,0,0,0.13333333333333333,0.13333333333333333
43,macro_3,3,0.28044033334404767,0.4182956933676647,0.13832176719322928,0.5333333333333333,0.7200260738255646,0.27049955358515765,0,1,0.0521334700387332,0,watch,watch,monitor,0,0,0.3182956933676647,0.3782956933676647,0.06,0,0,0.13333333333333333,0.13333333333333333
44,macro_2,2,0.33698242124891714,0.3927398479198354,0.06228117225887867,0.6,0.6695413243390432,0.22110673082514135,0,1,0.028866666666666662,0,watch,watch,monitor,0,0,0.2927398479198354,0.3527398479198354,0.06,0,0,0.13333333333333333,0.13333333333333333
45,macro_0,0,0.3598946679997868,0.37632960391032055,0.059155782801183984,0.6666666666666666,0.6828261788908634,0.3346548813118452,0,1,0.08019206349206345,0,watch,watch,monitor,0,0,0.2763296039103206,0.3363296039103206,0.06,0,0,0.13333333333333333,0.13333333333333333
46,macro_4,4,0.2,0.3318750717542273,0.07317831231038238,0.6666666666666666,0.741303240556155,0.4113930384439255,0,1,0.5633568542568542,1,watch,reroute,predictive_reroute,1,1,0.2318750717542273,0.41187507175422733,0.18000000000000002,0,1,0.13333333333333333,0.2
47,macro_0,0,0.41012273768585794,0.33256454468555924,0.0736668211881877,0.7333333333333333,0.7411022765026285,0.5166626717778896,0,1,0.5665229437229437,1,watch,reroute,predictive_reroute,1,1,0.23256454468555923,0.41256454468555925,0.18000000000000002,0,0,0.13333333333333333,0.2
48,macro_1,1,0.2,0.32011367116933326,0.08309401153136191,0.8,0.7629803403620286,0.6559185362319787,1,1,0.7242046176046181,1,fallback,fallback,protective_fallback,1,1,0.0001136711693332515,0.17011367116933326,0.17,1,1,0.2,0.26666666666666666
49,macro_4,4,0.38459002194825465,0.3308507287221954,0.07718128612057566,0.8,0.7463305573983803,0.6314283021136373,1,1,0.7608704184704189,1,fallback,fallback,protective_fallback,1,1,0.01085072872219539,0.1808507287221954,0.17,0,0,0.13333333333333333,0.2
50,macro_3,3,0.35803497314630967,0.338644002340656,0.07230763259938035,0.8666666666666667,0.7336636302587243,0.7170753788954937,1,1,0.694274025974026,1,fallback,reroute,predictive_reroute,1,1,0.018644002340655996,0.418644002340656,0.4,0,1,0.06666666666666667,0.2
51,macro_1,1,0.3897114118541454,0.33470080277036557,0.07511504916079598,0.9333333333333333,0.7404142463904304,0.8323641343979716,1,1,0.773310056610057,1,fallback,fallback,protective_fallback,1,1,0.014700802770365562,0.18470080277036557,0.17,0,1,0.06666666666666667,0.26666666666666666
52,macro_2,2,0.31990347656228607,0.3270309110174945,0.07504652781196436,0.9333333333333333,0.7480156167944698,0.8397378890380122,1,1,0.7775338661338664,1,fallback,fallback,protective_fallback,1,1,0.007030911017494479,0.1770309110174945,0.17,0,0,0.06666666666666667,0.26666666666666666
53,macro_1,1,0.5133427273703102,0.3407121595965303,0.09382703180598852,0.9333333333333333,0.7531148722094582,0.870579065868221,0,1,0.6843128172996591,1,watch,reroute,predictive_reroute,1,1,0.24071215959653028,0.4207121595965303,0.18000000000000002,1,1,0.13333333333333333,0.3333333333333333
54,macro_3,3,0.4419689386183657,0.34958264248152343,0.09831576870387454,1.0,0.7487331262223511,0.977243330162275,1,0,0.36680073445073436,0,fallback,watch,monitor,0,0,0.12958264248152343,0.34958264248152343,0.22,1,1,0.2,0.4
55,macro_1,1,0.5625143526016303,0.3730888107529886,0.11776128673608417,1.0,0.7446724759830956,1.0,0,0,0.3237891853760275,0,watch,watch,monitor,0,0,0.3730888107529886,0.3730888107529886,0.0,1,0,0.26666666666666666,0.4
56,macro_3,3,0.5049490768332108,0.3870860320516798,0.10537270094527229,1.0,0.7182866688935925,0.9570374296450759,0,0,0.1913372059078208,0,watch,watch,monitor,0,0,0.3870860320516798,0.3870860320516798,0.0,0,0,0.26666666666666666,0.4
57,macro_3,3,0.5211660153679103,0.4005253109990234,0.11124823755357025,0.9333333333333333,0.7107229265545468,0.8528926648777468,0,0,0.33465144722206225,0,watch,watch,monitor,0,0,0.4005253109990234,0.4005253109990234,0.0,0,0,0.26666666666666666,0.4
58,macro_2,2,0.6062166943158048,0.43437670219200714,0.0951439021055351,0.9333333333333333,0.6607671999135281,0.7816629408491732,0,0,0.4872629960447565,0,watch,watch,monitor,0,0,0.43437670219200714,0.43437670219200714,0.0,0,0,0.26666666666666666,0.4
59,macro_2,2,0.6478803216181144,0.4541898341863619,0.1075097791993227,0.8666666666666667,0.6533199450129608,0.6865596706119403,0,0,0.4742570480711615,0,watch,watch,monitor,0,0,0.4541898341863619,0.4541898341863619,0.0,0,0,0.26666666666666666,0.4
60,macro_0,0,0.6641169260528057,0.4928662446907623,0.11038264283746393,0.8666666666666667,0.6175163981467016,0.6553357522915134,0,0,0.4426906564966106,0,watch,watch,monitor,0,0,0.4928662446907623,0.4928662446907623,0.0,0,0,0.26666666666666666,0.4
61,macro_0,0,0.5567745508866587,0.5072149554356293,0.10120849390979705,0.8,0.5939935384741677,0.5148119929946466,0,0,0.20347422711736668,0,watch,watch,monitor,0,0,0.5072149554356293,0.5072149554356293,0.0,0,0,0.26666666666666666,0.3333333333333333
62,macro_3,3,0.5732884171856609,0.5251527424389085,0.06793251119738582,0.8,0.5427797687584773,0.41872778910714936,0,0,0.15053403810360327,0,watch,watch,monitor,0,0,0.5251527424389085,0.5251527424389085,0.0,0,0,0.26666666666666666,0.3333333333333333
63,macro_0,0,0.6032983257706914,0.5429516519319542,0.06713343609179508,0.8,0.524181784159841,0.39935703635778247,0,0,0.1530726717726718,0,watch,watch,monitor,0,0,0.5429516519319542,0.5429516519319542,0.0,0,0,0.2,0.26666666666666666
64,macro_2,2,0.5636328179474732,0.5632624303807197,0.050732663022432754,0.8,0.4874702326417131,0.34073138213274895,0,0,0.023185714285714285,0,watch,watch,monitor,0,0,0.5632624303807197,0.5632624303807197,0.0,0,0,0.2,0.26666666666666666
65,macro_0,0,0.5352154891414671,0.5650851605283161,0.05250456223495494,0.8,0.4874194017066388,0.34311857781769844,0,0,0.00738095238095238,0,watch,watch,monitor,0,0,0.5650851605283161,0.5650851605283161,0.0,0,0,0.2,0.2
66,macro_0,0,0.6121912733793116,0.5792703550917283,0.04662774484228343,0.7333333333333333,0.46735738975055513,0.21053021431426305,0,0,0.0,0,watch,watch,monitor,0,0,0.5792703550917283,0.5792703550917283,0.0,0,0,0.2,0.13333333333333333
67,macro_1,1,0.6431182405638771,0.5859873457552488,0.04289406531441343,0.7333333333333333,0.4569067195591646,0.19512746626581223,0,0,0.0,0,watch,watch,monitor,0,0,0.5859873457552488,0.5859873457552488,0.0,0,0,0.2,0.13333333333333333
68,macro_0,0,0.6529162237116031,0.5983179413284482,0.046005985335710084,0.7333333333333333,0.4476880440072619,0.19035078420751939,0,0,0.0,0,watch,watch,monitor,0,0,0.5983179413284482,0.5983179413284482,0.0,0,0,0.13333333333333333,0.06666666666666667
69,macro_0,0,0.6100703502719677,0.6057266359037863,0.0436034892337425,0.6666666666666666,0.43787685332995624,0.07261209549259147,0,0,0.0,0,watch,watch,monitor,0,0,0.6057266359037863,0.6057266359037863,0.0,0,0,0.06666666666666667,0.0
70,macro_2,2,0.5678329731450082,0.6025279924728867,0.0385712047816812,0.6666666666666666,0.4360432123087945,0.06388903892969261,0,0,0.0,0,watch,watch,monitor,0,0,0.6025279924728867,0.6025279924728867,0.0,0,0,0.0,0.0
71,macro_0,0,0.6640016533397702,0.6038714367830246,0.04245116057185349,0.6666666666666666,0.4385797237888289,0.0717176789659454,0,0,0.0,0,watch,watch,monitor,0,0,0.6038714367830246,0.6038714367830246,0.0,0,0,0.0,0.0
72,macro_3,3,0.6589062465599853,0.6034372134919562,0.04447786991542242,0.7333333333333333,0.4410406564234662,0.18171820197013386,0,0,0.0016,0,watch,watch,monitor,0,0,0.6034372134919562,0.6034372134919562,0.0,0,0,0.0,0.0
73,macro_3,3,0.5552199519403286,0.6033076635797621,0.04788511046225623,0.6666666666666666,0.4445774468824942,0.08508422244695985,0,0,0.0024000000000000002,0,watch,watch,monitor,0,0,0.6033076635797621,0.6033076635797621,0.0,0,0,0.0,0.0
74,macro_3,3,0.7056973632072081,0.614341742414891,0.054441587979723705,0.6666666666666666,0.44009984556483267,0.08970320058137904,0,0,0.0016,0,accepted,accepted,retain_compressed,0,0,0.614341742414891,0.674341742414891,0.05999999999999994,1,1,0.06666666666666667,0.06666666666666667
75,macro_0,0,0.6907431954531875,0.6216288148884322,0.04934174460671281,0.6666666666666666,0.42771292971828057,0.07051910750544349,0,0,0.0,0,watch,watch,monitor,0,0,0.6216288148884322,0.6216288148884322,0.0,1,1,0.13333333333333333,0.13333333333333333
76,macro_4,4,0.6258898682849889,0.6268169024165586,0.04879225020562928,0.7333333333333333,0.42197534778907064,0.16892155752951074,0,0,0.0016,0,watch,watch,monitor,0,0,0.6268169024165586,0.6268169024165586,0.0,0,0,0.13333333333333333,0.13333333333333333
77,macro_2,2,0.5273068828993626,0.6261578518963832,0.05979771086462526,0.7333333333333333,0.4336398589682421,0.19551872211357244,0,0,0.0,0,watch,watch,monitor,0,0,0.6261578518963832,0.6261578518963832,0.0,0,0,0.13333333333333333,0.13333333333333333
78,macro_4,4,0.5280643438586251,0.619147274436326,0.06621066221913981,0.7333333333333333,0.4470633877828138,0.21752733696656693,0,0,0.0024000000000000002,0,watch,watch,monitor,0,0,0.619147274436326,0.619147274436326,0.0,0,0,0.13333333333333333,0.13333333333333333
79,macro_0,0,0.6566701425485288,0.6202765996017138,0.06757812002194137,0.7333333333333333,0.4473015204202276,0.2196421427867955,0,0,0.0,0,watch,watch,monitor,0,0,0.6202765996017138,0.6202765996017138,0.0,0,0,0.13333333333333333,0.13333333333333333
80,macro_2,2,0.5758020791075538,0.6138504208847096,0.066964562677844,0.7333333333333333,0.45311414179313436,0.22450887031662242,0,0,0.0,0,watch,watch,monitor,0,0,0.6138504208847096,0.6138504208847096,0.0,0,0,0.13333333333333333,0.13333333333333333
81,macro_4,4,0.5910835669481957,0.6122681889410619,0.06545225624655315,0.8,0.4531840673054912,0.3272926460377395,0,0,0.006011111111111111,0,watch,watch,monitor,0,0,0.6122681889410619,0.6122681889410619,0.0,0,0,0.13333333333333333,0.13333333333333333
82,macro_4,4,0.5171792401431399,0.6080470445242395,0.06928784900271868,0.7333333333333333,0.46124080447847915,0.23568848024815478,0,0,0.0044,0,watch,watch,monitor,0,0,0.6080470445242395,0.6080470445242395,0.0,0,0,0.13333333333333333,0.13333333333333333
83,macro_0,0,0.6671942677820024,0.6083130957277589,0.07075246554065019,0.7333333333333333,0.46243936981289124,0.23888050326604574,0,0,0.0,0,watch,watch,monitor,0,0,0.6083130957277589,0.6083130957277589,0.0,0,0,0.13333333333333333,0.13333333333333333
84,macro_2,2,0.44326633354094974,0.5903431029761725,0.07891919298207471,0.8,0.4885760900059022,0.38058661764528784,0,0,0.029161904761904764,0,watch,watch,monitor,0,0,0.5903431029761725,0.5903431029761725,0.0,0,0,0.13333333333333333,0.13333333333333333
85,macro_0,0,0.5835789585970685,0.5927063535309008,0.06924331318246617,0.8,0.47653695965156534,0.3554501607091892,0,0,0.002,0,watch,watch,monitor,0,0,0.5927063535309008,0.5927063535309008,0.0,0,0,0.13333333333333333,0.13333333333333333
86,macro_0,0,0.6081781953927524,0.5845797562130296,0.06791420930698105,0.7333333333333333,0.48333445309395145,0.25550513308430345,0,0,0.0013333333333333333,0,watch,watch,monitor,0,0,0.5845797562130296,0.5845797562130296,0.0,0,0,0.13333333333333333,0.13333333333333333
87,macro_2,2,0.6207586412052998,0.5787477100257057,0.06784197123996073,0.7333333333333333,0.48909426121425503,0.2610645242580871,0,0,0.0013333333333333333,0,watch,watch,monitor,0,0,0.5787477100257057,0.5787477100257057,0.0,0,0,0.13333333333333333,0.13333333333333333
88,macro_0,0,0.602184325080023,0.5767722480919585,0.06565073263695799,0.8,0.4888784845449995,0.36263378249414735,0,0,0.0002222222222222222,0,watch,watch,monitor,0,0,0.5767722480919585,0.5767722480919585,0.0,0,0,0.13333333333333333,0.13333333333333333
89,macro_2,2,0.4576916330935973,0.5709709772748114,0.07190604752264963,0.8666666666666667,0.5009350702478382,0.48787777731440113,0,0,0.02294444444444445,0,watch,watch,monitor,0,0,0.5709709772748114,0.5709709772748114,0.0,0,0,0.06666666666666667,0.06666666666666667
90,macro_4,4,0.5138466665982946,0.5697861708364506,0.07368104780567976,0.8666666666666667,0.5038948769692292,0.4932270531715505,0,0,0.010316246498599439,0,watch,watch,monitor,0,0,0.5697861708364506,0.5697861708364506,0.0,0,0,0.0,0.0
91,macro_4,4,0.47891024212678346,0.554972845801305,0.07697219081272579,0.8,0.5219993450114208,0.41074547086874486,0,0,0.09166911217437534,0,watch,watch,monitor,0,0,0.554972845801305,0.554972845801305,0.0,0,0,0.0,0.0
92,macro_4,4,0.43645933502811013,0.5433609504613514,0.0845699915135512,0.7333333333333333,0.5412090410521998,0.33527325890024645,0,0,0.23226839067365385,0,watch,watch,monitor,0,0,0.5433609504613514,0.5433609504613514,0.0,0,0,0.0,0.0
93,macro_3,3,0.3813775591941929,0.5258854498151845,0.08555194034955942,0.7333333333333333,0.5596664905343749,0.3547574734719563,0,0,0.11058213815170334,0,watch,watch,monitor,0,0,0.5258854498151845,0.5258854498151845,0.0,0,0,0.0,0.0
94,macro_0,0,0.5527657458872393,0.5288509919605261,0.08264637642625436,0.7333333333333333,0.5537953844657283,0.3449929597024101,0,0,0.04581921569404406,0,watch,watch,monitor,0,0,0.5288509919605261,0.5288509919605261,0.0,0,0,0.0,0.0
95,macro_1,1,0.6015187063074396,0.5233780285043125,0.08427229016448325,0.7333333333333333,0.5608942616601708,0.35420362536119715,0,0,0.0652599083347367,0,watch,watch,monitor,0,0,0.5233780285043125,0.5233780285043125,0.0,0,0,0.0,0.0
96,macro_4,4,0.45458392905367895,0.5243211614637067,0.08145240315689796,0.7333333333333333,0.5571312416931913,0.3466280536552415,0,0,0.041442977117805486,0,watch,watch,monitor,0,0,0.5243211614637067,0.5243211614637067,0.0,0,0,0.0,0.0
97,macro_0,0,0.5553181678278225,0.5219660955662695,0.07383895893612163,0.8,0.5518728633698522,0.43578528537310474,0,0,0.05998281983184177,0,watch,watch,monitor,0,0,0.5219660955662695,0.5219660955662695,0.0,0,0,0.0,0.0
98,macro_1,1,0.5312344306787828,0.5155541151734386,0.06632584851985676,0.8,0.5507717333464182,0.4243696691476557,0,0,0.07134254441210963,0,watch,watch,monitor,0,0,0.5155541151734386,0.5155541151734386,0.0,0,0,0.0,0.0
99,macro_2,2,0.4109643307946665,0.49807125597255264,0.07084560033648225,0.8,0.5727743443639296,0.45220286720560265,0,0,0.048366184809943584,0,watch,watch,monitor,0,0,0.49807125597255264,0.49807125597255264,0.0,0,0,0.0,0.0
100,macro_0,0,0.469873865324864,0.48704538432628935,0.07068258679475138,0.8,0.583637202468462,0.46265091746794296,0,0,0.05347300742202935,0,watch,watch,monitor,0,0,0.48704538432628935,0.48704538432628935,0.0,0,0,0.0,0.0
101,macro_2,2,0.478872834224923,0.4888104844205665,0.07068308117309245,0.8666666666666667,0.5818725967525259,0.5657131109080443,0,0,0.16274802740834965,0,watch,watch,monitor,0,0,0.4888104844205665,0.4888104844205665,0.0,0,0,0.0,0.0
102,macro_0,0,0.5320196131571705,0.49032489663380613,0.06949609892325964,0.8666666666666667,0.5791712022894535,0.5614264948045979,0,0,0.16327310644581255,0,watch,watch,monitor,0,0,0.49032489663380613,0.49032489663380613,0.0,0,0,0.0,0.0
103,macro_0,0,0.47985470839879124,0.4904036021564735,0.05720525965373816,0.8,0.5668016574972646,0.4275735516215173,0,0,0.05500057634433512,0,watch,watch,monitor,0,0,0.4904036021564735,0.4904036021564735,0.0,0,0,0.0,0.0
104,macro_3,3,0.33070649850781475,0.4815908657797822,0.07700857490323954,0.8,0.5954177091234573,0.4829257252059322,0,0,0.13402891467267342,0,watch,watch,monitor,0,0,0.4815908657797822,0.4815908657797822,0.0,0,0,0.0,0.0
105,macro_3,3,0.616556141081547,0.5011890809370617,0.07964914657283217,0.7333333333333333,0.5784600656357705,0.365102390235233,0,0,0.0422487491235775,0,watch,watch,monitor,0,0,0.5011890809370617,0.5011890809370617,0.0,0,0,0.0,0.0
106,macro_4,4,0.6320330480861761,0.5077946894536397,0.09085170517528018,0.8,0.5830570157216405,0.48982225100914584,0,0,0.08977676662578857,0,watch,watch,monitor,0,0,0.5077946894536397,0.5077946894536397,0.0,0,0,0.0,0.0
107,macro_3,3,0.5230759147735118,0.5012577901591458,0.08937817396276837,0.8666666666666667,0.5881203838036225,0.5975651902555693,0,0,0.10365987874871065,0,watch,watch,monitor,0,0,0.5012577901591458,0.5012577901591458,0.0,0,0,0.0,0.0
108,macro_0,0,0.48218144287087905,0.5035575829772457,0.08884965089321598,0.8666666666666667,0.5852920679159702,0.5940595483740306,0,0,0.12762542433716645,0,watch,watch,monitor,0,0,0.5035575829772457,0.5035575829772457,0.0,0,0,0.0,0.0
109,macro_4,4,0.53883321470059,0.5021838368833097,0.0844035768326957,0.8666666666666667,0.582219739949386,0.5849258332531966,0,0,0.08239211799209539,0,watch,watch,monitor,0,0,0.5021838368833097,0.5021838368833097,0.0,0,0,0.0,0.0
110,macro_2,2,0.5846790802788694,0.506637557683317,0.08636596433153353,0.8666666666666667,0.5797284066482166,0.5851773506693734,0,0,0.13263837598247102,0,watch,watch,monitor,0,0,0.506637557683317,0.506637557683317,0.0,0,0,0.0,0.0
111,macro_4,4,0.5633068007054585,0.5193327635092163,0.08603803877133533,0.8666666666666667,0.566705275262119,0.5719316744231885,0,0,0.13926390731388474,0,watch,watch,monitor,0,0,0.5193327635092163,0.5193327635092163,0.0,0,0,0.0,0.0
112,macro_4,4,0.5852220636745317,0.5289451133716886,0.08791631772123118,0.8,0.5589712043495426,0.462121595660084,0,0,0.08988946503848695,0,watch,watch,monitor,0,0,0.5289451133716886,0.5289451133716886,0.0,0,0,0.0,0.0
113,macro_3,3,0.5479190413874286,0.5346989639685641,0.08590084887404532,0.8,0.5512018849054813,0.4517164426238545,0,0,0.12403606744133061,0,watch,watch,monitor,0,0,0.5346989639685641,0.5346989639685641,0.0,0,0,0.0,0.0
114,macro_1,1,0.680705163387336,0.5470894264877445,0.057579841390750224,0.8,0.5104904149030057,0.3727655250763961,0,0,0.04850721500721502,0,watch,watch,monitor,0,0,0.5470894264877445,0.5470894264877445,0.0,0,0,0.0,0.0
115,macro_2,2,0.5596687341021529,0.553740595296358,0.05585178256308236,0.8,0.5021111872667243,0.3621564791429857,0,0,0.04832943722943723,0,watch,watch,monitor,0,0,0.553740595296358,0.553740595296358,0.0,0,0,0.0,0.0
116,macro_1,1,0.6943262734558965,0.5840422432086981,0.06610199915037633,0.8,0.4820597559416782,0.3565553795521031,0,0,0.0022222222222222222,0,watch,watch,monitor,0,0,0.5840422432086981,0.5840422432086981,0.0,0,0,0.0,0.0
117,macro_3,3,0.7135148283971028,0.5921221338183278,0.07587348635286666,0.8,0.4837513525345389,0.3716573561420449,0,0,0.0037222222222222223,0,accepted,accepted,retain_compressed,0,0,0.5921221338183278,0.6521221338183278,0.06000000000000005,1,1,0.06666666666666667,0.06666666666666667
118,macro_2,2,0.5471382794929522,0.5850475697688925,0.06745139690271709,0.8666666666666667,0.48240382713382457,0.46354458321791425,0,0,0.011297198879551822,0,watch,watch,monitor,0,0,0.5850475697688925,0.5850475697688925,0.0,1,1,0.13333333333333333,0.13333333333333333
119,macro_0,0,0.6380039680695649,0.5946249075435636,0.06443164402731726,0.8666666666666667,0.4698067364837537,0.44701503523730923,0,0,0.005555555555555556,0,watch,watch,monitor,0,0,0.5946249075435636,0.5946249075435636,0.0,0,0,0.13333333333333333,0.13333333333333333
120,macro_2,2,0.7569463977380244,0.6175219871158256,0.0780657776376734,0.9333333333333333,0.4605437905218478,0.5614626541440443,0,0,0.08354920634920633,0,accepted,accepted,retain_compressed,0,0,0.6175219871158256,0.6775219871158256,0.05999999999999994,1,1,0.2,0.2
121,macro_0,0,0.7051929448775891,0.631385297963909,0.07775829599591516,0.9333333333333333,0.4463729980320062,0.5471175722656575,0,0,0.08614444444444441,0,accepted,accepted,retain_compressed,0,0,0.631385297963909,0.691385297963909,0.06000000000000005,0,0,0.2,0.2
122,macro_3,3,0.7700956504570073,0.6468366788120871,0.0842382430659453,0.9333333333333333,0.43740156425385823,0.5472163012121878,0,0,0.08616031746031744,0,accepted,accepted,retain_compressed,0,0,0.6468366788120871,0.706836678812087,0.05999999999999994,0,0,0.2,0.2
123,macro_0,0,0.7954805099204001,0.6661844879133322,0.0835729349043861,0.9333333333333333,0.41738844699105393,0.5266392327834359,0,0,0.11052063492063492,0,accepted,accepted,retain_compressed,0,0,0.6661844879133322,0.7261844879133321,0.05999999999999994,0,0,0.2,0.2
124,macro_0,0,0.6263060016416799,0.6696081494105947,0.08570686582196788,0.8666666666666667,0.4160987164113732,0.4235120589295206,0,0,0.0012222222222222224,0,watch,watch,monitor,0,0,0.6696081494105947,0.6696081494105947,0.0,1,1,0.26666666666666666,0.26666666666666666
125,macro_0,0,0.688834592437768,0.6813511119981229,0.07443763703624122,0.8,0.3930865250381183,0.2806083588449227,0,0,0.0,0,watch,watch,monitor,0,0,0.6813511119981229,0.6813511119981229,0.0,0,0,0.26666666666666666,0.26666666666666666
126,macro_4,4,0.7536678235216902,0.6874313336759857,0.07683028609993876,0.8,0.389398952423953,0.28027642287402454,0,0,0.0014545454545454547,0,accepted,accepted,retain_compressed,0,0,0.6874313336759857,0.7474313336759857,0.05999999999999994,1,1,0.3333333333333333,0.3333333333333333
127,macro_3,3,0.71406159491289,0.7002974054102138,0.0768415474302365,0.8666666666666667,0.37654414202002273,0.37245780284291014,0,0,0.0039575163398692815,0,accepted,accepted,retain_compressed,0,0,0.7002974054102138,0.7602974054102138,0.06000000000000005,0,0,0.3333333333333333,0.3333333333333333
128,macro_1,1,0.7687732877436535,0.7065013232675268,0.05752471737261413,0.8666666666666667,0.3510233941050873,0.3208157541288953,0,0,0.0031111111111111114,0,accepted,accepted,retain_compressed,0,0,0.7065013232675268,0.7665013232675268,0.06000000000000005,0,0,0.3333333333333333,0.3333333333333333
129,macro_0,0,0.84,0.717041754234435,0.06025575754259598,0.8666666666666667,0.34321400330816104,0.31689975434346174,0,0,0.0022222222222222222,0,accepted,accepted,retain_compressed,0,0,0.717041754234435,0.777041754234435,0.06000000000000005,0,0,0.3333333333333333,0.3333333333333333
130,macro_0,0,0.7350346052474337,0.7326997813806417,0.060047301866451346,0.8,0.3273475204858096,0.1962297791268431,0,0,0.0,0,accepted,accepted,retain_compressed,0,0,0.7326997813806417,0.7926997813806418,0.06000000000000005,0,0,0.3333333333333333,0.3333333333333333
131,macro_3,3,0.7718625384817759,0.7438546622483261,0.0594832883207635,0.8,0.3156286260724374,0.1839407324861426,0,0,0.0026,0,accepted,accepted,retain_compressed,0,0,0.7438546622483261,0.803854662248326,0.05999999999999994,0,0,0.3333333333333333,0.3333333333333333
132,macro_4,4,0.746715694505398,0.743002103645607,0.058905624259346784,0.8,0.3159035206137397,0.1834162636868912,0,0,0.0026,0,accepted,accepted,retain_compressed,0,0,0.743002103645607,0.803002103645607,0.05999999999999994,0,0,0.26666666666666666,0.26666666666666666
133,macro_0,0,0.593968207709796,0.7337333755482911,0.0723088413757168,0.8,0.3385754658274257,0.22412569423192885,0,0,0.0,0,watch,watch,monitor,0,0,0.7337333755482911,0.7337333755482911,0.0,1,1,0.26666666666666666,0.26666666666666666
134,macro_2,2,0.6922276649540676,0.7272443767563793,0.06506248341849556,0.8,0.33781810666211626,0.21341471832770045,0,0,0.0,0,watch,watch,monitor,0,0,0.7272443767563793,0.7272443767563793,0.0,0,0,0.26666666666666666,0.26666666666666666
135,macro_3,3,0.7420486960768704,0.722791725602752,0.06343043336801582,0.8,0.34063870776526384,0.21394104975065717,0,0,0.0026,0,accepted,accepted,retain_compressed,0,0,0.722791725602752,0.7827917256027519,0.05999999999999994,1,1,0.26666666666666666,0.26666666666666666
136,macro_0,0,0.721317840449023,0.7307093788366972,0.06324461374830506,0.8,0.33253523491160786,0.20572417240380983,0,0,0.0,0,accepted,accepted,retain_compressed,0,0,0.7307093788366972,0.7907093788366972,0.06000000000000005,0,0,0.26666666666666666,0.26666666666666666
137,macro_2,2,0.8198055462344157,0.7416236249864178,0.06842812350793447,0.8,0.3268044985215167,0.20722357230281374,0,0,0.0013333333333333333,0,accepted,accepted,retain_compressed,0,0,0.7416236249864178,0.8016236249864177,0.05999999999999994,0,0,0.26666666666666666,0.26666666666666666
138,macro_3,3,0.84,0.7488179730262768,0.07479906303341198,0.8,0.32598109000713515,0.21517743328727212,0,0,0.003,0,accepted,accepted,retain_compressed,0,0,0.7488179730262768,0.8088179730262768,0.05999999999999994,0,0,0.26666666666666666,0.26666666666666666
139,macro_2,2,0.6945115112102651,0.7471887993843915,0.06936466844806163,0.8666666666666667,0.32217586906367013,0.30875947047888913,0,0,0.0029495798319327735,0,watch,watch,monitor,0,0,0.7471887993843915,0.7471887993843915,0.0,1,1,0.26666666666666666,0.26666666666666666
140,macro_1,1,0.8311311589502856,0.7523852886516108,0.07562837642415982,0.9333333333333333,0.323243087772549,0.4232184551896494,0,0,0.01635714285714286,0,accepted,accepted,retain_compressed,0,0,0.7523852886516108,0.8123852886516107,0.05999999999999994,1,1,0.3333333333333333,0.3333333333333333
141,macro_0,0,0.6987371995857198,0.7406133886170875,0.07631314754532734,0.9333333333333333,0.3356997589282399,0.43639842836404774,0,0,0.016119047619047616,0,watch,watch,monitor,0,0,0.7406133886170875,0.7406133886170875,0.0,1,1,0.3333333333333333,0.3333333333333333
142,macro_2,2,0.7592385791094622,0.7426303864389232,0.07657352249221254,0.9333333333333333,0.33394313605328935,0.435030755315186,0,0,0.012357142857142856,0,accepted,accepted,retain_compressed,0,0,0.7426303864389232,0.8026303864389233,0.06000000000000005,1,1,0.4,0.4
143,macro_2,2,0.6970335138443855,0.7363946343858073,0.05997656916570479,0.8666666666666667,0.3235819347798975,0.29722813222869204,0,0,0.0012352941176470588,0,watch,watch,monitor,0,0,0.7363946343858073,0.7363946343858073,0.0,1,1,0.4666666666666667,0.4666666666666667
144,macro_0,0,0.613992871652782,0.7253343991480894,0.07215812027329808,0.8666666666666667,0.3468237211252087,0.33681708185656783,0,0,0.0031111111111111114,0,watch,watch,monitor,0,0,0.7253343991480894,0.7253343991480894,0.0,0,0,0.4666666666666667,0.4666666666666667
145,macro_0,0,0.521863772181813,0.7193256961874243,0.10020913068853704,0.8666666666666667,0.3808834345011128,0.40886158662677885,0,0,0.004714285714285714,0,watch,watch,monitor,0,0,0.7193256961874243,0.7193256961874243,0.0,0,0,0.4666666666666667,0.4666666666666667
146,macro_2,2,0.4446147992942203,0.6986912907157702,0.13267529146606605,0.8666666666666667,0.43398400075029586,0.5056856238567875,0,0,0.12291349206349204,0,watch,watch,monitor,0,0,0.6986912907157702,0.6986912907157702,0.0,0,0,0.4666666666666667,0.4666666666666667
147,macro_0,0,0.6335319954499746,0.6896482323301956,0.12564220401420328,0.8666666666666667,0.4359939716840077,0.4979867641955466,0,0,0.029371428571428573,0,watch,watch,monitor,0,0,0.6896482323301956,0.6896482323301956,0.0,0,0,0.4666666666666667,0.4666666666666667
148,macro_0,0,0.6693416941386133,0.685316886804328,0.11127769313789342,0.8,0.4259608063335654,0.3635770042437144,0,0,0.015055555555555555,0,watch,watch,monitor,0,0,0.685316886804328,0.685316886804328,0.0,0,0,0.4,0.4
149,macro_0,0,0.6249694483075712,0.6690805453104244,0.11080326256446763,0.7333333333333333,0.4417227172540432,0.2736146587192797,0,0,0.017449783549783552,0,watch,watch,monitor,0,0,0.6690805453104244,0.6690805453104244,0.0,0,0,0.4,0.4
150,macro_3,3,0.519303503750892,0.6423558372896654,0.09701081316989939,0.7333333333333333,0.454654975880234,0.26734937813252113,0,0,0.006987878787878788,0,watch,watch,monitor,0,0,0.6423558372896654,0.6423558372896654,0.0,0,0,0.3333333333333333,0.3333333333333333
151,macro_1,1,0.59184490265267,0.6338002865765325,0.0929629839907256,0.7333333333333333,0.4591626974141931,0.266210478120731,0,0,0.007625974025974026,0,watch,watch,monitor,0,0,0.6338002865765325,0.6338002865765325,0.0,0,0,0.3333333333333333,0.3333333333333333
152,macro_3,3,0.37138899569079953,0.5954884396382419,0.10301949528883388,0.7333333333333333,0.507531055650592,0.32756228693207967,0,0,0.10816406926406925,0,watch,watch,monitor,0,0,0.5954884396382419,0.5954884396382419,0.0,0,0,0.3333333333333333,0.3333333333333333
153,macro_0,0,0.6020767437616582,0.5874334016529035,0.09385378812128956,0.7333333333333333,0.506420386468386,0.313864257098997,0,0,0.007292640692640693,0,watch,watch,monitor,0,0,0.5874334016529035,0.5874334016529035,0.0,0,0,0.3333333333333333,0.3333333333333333
154,macro_0,0,0.6606102489921896,0.5792143741431308,0.09794136838483807,0.6666666666666666,0.5187269942417072,0.2267819890794919,0,0,0.0026666666666666666,0,watch,watch,monitor,0,0,0.5792143741431308,0.5792143741431308,0.0,0,0,0.26666666666666666,0.26666666666666666
155,macro_4,4,0.5584901345976722,0.567669092539238,0.09687143688629522,0.6666666666666666,0.5292023443470572,0.23560192230185945,0,0,0.0669180375180375,0,watch,watch,monitor,0,0,0.567669092539238,0.567669092539238,0.0,0,0,0.2,0.2
156,macro_3,3,0.4577883825585741,0.5546520517813874,0.09508598480783331,0.6666666666666666,0.5404339330264458,0.24418067250816858,0,0,0.1940887445887446,0,watch,watch,monitor,0,0,0.5546520517813874,0.5546520517813874,0.0,0,0,0.13333333333333333,0.13333333333333333
157,macro_4,4,0.5591152852971079,0.5577563445409952,0.09234110200283634,0.6666666666666666,0.5345847574618411,0.2346587111311837,0,0,0.13364271284271284,0,watch,watch,monitor,0,0,0.5577563445409952,0.5577563445409952,0.0,0,0,0.06666666666666667,0.06666666666666667
158,macro_2,2,0.4913471099225178,0.56165070376002,0.08619279838049834,0.7333333333333333,0.5245420946204783,0.32113080825614765,0,1,0.30381031410969495,0,watch,watch,monitor,0,0,0.46165070376002004,0.52165070376002,0.05999999999999994,0,0,0.0,0.0
159,macro_0,0,0.39869351628691585,0.5420808304964319,0.09199149183653936,0.7333333333333333,0.5499106613401075,0.3540300079677514,0,1,0.3995233087174267,0,watch,watch,monitor,0,0,0.4420808304964319,0.5020808304964318,0.05999999999999994,0,0,0.0,0.0
160,macro_4,4,0.3692236127841708,0.5170709903835616,0.10379599789675903,0.8,0.5867250075131973,0.5112299385500596,0,1,0.482437613461807,0,watch,watch,monitor,0,0,0.41707099038356166,0.47707099038356165,0.06,0,0,0.0,0.0
161,macro_0,0,0.4561143954944847,0.502999735982471,0.10014164831439606,0.8,0.597141912331925,0.5164377490836758,0,1,0.27553937863251815,0,watch,watch,monitor,0,0,0.4029997359824711,0.4629997359824711,0.06,0,0,0.0,0.0
162,macro_1,1,0.47404073818489306,0.4992278388519711,0.09121244455910657,0.8,0.5919846057071355,0.49908937705219814,0,1,0.32886565265089757,0,watch,watch,monitor,0,0,0.3992278388519711,0.4592278388519711,0.06,0,0,0.0,0.0
163,macro_4,4,0.26428635510746856,0.4719312932232043,0.11078822388589364,0.8666666666666667,0.6388569306626893,0.6768597078163343,1,1,0.604847706877164,1,fallback,reroute,predictive_reroute,1,1,0.15193129322320428,0.5519312932232043,0.4,1,1,0.06666666666666667,0.06666666666666667
164,macro_0,0,0.7028058545521052,0.4995493647949798,0.11936934622586484,0.9333333333333333,0.619819981430885,0.7747547162366667,0,1,0.56208907795819,1,accepted,reroute,predictive_reroute,1,1,0.3995493647949798,0.5795493647949798,0.17999999999999994,1,0,0.13333333333333333,0.06666666666666667
165,macro_1,1,0.43457420955774556,0.4855908202779871,0.11591234786055087,0.9333333333333333,0.6303215275825638,0.7803171270964645,1,1,0.4016628792864537,0,fallback,watch,monitor,0,0,0.16559082027798708,0.44559082027798713,0.28,1,1,0.2,0.13333333333333333
166,macro_4,4,0.5749121554415132,0.47844931248209743,0.1213635561004999,0.9333333333333333,0.6429142436184024,0.8001866895642412,0,1,0.7514847684244235,1,watch,fallback,protective_fallback,1,1,0.37844931248209746,0.32844931248209747,-0.04999999999999999,1,1,0.26666666666666666,0.2
167,macro_0,0,0.47513798787951,0.4715033002555839,0.11755067428468681,0.9333333333333333,0.6460473740291028,0.7980204713341347,0,1,0.5662572172065982,1,watch,reroute,predictive_reroute,1,1,0.37150330025558387,0.5515033002555838,0.17999999999999994,0,1,0.26666666666666666,0.26666666666666666
168,macro_4,4,0.5773025503088315,0.48146281423477194,0.12278920101492966,0.9333333333333333,0.6413263867801577,0.8005875762795442,0,1,0.7234371493768044,1,watch,fallback,protective_fallback,1,1,0.3814628142347719,0.331462814234772,-0.04999999999999993,0,1,0.26666666666666666,0.3333333333333333
169,macro_4,4,0.65679396557758,0.4896027042581447,0.13226321336826888,0.9333333333333333,0.6426605091101241,0.8149291928797281,0,1,0.6775005415401966,1,watch,reroute,predictive_reroute,1,1,0.3896027042581447,0.5696027042581446,0.17999999999999994,0,1,0.26666666666666666,0.4
170,macro_2,2,0.4400203479589332,0.4853254740945126,0.1263353430004909,0.9333333333333333,0.6410098689059783,0.8051541047962139,1,0,0.35508385557797334,0,fallback,watch,monitor,0,0,0.26532547409451257,0.4853254740945126,0.22000000000000003,1,1,0.3333333333333333,0.4666666666666667
171,macro_0,0,0.46139376884035305,0.49055049514063237,0.12611641920612526,0.9333333333333333,0.635565924065493,0.7995045603195875,0,0,0.35404089464027555,0,watch,watch,monitor,0,0,0.49055049514063237,0.49055049514063237,0.0,1,0,0.4,0.4666666666666667
172,macro_4,4,0.542221121031203,0.5049669541612184,0.12603200203643633,0.9333333333333333,0.621065047875218,0.7851419971944877,0,0,0.3291632556323676,0,watch,watch,monitor,0,0,0.5049669541612184,0.5049669541612184,0.0,0,0,0.4,0.4666666666666667
173,macro_4,4,0.5793778884589639,0.5152389119082583,0.09165796049127745,0.8666666666666667,0.5764190485830192,0.5892048610175331,0,0,0.1680737197236971,0,watch,watch,monitor,0,0,0.5152389119082583,0.5152389119082583,0.0,0,0,0.4,0.4666666666666667
174,macro_1,1,0.5252897212614159,0.5195096604979687,0.07284030640530667,0.8666666666666667,0.553330645907338,0.5406390659275316,0,0,0.22099005411802344,0,watch,watch,monitor,0,0,0.5195096604979687,0.5195096604979687,0.0,0,0,0.4,0.4666666666666667
175,macro_0,0,0.5022365103349691,0.5393388401002602,0.06616860077962687,0.8666666666666667,0.5268297606793666,0.5054266419128381,0,0,0.25128227912438433,0,watch,watch,monitor,0,0,0.5393388401002602,0.5393388401002602,0.0,0,0,0.4,0.4666666666666667
176,macro_1,1,0.4110940592491565,0.5150295238250145,0.07451985357725348,0.8666666666666667,0.5594903297522389,0.549000786129655,0,0,0.22342063435649845,0,watch,watch,monitor,0,0,0.5150295238250145,0.5150295238250145,0.0,0,0,0.4,0.4666666666666667
177,macro_3,3,0.5382459530692096,0.5236688357843032,0.07323373811614857,0.8666666666666667,0.5495649023318453,0.5374805341066772,0,0,0.39573450652063513,0,watch,watch,monitor,0,0,0.5236688357843032,0.5236688357843032,0.0,0,0,0.4,0.4666666666666667
178,macro_2,2,0.45711107175750776,0.5138520788106361,0.07326677423028514,0.8666666666666667,0.559414695419649,0.5472029478160522,0,0,0.1759896262807535,0,watch,watch,monitor,0,0,0.5138520788106361,0.5138520788106361,0.0,0,0,0.3333333333333333,0.4
179,macro_3,3,0.5480437497318741,0.5199275589649998,0.05510413468361108,0.8666666666666667,0.5351765757186113,0.4984085388093767,0,0,0.17958203063394873,0,watch,watch,monitor,0,0,0.5199275589649998,0.5199275589649998,0.0,0,0,0.26666666666666666,0.4
180,macro_4,4,0.6532508915358088,0.5262565874005812,0.06868207988256124,0.8666666666666667,0.54242549248198,0.5242058713167687,0,0,0.50963285466372,1,watch,reroute,predictive_reroute,0,0,0.5262565874005812,0.6462565874005812,0.12,0,1,0.2,0.4
181,macro_3,3,0.5953423148408156,0.5211356165058508,0.06864829746509779,0.8666666666666667,0.547512680959247,0.5291573375232971,0,1,0.5182676309984964,1,watch,reroute,predictive_reroute,1,1,0.42113561650585085,0.6011356165058508,0.17999999999999994,0,0,0.13333333333333333,0.3333333333333333
182,macro_0,0,0.6006898457135842,0.5345247413187385,0.07173141975559696,0.8666666666666667,0.5372066784368584,0.5232727966207402,0,1,0.5747991014833123,1,watch,reroute,predictive_reroute,1,1,0.4345247413187385,0.6145247413187385,0.17999999999999994,0,0,0.13333333333333333,0.26666666666666666
183,macro_2,2,0.45660064201410694,0.534125314083218,0.07488382132446406,0.8666666666666667,0.5407585072412461,0.5310982352446696,0,1,0.5839070190043875,1,watch,reroute,predictive_reroute,1,1,0.434125314083218,0.6141253140832179,0.17999999999999994,0,0,0.13333333333333333,0.2
184,macro_0,0,0.6266593179216023,0.5411618304907512,0.08097102067199709,0.9333333333333333,0.539809190181246,0.643333288689282,0,1,0.5716803549042206,1,watch,reroute,predictive_reroute,1,1,0.4411618304907512,0.6211618304907511,0.17999999999999994,0,0,0.13333333333333333,0.13333333333333333
185,macro_3,3,0.552550038505256,0.5389261763279422,0.07999511227964964,0.9333333333333333,0.5410689359517075,0.6432286317502252,0,1,0.5496547527286184,1,watch,reroute,predictive_reroute,1,1,0.4389261763279422,0.6189261763279421,0.17999999999999994,0,0,0.06666666666666667,0.06666666666666667
186,macro_1,1,0.4464429996499369,0.5323556161936523,0.07403024902758915,0.9333333333333333,0.5416746328339368,0.6356194110789201,1,0,0.5039159933633617,1,fallback,reroute,predictive_reroute,0,0,0.3123556161936524,0.6523556161936523,0.33999999999999997,1,0,0.06666666666666667,0.06666666666666667
187,macro_2,2,0.7140290773995606,0.5500049967823682,0.0906046641696933,0.9333333333333333,0.540599667387325,0.657360361126214,0,0,0.3565841067079722,0,accepted,accepted,retain_compressed,0,0,0.5500049967823682,0.6100049967823682,0.05999999999999994,1,1,0.13333333333333333,0.13333333333333333
188,macro_3,3,0.5932378077993384,0.5651836424948834,0.08244024757751646,1.0,0.517256605082633,0.7279923841980299,0,0,0.04423233567199085,0,watch,watch,monitor,0,0,0.5651836424948834,0.5651836424948834,0.0,1,1,0.2,0.2
189,macro_0,0,0.6215514421799776,0.5721257665874474,0.08268138718532451,1.0,0.5105556205978771,0.7217406433020025,0,0,0.026333129322784497,0,watch,watch,monitor,0,0,0.5721257665874474,0.5721257665874474,0.0,0,0,0.2,0.2
190,macro_2,2,0.660120521533904,0.5890432207354804,0.08332791269831914,1.0,0.4942846919628387,0.7066444492036201,0,0,0.011775986465641637,0,watch,watch,monitor,0,0,0.5890432207354804,0.5890432207354804,0.0,0,0,0.2,0.2
191,macro_0,0,0.7262262462089625,0.6038917621085711,0.0943785692130219,1.0,0.4904868071044508,0.7181126755354997,0,0,0.007585510275165447,0,accepted,accepted,retain_compressed,0,0,0.6038917621085711,0.6638917621085711,0.06000000000000005,1,1,0.26666666666666666,0.26666666666666666
192,macro_3,3,0.5674989339963925,0.5967457656469531,0.09492625724802407,1.0,0.4981804916010709,0.7264246814318648,0,0,0.007629161068816241,0,watch,watch,monitor,0,0,0.5967457656469531,0.5967457656469531,0.0,1,1,0.3333333333333333,0.3333333333333333
193,macro_0,0,0.7460239365061004,0.6093025674523935,0.09159860780827037,1.0,0.4822960403558768,0.7062419587185318,0,0,0.006585510275165447,0,accepted,accepted,retain_compressed,0,0,0.6093025674523935,0.6693025674523936,0.06000000000000005,1,1,0.4,0.4
194,macro_2,2,0.6263863414019536,0.6114439420930909,0.09159824275837647,1.0,0.4801543006652855,0.7041372945816362,0,0,0.0104378912275464,0,watch,watch,monitor,0,0,0.6114439420930909,0.6114439420930909,0.0,1,1,0.4666666666666667,0.4666666666666667
195,macro_3,3,0.5653321186421177,0.6205048984787586,0.0905518058285345,1.0,0.47004690734977594,0.6927679319153888,0,0,0.01382916106881624,0,watch,watch,monitor,0,0,0.6205048984787586,0.6205048984787586,0.0,0,0,0.4666666666666667,0.4
196,macro_4,4,0.6373076593495685,0.6213922602644223,0.0647897609844539,1.0,0.4433975007200316,0.6311520438655233,0,0,0.04301538040503558,0,watch,watch,monitor,0,0,0.6213922602644223,0.6213922602644223,0.0,0,0,0.4666666666666667,0.4
197,macro_0,0,0.5755692623721104,0.6233105289199935,0.063360992272599,1.0,0.4400504633526055,0.6258985509996324,0,0,0.023210618500273675,0,watch,watch,monitor,0,0,0.6233105289199935,0.6233105289199935,0.0,0,0,0.4666666666666667,0.4
198,macro_0,0,0.6154147406451281,0.6373915073362596,0.06223452714924096,0.9333333333333333,0.42484301981298134,0.504613388305241,0,0,0.04729682539682541,0,watch,watch,monitor,0,0,0.6373915073362596,0.6373915073362596,0.0,0,0,0.4666666666666667,0.4
199,macro_4,4,0.7403670392608386,0.6395863374913661,0.07037319827561464,0.9333333333333333,0.43078686078424855,0.5216471672352246,0,0,0.10037301587301589,0,accepted,accepted,retain_compressed,0,0,0.6395863374913661,0.699586337491366,0.05999999999999994,1,1,0.5333333333333333,0.4666666666666667
200,macro_4,4,0.4642209037529856,0.6288349288208366,0.0904235328275018,0.8666666666666667,0.46158860400666524,0.4746912844837141,0,0,0.03571587301587301,0,watch,watch,monitor,0,0,0.6288349288208366,0.6288349288208366,0.0,1,1,0.6,0.5333333333333333
201,macro_4,4,0.6155799559247054,0.6283373049662306,0.08334863476212617,0.8,0.45501132979589554,0.3537031799191261,0,0,0.004176767676767676,0,watch,watch,monitor,0,0,0.6283373049662306,0.6283373049662306,0.0,0,0,0.5333333333333333,0.5333333333333333
202,macro_4,4,0.6031255151969744,0.6235877211048199,0.08182251185383008,0.7333333333333333,0.4582347907490102,0.24997584043626964,0,0,0.0014545454545454547,0,watch,watch,monitor,0,0,0.6235877211048199,0.6235877211048199,0.0,0,0,0.4666666666666667,0.4666666666666667
203,macro_2,2,0.572792077026243,0.6108015403395932,0.06930622417299422,0.7333333333333333,0.458504683833401,0.23302563978400065,0,0,0.0,0,watch,watch,monitor,0,0,0.6108015403395932,0.6108015403395932,0.0,0,0,0.4,0.4
204,macro_2,2,0.5537650508911277,0.609657050080821,0.07022028636201569,0.6666666666666666,0.46056323628119467,0.13151015010882172,0,0,0.0,0,watch,watch,monitor,0,0,0.609657050080821,0.609657050080821,0.0,0,0,0.4,0.4
205,macro_2,2,0.5380577678998504,0.5923265360303003,0.07198012566904492,0.6,0.47965358963874466,0.047890944447049395,0,0,0.0,0,watch,watch,monitor,0,0,0.5923265360303003,0.5923265360303003,0.0,0,0,0.4,0.4
206,macro_0,0,0.4273317055319388,0.5757386497077991,0.08636134463453037,0.6,0.5106226949267313,0.09809713755921504,0,0,0.037680952380952384,0,watch,watch,monitor,0,0,0.5757386497077991,0.5757386497077991,0.0,0,0,0.3333333333333333,0.3333333333333333
207,macro_4,4,0.23615486343365474,0.5483072117737605,0.13640152574434858,0.6,0.5880943139705881,0.24303657620108196,0,0,0.15949523809523805,0,watch,watch,monitor,0,0,0.5483072117737605,0.5483072117737605,0.0,0,0,0.26666666666666666,0.26666666666666666
208,macro_2,2,0.33866737764046884,0.5234205216313356,0.14636326474543435,0.6,0.6229427431140988,0.29097531506639157,0,0,0.052390476190476196,0,watch,watch,monitor,0,0,0.5234205216313356,0.5234205216313356,0.0,0,0,0.2,0.2
209,macro_4,4,0.4262592350353199,0.5109780193532697,0.12304141783234873,0.6,0.6120633984790791,0.24820913432613212,0,0,0.03981846282372598,0,watch,watch,monitor,0,0,0.5109780193532697,0.5109780193532697,0.0,0,0,0.13333333333333333,0.13333333333333333
210,macro_3,3,0.5150798054206225,0.5026167747512275,0.123477506107482,0.6,0.6208607313562545,0.25745192628448516,0,0,0.02060258980785297,0,watch,watch,monitor,0,0,0.5026167747512275,0.5026167747512275,0.0,0,0,0.13333333333333333,0.13333333333333333
211,macro_1,1,0.4786663176254873,0.48080838128161485,0.11435801153777328,0.6,0.6335496302561584,0.2573749082312314,0,0,0.043555115060378215,0,watch,watch,monitor,0,0,0.48080838128161485,0.48080838128161485,0.0,0,0,0.13333333333333333,0.13333333333333333
212,macro_0,0,0.2534880775237217,0.4632473124291763,0.12198537331132847,0.6,0.6587380608821523,0.2926123494750915,0,0,0.05095107465633781,0,watch,watch,monitor,0,0,0.4632473124291763,0.4632473124291763,0.0,0,0,0.13333333333333333,0.13333333333333333
213,macro_0,0,0.4625854832773597,0.4504977730418975,0.11267899466534319,0.6,0.6621812216234456,0.2831947661671175,0,0,0.012164638869902027,0,watch,watch,monitor,0,0,0.4504977730418975,0.4504977730418975,0.0,0,0,0.13333333333333333,0.13333333333333333
214,macro_0,0,0.41936618238316337,0.43518449530741316,0.10294437540096664,0.5333333333333333,0.6677598800935536,0.17049103621511832,0,0,0.008194941900205057,0,watch,watch,monitor,0,0,0.43518449530741316,0.43518449530741316,0.0,0,0,0.06666666666666667,0.06666666666666667
215,macro_1,1,0.36143214824255465,0.4175711679087724,0.0931336313953949,0.6,0.6755624634866225,0.2694578237650228,0,0,0.03410446570972887,0,watch,watch,monitor,0,0,0.4175711679087724,0.4175711679087724,0.0,0,0,0.0,0.0
216,macro_2,2,0.35625723722098723,0.40111218343626076,0.0928410504862642,0.6666666666666666,0.6917288670500035,0.38973331351184015,0,0,0.08382604282542358,0,watch,watch,monitor,0,0,0.40111218343626076,0.40111218343626076,0.0,0,0,0.0,0.0
217,macro_2,2,0.4379309886426289,0.3927682851648256,0.07762663991229106,0.6666666666666666,0.6848583547474655,0.362056892077561,0,0,0.011866666666666668,0,watch,watch,monitor,0,0,0.3927682851648256,0.3927682851648256,0.0,0,0,0.0,0.0
218,macro_0,0,0.4090298670204463,0.39124313195553456,0.07405549832539614,0.6666666666666666,0.6828123663698616,0.3551349230379594,0,0,0.0098,0,watch,watch,monitor,0,0,0.39124313195553456,0.39124313195553456,0.0,0,0,0.0,0.0
219,macro_0,0,0.30022583429309213,0.39658237952715436,0.0816918677311339,0.6666666666666666,0.6851094882039795,0.3678950818397135,0,0,0.039066666666666666,0,watch,watch,monitor,0,0,0.39658237952715436,0.39658237952715436,0.0,0,0,0.0,0.0
220,macro_0,0,0.29007273959437274,0.3925328263566463,0.07715255685319512,0.6666666666666666,0.6846197304965488,0.3611703834598443,0,0,0.040266666666666666,0,watch,watch,monitor,0,0,0.3925328263566463,0.3925328263566463,0.0,0,0,0.0,0.0
221,macro_2,2,0.3829557357393756,0.38892420141531764,0.06858728476593505,0.6666666666666666,0.6796630833506174,0.34451971514188834,0,0,0.05933174603174603,0,watch,watch,monitor,0,0,0.38892420141531764,0.38892420141531764,0.0,0,0,0.0,0.0
222,macro_2,2,0.5200663331491536,0.3893397453926953,0.07117863805436281,0.6,0.6818388926616676,0.24542643233641548,0,0,0.009176190476190477,0,watch,watch,monitor,0,0,0.3893397453926953,0.3893397453926953,0.0,0,0,0.0,0.0
223,macro_3,3,0.4545154681194471,0.3873271746005253,0.0703555276854538,0.6,0.6830283530849285,0.24546288720562426,0,0,0.010666666666666668,0,watch,watch,monitor,0,0,0.3873271746005253,0.3873271746005253,0.0,0,0,0.0,0.0
224,macro_0,0,0.41753846647494663,0.40099804034646075,0.07028229299154488,0.6,0.6692842526450841,0.23185920269065438,0,0,0.0013333333333333333,0,watch,watch,monitor,0,0,0.40099804034646075,0.40099804034646075,0.0,0,0,0.0,0.0
225,macro_0,0,0.28499210461933244,0.3861985921249584,0.07784718218821927,0.5333333333333333,0.6916485900632608,0.15944101500592162,0,0,0.019866666666666668,0,watch,watch,monitor,0,0,0.3861985921249584,0.3861985921249584,0.0,0,0,0.0,0.0
226,macro_0,0,0.3064713303074903,0.37679068778531905,0.08142487343437198,0.4666666666666667,0.7046341856490529,0.07232450175086727,0,0,0.0820095238095238,0,watch,watch,monitor,0,0,0.37679068778531905,0.37679068778531905,0.0,0,0,0.0,0.0
227,macro_1,1,0.42666961763391076,0.382227143567932,0.08061432057355132,0.4666666666666667,0.6983871770056193,0.06507223535250259,0,0,0.018466666666666666,0,watch,watch,monitor,0,0,0.382227143567932,0.382227143567932,0.0,0,0,0.0,0.0
228,macro_4,4,0.44074133725614006,0.389267485237528,0.08251704380205131,0.5333333333333333,0.6932495585645233,0.16743699179503652,0,0,0.014254545454545456,0,watch,watch,monitor,0,0,0.389267485237528,0.389267485237528,0.0,0,0,0.0,0.0
229,macro_2,2,0.3158239207815422,0.37909189624910417,0.0809226220001338,0.6,0.7018307257510297,0.27846973166751976,0,0,0.05938095238095239,0,watch,watch,monitor,0,0,0.37909189624910417,0.37909189624910417,0.0,0,0,0.0,0.0
230,macro_2,2,0.47164932446703955,0.38431018436965364,0.07782091926086528,0.5333333333333333,0.6935107348912116,0.16123436479025555,0,0,0.010933333333333333,0,watch,watch,monitor,0,0,0.38431018436965364,0.38431018436965364,0.0,0,0,0.0,0.0
231,macro_2,2,0.4232914980112057,0.3945656563461631,0.0777612593324901,0.4666666666666667,0.6831956029863271,0.04622299897400564,0,0,0.0002666666666666667,0,watch,watch,monitor,0,0,0.3945656563461631,0.3945656563461631,0.0,0,0,0.0,0.0
232,macro_2,2,0.4498808178906907,0.4078829962041896,0.06901514739762912,0.4666666666666667,0.6611321511934395,0.012516937837212814,0,0,0.007066666666666666,0,watch,watch,monitor,0,0,0.4078829962041896,0.4078829962041896,0.0,0,0,0.0,0.0
233,macro_4,4,0.5832503781941486,0.424574216408754,0.0894652379956518,0.4666666666666667,0.6648910215868977,0.04433765750280299,0,0,0.037784848484848484,0,watch,watch,monitor,0,0,0.424574216408754,0.424574216408754,0.0,0,0,0.0,0.0
234,macro_1,1,0.4871715889656076,0.42183298772679184,0.09259660109410797,0.5333333333333333,0.670763613367316,0.1592093618095566,0,0,0.025794941900205058,0,watch,watch,monitor,0,0,0.42183298772679184,0.42183298772679184,0.0,0,0,0.0,0.0
235,macro_3,3,0.44296420315824464,0.4208703823133583,0.07978419398440918,0.6,0.6589138116710508,0.23473997615795078,0,0,0.0002666666666666667,0,watch,watch,monitor,0,0,0.4208703823133583,0.4208703823133583,0.0,0,0,0.0,0.0
236,macro_3,3,0.4063755489585281,0.4199401391869901,0.06719209044784989,0.5333333333333333,0.6472519512608598,0.1011679309034205,0,0,0.011809523809523808,0,watch,watch,monitor,0,0,0.4199401391869901,0.4199401391869901,0.0,0,0,0.0,0.0
237,macro_2,2,0.5215388661030804,0.4396523693106357,0.07094330077218741,0.6,0.6312909314615516,0.19544166331620838,0,0,0.006242857142857142,0,watch,watch,monitor,0,0,0.4396523693106357,0.4396523693106357,0.0,0,0,0.0,0.0
238,macro_0,0,0.5168169922500875,0.45718117447251877,0.07336901310160325,0.6,0.6161878386290845,0.18393997329416767,0,0,0.009176190476190475,0,watch,watch,monitor,0,0,0.45718117447251877,0.45718117447251877,0.0,0,0,0.0,0.0
239,macro_3,3,0.6655743395682583,0.4770899013003811,0.07914554619902284,0.6,0.6020556448986417,0.17800098860991295,0,0,0.028903174603174604,0,watch,watch,monitor,0,0,0.4770899013003811,0.4770899013003811,0.0,0,0,0.0,0.0
