window_id,truth_regime,approx_entropy_bits,repetition_ratio,locality_small_delta_ratio,cache_window_reuse_proxy,branch_pressure_score,coherence_score,hardware_pressure_proxy,delta_abs_mean,entropy_norm,branch_norm,delta_norm,predicted_regime_tree,predicted_regime_forest,predicted_regime,regime_prediction_correct,regime_confidence,regime_probability,policy_from_truth,policy_from_predicted_regime,policy_correct_from_regime
0,low_entropy_repeating,2.0243773663803544,0.9692003178751901,1.0,0.9682169414917363,0.0,0.9109346147941304,0.02383521209501856,0.0,0.19847256593475074,0.0,0.0,low_entropy_repeating,low_entropy_repeating,low_entropy_repeating,True,1.0,1.0,coherent_local,coherent_local,True
1,low_entropy_repeating,1.9747005926125134,0.9896639768499143,0.9744086821727926,0.9663819392458848,0.04333375806286845,0.9519809209268364,0.05381723620904098,0.0,0.19287548691013223,0.050301638136070796,0.0,low_entropy_repeating,low_entropy_repeating,low_entropy_repeating,True,1.0,1.0,coherent_local,coherent_local,True
2,low_entropy_repeating,2.037400747380164,0.9728141507423352,1.0,0.91123352197513,0.04635350903921817,0.9485022226704124,0.014454129093642184,0.0,0.19993990946563917,0.053806951952911165,0.0,low_entropy_repeating,low_entropy_repeating,low_entropy_repeating,True,1.0,1.0,coherent_local,coherent_local,True
3,low_entropy_repeating,1.9455256364476847,1.0,0.9953641155379359,0.9271501653351067,0.009435993485353114,0.9659692755666004,0.030963321930922348,0.0,0.18958834640544756,0.0109532602518789,0.0,low_entropy_repeating,low_entropy_repeating,low_entropy_repeating,True,1.0,1.0,coherent_local,coherent_local,True
4,sequential_ids,9.033018608927678,0.008616420060157655,1.0,0.0,0.1846327181278539,0.5255868181525637,0.26847938267726484,0.0,0.9881357407831278,0.2143208572372709,0.0,sequential_ids,sequential_ids,sequential_ids,True,1.0,1.0,hybrid,hybrid,True
5,sequential_ids,9.090317783417671,0.0,0.9747953056911242,0.0,0.21951778363474103,0.5722976251361033,0.2662946280491558,0.0,0.9945916352251601,0.25481528975186474,0.0,sequential_ids,sequential_ids,sequential_ids,True,1.0,1.0,hybrid,hybrid,True
6,sequential_ids,8.946759223416905,0.0046432264613343955,1.0,0.006560657901870388,0.22614286333844572,0.5567078664632406,0.2703674068921568,0.0,0.9784169011584948,0.2625056534954131,0.0,sequential_ids,sequential_ids,sequential_ids,True,1.0,1.0,hybrid,hybrid,True
7,sequential_ids,9.005406325559111,0.005782387973799683,1.0,0.0,0.19040986350928096,0.5358888203712162,0.23083366455269974,0.0,0.9850246665256431,0.22102694250258337,0.0,sequential_ids,sequential_ids,sequential_ids,True,1.0,1.0,hybrid,hybrid,True
8,uniform_32bit,8.977988619901865,0.029898826224687917,0.0,0.029048350637744424,0.6695139068515258,0.06995344910042675,0.9148825919531502,0.0,0.9819355153268452,0.777168834991257,0.0,uniform_32bit,uniform_32bit,uniform_32bit,True,1.0,1.0,simd,simd,True
9,uniform_32bit,9.046897786508742,0.0142245315958571,0.023800417055997756,0.0,0.7061294462200629,0.10573927643771461,0.9042608702535516,0.0,0.9896995068618384,0.8196719940480159,0.0,uniform_32bit,uniform_32bit,uniform_32bit,True,1.0,1.0,simd,simd,True
10,uniform_32bit,8.897945094132966,0.0,0.0,0.01491482232161292,0.7242727720821169,0.10071456062203304,0.897182420609904,0.0,0.9729170162344656,0.8407326879018424,0.0,uniform_32bit,uniform_32bit,uniform_32bit,True,1.0,1.0,simd,simd,True
11,uniform_32bit,9.012683175286137,0.012511807879346734,0.0,0.013703257126722343,0.7001422217680005,0.06910838460304784,0.8985478631800502,0.0,0.985844548733831,0.8127220499100035,0.0,uniform_32bit,uniform_32bit,uniform_32bit,True,1.0,1.0,simd,simd,True
12,zipfian_smallints,0.4043328283528768,0.8097394496157116,0.2559179297939183,0.3503748235618306,0.7344223997671773,0.4333959352808983,0.7999615532691836,0.0,0.01594224814242691,0.8525143316330198,0.0,zipfian_smallints,zipfian_smallints,zipfian_smallints,True,1.0,1.0,hybrid,hybrid,True
13,zipfian_smallints,0.4921211612392461,0.791534033759117,0.26760845367280806,0.29937996698125907,0.6765866258273073,0.38031901162936793,0.7500825951719555,0.0,0.025833354173201675,0.7853788164574788,0.0,zipfian_smallints,zipfian_smallints,zipfian_smallints,True,1.0,1.0,hybrid,hybrid,True
14,zipfian_smallints,0.531981938137875,0.7818904188927989,0.25865512337881835,0.3889768489335819,0.7093120808681572,0.44212546705401257,0.7519914695997038,0.0,0.030324465438336685,0.8233663825235205,0.0,zipfian_smallints,zipfian_smallints,zipfian_smallints,True,1.0,1.0,hybrid,hybrid,True
15,zipfian_smallints,0.4835649953705896,0.7809995589017884,0.2598290077229831,0.37520924412372186,0.6681803873042296,0.4330327093063757,0.7871320680699684,0.0,0.02486933149454664,0.775620891292994,0.0,zipfian_smallints,zipfian_smallints,zipfian_smallints,True,1.0,1.0,hybrid,hybrid,True
16,clustered_ranges,3.3524680035442564,0.9510788429122309,0.0021638852314160855,0.0,0.7969802863406411,0.1806555643657033,1.0,0.0,0.34810845579349314,0.9251312546427995,0.0,clustered_ranges,clustered_ranges,clustered_ranges,True,1.0,1.0,guarded_fallback,guarded_fallback,True
17,clustered_ranges,3.380851549802158,0.9595300501475627,0.0053782690486894845,0.016599900519152954,0.8307756272572131,0.20505333737743736,1.0,0.0,0.35130642819296554,0.964360739586253,0.0,clustered_ranges,clustered_ranges,clustered_ranges,True,1.0,1.0,guarded_fallback,guarded_fallback,True
18,clustered_ranges,3.517064231297565,0.956224738913543,0.0,0.0,0.778305705905327,0.13869941557331072,1.0,0.0,0.36665350258326207,0.9034538827878754,0.0,clustered_ranges,clustered_ranges,clustered_ranges,True,0.95,0.975,guarded_fallback,guarded_fallback,True
19,clustered_ranges,3.382222184232098,0.9505838741099468,0.0,0.019405415423505858,0.8151437970368315,0.23990192675075359,1.0,0.0,0.35146085748932226,0.9462153789644172,0.0,clustered_ranges,clustered_ranges,clustered_ranges,True,1.0,1.0,guarded_fallback,guarded_fallback,True
20,low_entropy_repeating,2.03315275466208,0.9702092375993627,0.9360386115780608,0.9480313438703151,0.0,0.9375392821946094,0.0016370960282057583,0.0,0.19946128838911278,0.0,0.0,low_entropy_repeating,low_entropy_repeating,low_entropy_repeating,True,1.0,1.0,coherent_local,coherent_local,True
21,low_entropy_repeating,1.988736729086689,1.0,1.0,0.9352409548888393,0.0,0.8997595116588692,0.005410762727800075,0.0,0.19445693753761137,0.0,0.0,low_entropy_repeating,low_entropy_repeating,low_entropy_repeating,True,1.0,1.0,coherent_local,coherent_local,True
22,low_entropy_repeating,1.9956973959345343,1.0,1.0,0.9694821853306916,0.005021132043825439,0.9144516870074892,0.0,0.0,0.19524119544037907,0.005828508266823006,0.0,low_entropy_repeating,low_entropy_repeating,low_entropy_repeating,True,1.0,1.0,coherent_local,coherent_local,True
23,low_entropy_repeating,1.9419819148371398,1.0,0.9753583996232684,0.9651546761120903,0.0,0.9779471903862272,0.031548528983175894,0.0,0.18918907551100173,0.0,0.0,low_entropy_repeating,low_entropy_repeating,low_entropy_repeating,True,1.0,1.0,coherent_local,coherent_local,True
24,sequential_ids,8.987468968187352,0.0,0.9803563691371183,0.013382166044462416,0.18635049558977662,0.5132318270869826,0.21166187277041143,0.0,0.9830036655811824,0.21631484585378039,0.0,sequential_ids,sequential_ids,sequential_ids,True,1.0,1.0,hybrid,hybrid,True
25,sequential_ids,9.01380703341777,0.0315818251282087,1.0,0.0,0.2085747841880763,0.5891800522512047,0.25658147504091566,0.0,0.985971173759937,0.2421127035258845,0.0,sequential_ids,sequential_ids,sequential_ids,True,1.0,1.0,hybrid,hybrid,True
26,sequential_ids,8.967125821533301,0.022125774201197778,1.0,0.04607267975987976,0.2054970331166572,0.5132659290483851,0.20895522402263006,0.0,0.9807116045072439,0.2385400634506152,0.0,sequential_ids,sequential_ids,sequential_ids,True,1.0,1.0,hybrid,hybrid,True
27,sequential_ids,9.1320742345785,0.034473314415665944,0.994614423601522,0.0,0.24384332876726608,0.5167886295386954,0.2231581894313252,0.0,0.999296331992044,0.2830522768819382,0.0,sequential_ids,sequential_ids,sequential_ids,True,1.0,1.0,hybrid,hybrid,True
28,uniform_32bit,9.051466143575123,0.0,0.0,0.0,0.7301272364639679,0.1222244558394115,0.9127175472070524,0.0,0.9902142233696517,0.8475285247270063,0.0,uniform_32bit,uniform_32bit,uniform_32bit,True,0.9666666666666666,0.9833333333333333,simd,simd,True
29,uniform_32bit,9.05151510346215,0.0,0.0,0.0,0.6834356081872911,0.05365542899213748,0.8999762967789756,0.0,0.9902197396770913,0.7933290854318985,0.0,uniform_32bit,uniform_32bit,uniform_32bit,True,1.0,1.0,simd,simd,True
30,uniform_32bit,9.07327220338848,0.0,0.0009189447778325233,0.0,0.7101698071691411,0.11008273475913813,0.9261434631101179,0.0,0.9926711107786712,0.8243620274881065,0.0,uniform_32bit,uniform_32bit,uniform_32bit,True,1.0,1.0,simd,simd,True
31,uniform_32bit,9.106991848595419,0.0,0.0,0.0,0.7272749037381366,0.08529720075361133,0.877468357832999,0.0,0.9964703011163397,0.8442175492881745,0.0,uniform_32bit,uniform_32bit,uniform_32bit,True,1.0,1.0,simd,simd,True
32,zipfian_smallints,0.5072391825302299,0.8045645666027782,0.34552422112601766,0.40630533833845006,0.6944026994832354,0.4113784991535247,0.7360967399448899,0.0,0.02753670069600424,0.8060596373718778,0.0,zipfian_smallints,zipfian_smallints,zipfian_smallints,True,1.0,1.0,hybrid,hybrid,True
33,zipfian_smallints,0.45274343888292107,0.8063121000718069,0.306175608626647,0.3281274848676917,0.7003756067979661,0.35558132910784035,0.7751200223836529,0.0,0.021396668633439066,0.8129929622390629,0.0,zipfian_smallints,zipfian_smallints,zipfian_smallints,True,1.0,1.0,hybrid,hybrid,True
34,zipfian_smallints,0.4150068470512349,0.7894112114526786,0.24369417665497237,0.34717212337242326,0.667268148259301,0.37598864263827025,0.843877413360849,0.0,0.017144889168274724,0.7745619681720172,0.0,zipfian_smallints,zipfian_smallints,zipfian_smallints,True,0.9083333333333333,0.9416666666666667,hybrid,hybrid,True
35,zipfian_smallints,0.39700619349807753,0.7780642884309072,0.32510740584963943,0.4371520150772122,0.6848530011352397,0.40895253129635906,0.7902466665282153,0.0,0.015116756646975106,0.7949743890093286,0.0,zipfian_smallints,zipfian_smallints,zipfian_smallints,True,1.0,1.0,hybrid,hybrid,True
36,clustered_ranges,3.538295811552447,0.9602628584314352,0.0,0.03332012728185232,0.8030429822339986,0.16871531786309701,0.9859853110645188,0.0,0.36904566341599787,0.9321688057020516,0.0,clustered_ranges,clustered_ranges,clustered_ranges,True,1.0,1.0,guarded_fallback,guarded_fallback,True
37,clustered_ranges,3.2900083353304015,0.9752365251205066,0.0,0.01696509668878768,0.7733401834354295,0.19414615567635415,1.0,0.0,0.3410711288431123,0.8976899258729237,0.0,clustered_ranges,clustered_ranges,clustered_ranges,True,1.0,1.0,guarded_fallback,guarded_fallback,True
38,clustered_ranges,3.412434346213477,0.987035128167984,0.0015946604273360209,0.010002531792742426,0.7683532589937146,0.18949482785019922,0.9870814020475953,0.0,0.3548648599091377,0.8919011256420475,0.0,clustered_ranges,clustered_ranges,clustered_ranges,True,1.0,1.0,guarded_fallback,guarded_fallback,True
39,clustered_ranges,3.5674534647144474,1.0,0.011575396576695023,0.0,0.7566276558404975,0.21573428859266594,0.9978824767544141,0.0,0.3723308543924252,0.878290096432797,0.0,clustered_ranges,clustered_ranges,clustered_ranges,True,0.9333333333333333,0.9666666666666667,guarded_fallback,guarded_fallback,True
40,low_entropy_repeating,2.0384114722713287,0.9551082802605162,1.0,0.9536326101464309,0.0,0.9358542557765015,0.027911516130695587,0.0,0.2000537877765463,0.0,0.0,low_entropy_repeating,low_entropy_repeating,low_entropy_repeating,True,1.0,1.0,coherent_local,coherent_local,True
41,low_entropy_repeating,2.0041973438684995,0.9841565762839289,0.9968953519580211,0.9324406786537934,0.02457687536307406,0.9941447591897946,0.0,0.0,0.19619888404781322,0.028528730170023747,0.0,low_entropy_repeating,low_entropy_repeating,low_entropy_repeating,True,1.0,1.0,coherent_local,coherent_local,True
42,low_entropy_repeating,1.9810519788392253,0.993530248427449,1.0,0.9288425625603612,0.0,0.9598398645114232,0.07182050642492555,0.0,0.19359109720304127,0.0,0.0,low_entropy_repeating,low_entropy_repeating,low_entropy_repeating,True,1.0,1.0,coherent_local,coherent_local,True
43,low_entropy_repeating,1.877291087606709,1.0,0.9901442433063132,0.9381602696251345,0.0,0.9399663148293237,0.059001337840968754,0.0,0.1819003640123685,0.0,0.0,low_entropy_repeating,low_entropy_repeating,low_entropy_repeating,True,1.0,1.0,coherent_local,coherent_local,True
44,sequential_ids,9.046612419359016,0.034646232108198886,1.0,0.013172600367887286,0.25231803578503376,0.563169794762149,0.27483964530391175,0.0,0.9896673545627477,0.2928896799776611,0.0,sequential_ids,sequential_ids,sequential_ids,True,1.0,1.0,hybrid,hybrid,True
45,sequential_ids,8.976274323717224,0.0013309163171840966,0.9790772853009917,0.02968751803784559,0.16465089130655405,0.5734705102725299,0.24428046827484523,0.0,0.9817423656818647,0.19112603945561357,0.0,sequential_ids,sequential_ids,sequential_ids,True,1.0,1.0,hybrid,hybrid,True
46,sequential_ids,9.093699767477386,0.015017379774625196,1.0,0.021923240734159345,0.1528387923304028,0.547991404813054,0.21483978422215552,0.0,0.9949726831597682,0.17741460627080194,0.0,sequential_ids,sequential_ids,sequential_ids,True,1.0,1.0,hybrid,hybrid,True
47,sequential_ids,8.958537612610698,0.030224568665534433,1.0,0.0,0.16958847900678806,0.5509834627862878,0.21350319551856617,0.0,0.9797439715396846,0.19685756981127653,0.0,sequential_ids,sequential_ids,sequential_ids,True,1.0,1.0,hybrid,hybrid,True
48,uniform_32bit,8.946308777808273,0.006240189431024877,0.03465936108320088,0.018262844166733194,0.651261314742057,0.08913100187090779,0.9121610071969773,0.0,0.9783661494796602,0.7559813053520373,0.0,uniform_32bit,uniform_32bit,uniform_32bit,True,0.9833333333333334,0.9916666666666667,simd,simd,True
49,uniform_32bit,9.033111222829815,0.03232419363302415,0.0,0.0,0.7377271896838006,0.032552168016381736,0.9542784714416053,0.0,0.9881461755857472,0.8563505174136425,0.0,uniform_32bit,uniform_32bit,uniform_32bit,True,0.9333333333333333,0.9666666666666667,simd,simd,True
50,uniform_32bit,9.029468529016052,0.01693167971686808,0.0,0.024412910698986313,0.7520541466796711,0.08698634060411506,0.917032026780961,0.0,0.9877357534992928,0.8729811868642768,0.0,uniform_32bit,uniform_32bit,uniform_32bit,True,1.0,1.0,simd,simd,True
51,uniform_32bit,9.021627459142538,0.0,0.0,0.0,0.7315018159306048,0.10999472740730884,0.8782439175406478,0.0,0.9868523006421344,0.8491241306012932,0.0,uniform_32bit,uniform_32bit,uniform_32bit,True,1.0,1.0,simd,simd,True
52,zipfian_smallints,0.4899992775744338,0.8296291109531795,0.2476923531356231,0.3253324994812904,0.7260691857549357,0.44533155571455957,0.7803427816668198,0.0,0.025594281672066545,0.842817957090398,0.0,zipfian_smallints,zipfian_smallints,zipfian_smallints,True,1.0,1.0,hybrid,hybrid,True
53,zipfian_smallints,0.6063168472349592,0.8171358796513306,0.2952546020067019,0.3666234950397228,0.7898295930103825,0.41384514933401867,0.7198943312380046,0.0,0.03869977504375949,0.916830760884588,0.0,zipfian_smallints,zipfian_smallints,zipfian_smallints,True,0.9666666666666666,0.9833333333333333,hybrid,hybrid,True
54,zipfian_smallints,0.6283403489213713,0.7908460113808635,0.27323641333029103,0.3892865205458158,0.6719322137682322,0.38245058357681583,0.7319616618864344,0.0,0.04118116161515287,0.7799759951560791,0.0,zipfian_smallints,zipfian_smallints,zipfian_smallints,True,1.0,1.0,hybrid,hybrid,True
55,zipfian_smallints,0.4364690967979661,0.8087927321203399,0.28572563528438316,0.3582882253798566,0.6776170234832289,0.3506968969010207,0.7816306075617115,0.0,0.019563039518374924,0.7865748975808659,0.0,zipfian_smallints,zipfian_smallints,zipfian_smallints,True,1.0,1.0,hybrid,hybrid,True
56,clustered_ranges,3.362257917308933,0.9891877154343323,0.0210586087866381,0.014147242961760457,0.8128039925612757,0.18687634122345204,1.0,0.0,0.3492114847712036,0.9434993440923017,0.0,clustered_ranges,clustered_ranges,clustered_ranges,True,1.0,1.0,guarded_fallback,guarded_fallback,True
57,clustered_ranges,3.3436261389704094,0.9764077717233708,0.005903282899708717,0.03461585426252256,0.7781877648332629,0.19563501767196337,0.9820248362425387,0.0,0.3471122434594137,0.903316977303709,0.0,clustered_ranges,clustered_ranges,clustered_ranges,True,1.0,1.0,guarded_fallback,guarded_fallback,True
58,clustered_ranges,3.3905966266137493,0.9965903808404815,0.0,0.0,0.7455344380767154,0.10999151640455085,0.9696520667953447,0.0,0.3524044053939481,0.8654131374367909,0.0,clustered_ranges,clustered_ranges,clustered_ranges,True,0.6416666666666666,0.8166666666666667,guarded_fallback,guarded_fallback,True
59,clustered_ranges,3.4599547119782192,0.9743023186723485,0.005933702458255564,0.04267652490132378,0.8298305839680308,0.1779258619582158,1.0,0.0,0.3602189765775639,0.9632637374410339,0.0,clustered_ranges,clustered_ranges,clustered_ranges,True,1.0,1.0,guarded_fallback,guarded_fallback,True
60,low_entropy_repeating,2.007370132674729,0.9732520355234507,0.9821679894340379,0.8955839046230495,0.0,0.9392594993577671,0.04410755058135805,0.0,0.1965563619661636,0.0,0.0,low_entropy_repeating,low_entropy_repeating,low_entropy_repeating,True,1.0,1.0,coherent_local,coherent_local,True
61,low_entropy_repeating,2.137661586493279,0.9623563696924592,1.0,0.9087836818252739,0.03424091265389606,0.9460674004793681,0.0,0.0,0.2112362920007294,0.0397467026807662,0.0,low_entropy_repeating,low_entropy_repeating,low_entropy_repeating,True,1.0,1.0,coherent_local,coherent_local,True
62,low_entropy_repeating,2.0742637593254787,0.9778999857438254,0.9839829928487933,0.9079074276613093,0.0003715016993733368,0.9628367132208475,0.014322669771907836,0.0,0.20409326273909492,0.00043123755898811524,0.0,low_entropy_repeating,low_entropy_repeating,low_entropy_repeating,True,1.0,1.0,coherent_local,coherent_local,True
63,low_entropy_repeating,2.0262929601825985,0.9972384370785768,1.0,0.9297164154740686,0.0,0.9820166724971594,0.01005535483708236,0.0,0.198688395769843,0.0,0.0,low_entropy_repeating,low_entropy_repeating,low_entropy_repeating,True,1.0,1.0,coherent_local,coherent_local,True
64,sequential_ids,9.08916739556619,0.007667542263649408,0.9960658740938997,0.010463276821388853,0.258530376803789,0.6123094158716126,0.25208143405398337,0.0,0.9944620210971615,0.3001009384484804,0.0,sequential_ids,sequential_ids,sequential_ids,True,1.0,1.0,hybrid,hybrid,True
65,sequential_ids,9.012815247465365,0.021524803149327712,0.9746301690169796,0.009992111178547654,0.1992241145613843,0.5594172463437267,0.22499893582151784,0.0,0.9858594292980875,0.2312584868385291,0.0,sequential_ids,sequential_ids,sequential_ids,True,1.0,1.0,hybrid,hybrid,True
66,sequential_ids,8.872834600535283,0.0,0.9664784766103117,0.0,0.19120425240053715,0.6081169348728855,0.28317980109721896,0.0,0.9700878184755645,0.22194906567706804,0.0,sequential_ids,sequential_ids,sequential_ids,True,1.0,1.0,hybrid,hybrid,True
67,sequential_ids,8.92303271069267,0.006954169049019139,0.9877876529094902,0.0,0.20555976948246146,0.5685751335092618,0.23982224548347955,0.0,0.9757436364389142,0.23861288755154086,0.0,sequential_ids,sequential_ids,sequential_ids,True,1.0,1.0,hybrid,hybrid,True
68,uniform_32bit,9.085108122618749,0.0,0.00019017187086805325,0.07793021179787496,0.7266923922787583,0.12299643519818518,0.9127456053451963,0.0,0.9940046630655087,0.8435413725163087,0.0,uniform_32bit,uniform_32bit,uniform_32bit,True,0.9666666666666666,0.9833333333333333,simd,simd,True
69,uniform_32bit,9.046462167626384,0.0,0.0,0.0,0.7329090407687265,0.054453884324426965,0.9299675570894029,0.0,0.9896504257093351,0.8507576310810023,0.0,uniform_32bit,uniform_32bit,uniform_32bit,True,1.0,1.0,simd,simd,True
70,uniform_32bit,9.086822960355672,0.007330628144744599,0.0,0.013618967379260882,0.7107398083336076,0.10806641376395448,0.8550578174735464,0.0,0.9941978737271514,0.8250236823639779,0.0,uniform_32bit,uniform_32bit,uniform_32bit,True,0.9833333333333334,0.9916666666666667,simd,simd,True
71,uniform_32bit,8.973151410550509,0.0,0.0,0.04091586689441728,0.7468555494591506,0.058415593001456295,0.8649248963187731,0.0,0.98139050724873,0.8669466777911791,0.0,uniform_32bit,uniform_32bit,uniform_32bit,True,1.0,1.0,simd,simd,True
72,zipfian_smallints,0.2628376929726679,0.7891300898413474,0.3426124503674221,0.3630465281439094,0.7032128314185153,0.4339524062850092,0.7331712494101668,0.0,0.0,0.8162864002549065,0.0,zipfian_smallints,zipfian_smallints,zipfian_smallints,True,1.0,1.0,hybrid,hybrid,True
73,zipfian_smallints,0.4762141309841892,0.8019895494603149,0.26741698044536855,0.37372418365070237,0.7303393567870815,0.4400497805432399,0.7593488315330772,0.0,0.02404111005926954,0.8477747530767167,0.0,zipfian_smallints,zipfian_smallints,zipfian_smallints,True,1.0,1.0,hybrid,hybrid,True
74,zipfian_smallints,0.5718252326728439,0.8325787389524799,0.24089551441045765,0.3233691303285632,0.760073530089607,0.4142596803991482,0.8221146417619968,0.0,0.03481360696664057,0.8822900522937597,0.0,zipfian_smallints,zipfian_smallints,zipfian_smallints,True,0.9833333333333334,0.9916666666666667,hybrid,hybrid,True
75,zipfian_smallints,0.4645971430486253,0.8291009115254143,0.2739445745041636,0.3577468646996808,0.7669415406500971,0.40914688567667484,0.7517663371222513,0.0,0.02273222474785096,0.8902624091206768,0.0,zipfian_smallints,zipfian_smallints,zipfian_smallints,True,1.0,1.0,hybrid,hybrid,True
76,clustered_ranges,3.3641148633577314,0.9890466790128628,0.0,0.029124127079533643,0.7738368604714677,0.2144343798220069,0.9181721908529858,0.0,0.34942070676754644,0.8982664664190043,0.0,clustered_ranges,clustered_ranges,clustered_ranges,True,0.8,0.8916666666666667,guarded_fallback,guarded_fallback,True
77,clustered_ranges,3.3370747379916663,0.946270636975318,0.0,0.017429977033268294,0.7846232012365074,0.17239867293155955,0.9852244538585981,0.0,0.34637409751677756,0.9107872039278125,0.0,clustered_ranges,clustered_ranges,clustered_ranges,True,1.0,1.0,guarded_fallback,guarded_fallback,True
78,clustered_ranges,3.4162710592495955,0.9598292791611378,0.021205489226971522,0.029879979111564516,0.801551138129683,0.1966960032825379,0.9988925400242598,0.0,0.35529714212936186,0.9304370795456947,0.0,clustered_ranges,clustered_ranges,clustered_ranges,True,1.0,1.0,guarded_fallback,guarded_fallback,True
79,clustered_ranges,3.562805864218485,0.9782581165789498,0.0,0.0,0.759032119882665,0.14266584637196772,0.9633360806030724,0.0,0.37180720953230756,0.8810811878489817,0.0,clustered_ranges,clustered_ranges,clustered_ranges,True,0.95,0.975,guarded_fallback,guarded_fallback,True
80,low_entropy_repeating,1.9943455694678343,0.9966859025699543,1.0,0.9170339416771086,0.047005536920598896,0.9721823801690284,0.015210550777339491,0.0,0.19508888523607612,0.054563823085487725,0.0,low_entropy_repeating,low_entropy_repeating,low_entropy_repeating,True,1.0,1.0,coherent_local,coherent_local,True
81,low_entropy_repeating,1.947766708426823,1.0,1.0,0.8965561822175485,0.017960592320467855,0.9578610743622313,0.0,0.0,0.1898408478465781,0.020848577552469567,0.0,low_entropy_repeating,low_entropy_repeating,low_entropy_repeating,True,1.0,1.0,coherent_local,coherent_local,True
82,low_entropy_repeating,2.0151874714269953,0.9609035502948442,1.0,0.9774384995517829,0.012424479970911059,0.9609036301351721,0.0,0.0,0.19743714103936044,0.014422282383607741,0.0,low_entropy_repeating,low_entropy_repeating,low_entropy_repeating,True,1.0,1.0,coherent_local,coherent_local,True
83,low_entropy_repeating,1.9074921871787733,0.9841244215969573,0.9678360093571943,0.9614318944789197,0.07991889592243982,0.9147015584171209,0.0,0.0,0.18530312003121135,0.09276950725327347,0.0,low_entropy_repeating,low_entropy_repeating,low_entropy_repeating,True,1.0,1.0,coherent_local,coherent_local,True
84,sequential_ids,9.018835869464795,0.03222232296999242,0.963328770623803,0.007471083669208259,0.25463896552439325,0.5004472255546221,0.21156792379462502,0.0,0.9865377724059882,0.2955838051379837,0.0,sequential_ids,sequential_ids,sequential_ids,True,1.0,1.0,hybrid,hybrid,True
85,sequential_ids,8.966111471483133,0.0,1.0,0.007249791594625142,0.14675113821073615,0.5654623120870244,0.23267383337933048,0.0,0.9805973177498961,0.17034808381085811,0.0,sequential_ids,sequential_ids,sequential_ids,True,1.0,1.0,hybrid,hybrid,True
86,sequential_ids,9.101955777355299,0.0,0.980901541506933,0.016233948324135942,0.22288779447010812,0.5634429809180862,0.19943208047845576,0.0,0.9959028872815304,0.25872718369167347,0.0,sequential_ids,sequential_ids,sequential_ids,True,1.0,1.0,hybrid,hybrid,True
87,sequential_ids,9.04304275519426,0.0,1.0,0.0,0.21338966442629193,0.5258020328707789,0.21152096049218436,0.0,0.9892651607223254,0.24770179559262523,0.0,sequential_ids,sequential_ids,sequential_ids,True,1.0,1.0,hybrid,hybrid,True
88,uniform_32bit,9.057105610918592,0.004832890433535026,0.0,0.04353536547063192,0.7067804273529077,0.08096323021912805,0.9180674034303581,0.0,0.990849621806065,0.8204276501194386,0.0,uniform_32bit,uniform_32bit,uniform_32bit,True,1.0,1.0,simd,simd,True
89,uniform_32bit,8.950426725269711,0.009422725867998588,0.0,0.0,0.7608792791941003,0.04878241842462701,0.8376165900721153,0.0,0.9788301183651722,0.8832253623544261,0.0,uniform_32bit,uniform_32bit,uniform_32bit,True,0.9166666666666666,0.95,simd,simd,True
90,uniform_32bit,9.128874959600951,0.05098655905214006,0.0,0.0,0.7106854807141216,0.07141331150477992,0.9043022847693323,0.0,0.9989358698784109,0.8249606190992546,0.0,uniform_32bit,uniform_32bit,uniform_32bit,True,1.0,1.0,simd,simd,True
91,uniform_32bit,8.910928956646252,0.011591222849529547,0.015735221258582583,0.0,0.7409759019508466,0.14158054945837673,0.9151588099731118,0.0,0.9743799072199244,0.8601216085022133,0.0,uniform_32bit,uniform_32bit,uniform_32bit,True,0.8416666666666667,0.9083333333333333,simd,simd,True
92,zipfian_smallints,0.4730139870345195,0.7971599357118496,0.2884577030090569,0.2980798518347834,0.724931721089319,0.4082860815161157,0.8354347503886814,0.0,0.023680550038601467,0.8414975930472101,0.0,zipfian_smallints,zipfian_smallints,zipfian_smallints,True,0.9666666666666666,0.9833333333333333,hybrid,hybrid,True
93,zipfian_smallints,0.48606618129560336,0.8333577522223904,0.2368877790665398,0.36761777500408377,0.7295820079137368,0.3939285825640565,0.7853218834391082,0.0,0.025151139957853657,0.8468956257941377,0.0,zipfian_smallints,zipfian_smallints,zipfian_smallints,True,1.0,1.0,hybrid,hybrid,True
94,zipfian_smallints,0.597001506946528,0.793524165914268,0.21924112052490713,0.3494731152056766,0.6929273071562246,0.4097297718400835,0.7775523669094464,0.0,0.03765021623023374,0.8043470083671568,0.0,zipfian_smallints,zipfian_smallints,zipfian_smallints,True,1.0,1.0,hybrid,hybrid,True
95,zipfian_smallints,0.36354782271875863,0.7676868332135864,0.2844620050657658,0.33431843911490955,0.6430576697453829,0.443545321098244,0.7881710926582273,0.0,0.01134700408288918,0.7464585498730224,0.0,zipfian_smallints,zipfian_smallints,zipfian_smallints,True,1.0,1.0,hybrid,hybrid,True
96,clustered_ranges,3.3428900140770814,0.9536633957788352,0.025074236889430113,0.020480518676812887,0.8614780684805222,0.1926056579617481,1.0,0.0,0.3470293043132606,1.0,0.0,clustered_ranges,clustered_ranges,clustered_ranges,True,1.0,1.0,guarded_fallback,guarded_fallback,True
97,clustered_ranges,3.386645765591315,0.9963355173440158,0.01875255603744461,0.04755175025695585,0.7743603124408815,0.16693777581168112,0.9756269048726406,0.0,0.3519592621271732,0.8988740871914485,0.0,clustered_ranges,clustered_ranges,clustered_ranges,True,1.0,1.0,guarded_fallback,guarded_fallback,True
98,clustered_ranges,3.463264137694319,1.0,0.0,0.0,0.799422316716094,0.17262715499961295,1.0,0.0,0.36059184936808936,0.92796595289549,0.0,clustered_ranges,clustered_ranges,clustered_ranges,True,1.0,1.0,guarded_fallback,guarded_fallback,True
99,clustered_ranges,3.2198578167504763,0.9634658990616621,0.0,0.0,0.7610908466689359,0.15254531652462222,0.983966860364435,0.0,0.33316727425817566,0.8834709489602566,0.0,clustered_ranges,clustered_ranges,clustered_ranges,True,1.0,1.0,guarded_fallback,guarded_fallback,True
100,low_entropy_repeating,2.089037271332821,0.9850987869761859,0.9690755883918654,0.9382913637635941,0.05147520864324048,0.9207212355165528,0.0,0.0,0.20575779342224035,0.05975219860678824,0.0,low_entropy_repeating,low_entropy_repeating,low_entropy_repeating,True,1.0,1.0,coherent_local,coherent_local,True
101,low_entropy_repeating,2.044683916741938,0.9855692776853839,1.0,0.939590596246141,0.04104990944268701,0.9189476565787807,0.019637460476351978,0.0,0.20076050370668302,0.04765055657782556,0.0,low_entropy_repeating,low_entropy_repeating,low_entropy_repeating,True,1.0,1.0,coherent_local,coherent_local,True
102,low_entropy_repeating,1.9831447988509474,0.9656821815179174,0.9530956615639393,0.9605724710582398,0.009471428533460658,0.9193315915505801,0.017114631892300034,0.0,0.19382689510418222,0.010994393101807448,0.0,low_entropy_repeating,low_entropy_repeating,low_entropy_repeating,True,1.0,1.0,coherent_local,coherent_local,True
103,low_entropy_repeating,2.090241508587944,0.9443852430925616,0.9551008393029002,0.9123134067431419,0.06383536600160987,0.9584776094875789,0.0430195172138368,0.0,0.2058934747592131,0.07409981558114752,0.0,low_entropy_repeating,low_entropy_repeating,low_entropy_repeating,True,1.0,1.0,coherent_local,coherent_local,True
104,sequential_ids,8.908787126469901,0.0,1.0,0.0017482299280633965,0.21646216456592382,0.5443698702721464,0.2583443117936388,0.0,0.974138587346569,0.25126834040908375,0.0,sequential_ids,sequential_ids,sequential_ids,True,1.0,1.0,hybrid,hybrid,True
105,sequential_ids,9.012649526792408,0.015555347781698509,1.0,0.0,0.13258194333977436,0.5800523619295452,0.2856317527978581,0.0,0.9858407575601262,0.1539005439495666,0.0,sequential_ids,sequential_ids,sequential_ids,True,1.0,1.0,hybrid,hybrid,True
106,sequential_ids,8.918350158438933,0.0,1.0,0.02792514679051588,0.25392783567302946,0.5654889271630436,0.23884849910242914,0.0,0.9752160535664121,0.29475832869536445,0.0,sequential_ids,sequential_ids,sequential_ids,True,1.0,1.0,hybrid,hybrid,True
107,sequential_ids,8.92854955027321,0.00022902583341308832,0.9910220588834423,0.0,0.2614626695258986,0.603555052062164,0.28408146050666283,0.0,0.976365218412871,0.3035047311036801,0.0,sequential_ids,sequential_ids,sequential_ids,True,1.0,1.0,hybrid,hybrid,True
108,uniform_32bit,8.926331968175269,0.017100386485945578,0.019188792284937053,0.013276368726121588,0.7574899580113132,0.09906113428583832,0.9322004270891301,0.0,0.9761153635752006,0.8792910530472081,0.0,uniform_32bit,uniform_32bit,uniform_32bit,True,0.9666666666666666,0.9833333333333333,simd,simd,True
109,uniform_32bit,9.050952502669777,0.006815828160042118,0.0,0.002508632322316717,0.7033142412345262,0.04160477127079939,0.9604544985790248,0.0,0.9901563514806491,0.8164041163288511,0.0,uniform_32bit,uniform_32bit,uniform_32bit,True,0.8500000000000001,0.925,simd,simd,True
110,uniform_32bit,9.138319627270857,0.02718441200591224,0.007656402505676238,0.0405187536285797,0.7203615954180548,0.08608391830693338,0.8771958588861406,0.0,1.0,0.8361926110186774,0.0,uniform_32bit,uniform_32bit,uniform_32bit,True,1.0,1.0,simd,simd,True
111,uniform_32bit,9.031759304359907,0.0012077185684883419,0.0,0.0,0.7176081130842957,0.13392683499933922,0.9368263998554023,0.0,0.9879938550154486,0.8329963806855991,0.0,uniform_32bit,uniform_32bit,uniform_32bit,True,0.8916666666666666,0.9416666666666667,simd,simd,True
112,zipfian_smallints,0.5009156351273173,0.8049757461960217,0.271326371343126,0.34391258045613354,0.6875271840783513,0.4154684436717921,0.7576170523004246,0.0,0.026824227001649,0.7980785689541859,0.0,zipfian_smallints,zipfian_smallints,zipfian_smallints,True,1.0,1.0,hybrid,hybrid,True
113,zipfian_smallints,0.39997475688614825,0.8102244362909508,0.28173793979799705,0.29639877465895764,0.7163194608751462,0.4498710415769977,0.8117767121668896,0.0,0.015451224500106447,0.8315005187985722,0.0,zipfian_smallints,zipfian_smallints,zipfian_smallints,True,1.0,1.0,hybrid,hybrid,True
114,zipfian_smallints,0.5820669474308191,0.8007782641380292,0.2446486401609255,0.31748903517925814,0.7303381471425107,0.43137840103095487,0.818619933348152,0.0,0.03596754033429212,0.847773348926553,0.0,zipfian_smallints,zipfian_smallints,zipfian_smallints,True,0.9833333333333334,0.9916666666666667,hybrid,hybrid,True
115,zipfian_smallints,0.5879983720273667,0.7973554268693765,0.23267382363417394,0.340426802089673,0.7265169358443158,0.41393750263831786,0.7626631767576704,0.0,0.03663583357633302,0.8433377034493155,0.0,zipfian_smallints,zipfian_smallints,zipfian_smallints,True,1.0,1.0,hybrid,hybrid,True
116,clustered_ranges,3.420230785197592,0.9699208451717878,0.0,0.01934358502910319,0.7779402225961239,0.18732313166935055,0.9981961206855636,0.0,0.3557432842067509,0.9030296313500557,0.0,clustered_ranges,clustered_ranges,clustered_ranges,True,1.0,1.0,guarded_fallback,guarded_fallback,True
117,clustered_ranges,3.308845679912674,0.9703751775226918,0.04313330819749387,0.0,0.7265003665308841,0.12414464540272466,0.9908732983973001,0.0,0.3431935312908575,0.8433184698622541,0.0,clustered_ranges,clustered_ranges,clustered_ranges,True,0.7916666666666667,0.8916666666666667,guarded_fallback,guarded_fallback,True
118,clustered_ranges,3.402473382242616,0.9776477828914976,0.036425694867855046,0.0,0.8018780162329248,0.2268431460541072,0.9561665770532486,0.0,0.3537425587152872,0.930816518228119,0.0,clustered_ranges,clustered_ranges,clustered_ranges,True,0.95,0.9666666666666667,guarded_fallback,guarded_fallback,True
119,clustered_ranges,3.3696154790568085,0.9649421616554276,0.0,0.00021213984930880045,0.8328245585105352,0.23512160026462559,0.9799218232487955,0.0,0.35004046079778345,0.9667391300854284,0.0,clustered_ranges,clustered_ranges,clustered_ranges,True,1.0,1.0,guarded_fallback,guarded_fallback,True
120,low_entropy_repeating,2.1524048171251575,0.9907115295396924,1.0,0.9372010405103952,0.02393173478138433,0.960964234179285,0.11536561038102607,0.0,0.21289741088317626,0.027779853785013006,0.0,low_entropy_repeating,low_entropy_repeating,low_entropy_repeating,True,0.9249999999999999,0.95,coherent_local,coherent_local,True
121,low_entropy_repeating,2.068102845987583,0.9758547094009707,1.0,0.9291450238874697,0.0053074945129637265,0.9772580407967633,0.020932567633134586,0.0,0.20339911301477545,0.006160916577162669,0.0,low_entropy_repeating,low_entropy_repeating,low_entropy_repeating,True,1.0,1.0,coherent_local,coherent_local,True
122,low_entropy_repeating,2.0222860731609447,0.9902797044373058,1.0,0.9527489769230845,0.0,0.969997180058286,0.0,0.0,0.19823694005720507,0.0,0.0,low_entropy_repeating,low_entropy_repeating,low_entropy_repeating,True,1.0,1.0,coherent_local,coherent_local,True
123,low_entropy_repeating,1.8846160691552472,0.9888317751228264,1.0,0.9191948150628315,0.04493095573003923,0.9097347450088727,0.007791687536823232,0.0,0.1827256692299062,0.05215565825057926,0.0,low_entropy_repeating,low_entropy_repeating,low_entropy_repeating,True,1.0,1.0,coherent_local,coherent_local,True
124,sequential_ids,8.95321006920536,0.0,1.0,0.0,0.22172848032368686,0.5518900710500411,0.1932416124006427,0.0,0.979143717554067,0.25738145686607233,0.0,sequential_ids,sequential_ids,sequential_ids,True,1.0,1.0,hybrid,hybrid,True
125,sequential_ids,8.843312684768238,0.0,0.9933709804664094,0.0,0.19916052630409348,0.5567667951853055,0.278429488295449,0.0,0.9667615860539805,0.23118467386566607,0.0,sequential_ids,sequential_ids,sequential_ids,True,1.0,1.0,hybrid,hybrid,True
126,sequential_ids,8.911111607926596,0.0,0.9672002842633786,0.008667500015061207,0.23734842135939338,0.5370598168528147,0.17494900467521035,0.0,0.9744004865283716,0.2755130165739788,0.0,sequential_ids,sequential_ids,sequential_ids,True,1.0,1.0,hybrid,hybrid,True
127,sequential_ids,8.86368057099117,0.0,0.9832681333751435,0.0,0.2011574336894275,0.5406476100753266,0.2814801883163022,0.0,0.9690564345336132,0.23350267528485041,0.0,sequential_ids,sequential_ids,sequential_ids,True,1.0,1.0,hybrid,hybrid,True
128,uniform_32bit,8.94591861554549,0.0,0.014366266155613847,0.0,0.7316907511596,0.083076595511788,0.905576725302455,0.0,0.97832218992167,0.8493434457944571,0.0,uniform_32bit,uniform_32bit,uniform_32bit,True,1.0,1.0,simd,simd,True
129,uniform_32bit,9.127062088571941,0.0,0.06180894511572235,0.0,0.6816895066508931,0.08209758742984476,0.877712643990437,0.0,0.9987316138118186,0.7913022183527658,0.0,uniform_32bit,uniform_32bit,uniform_32bit,True,0.9833333333333334,0.9916666666666667,simd,simd,True
130,uniform_32bit,8.93985953217492,0.007940666000309822,0.016667462659503744,0.0,0.749622154351392,0.11472523274063401,0.9530890526968988,0.0,0.9776395133734638,0.8701581407331448,0.0,uniform_32bit,uniform_32bit,uniform_32bit,True,0.9666666666666666,0.9833333333333333,simd,simd,True
131,uniform_32bit,9.042353072570057,0.027268574241713976,0.0,0.0,0.6939898423102971,0.08357677583382177,0.8928565234240979,0.0,0.9891874542237588,0.8055803945588059,0.0,uniform_32bit,uniform_32bit,uniform_32bit,True,1.0,1.0,simd,simd,True
132,zipfian_smallints,0.4867073726440214,0.8376434976040811,0.2649084061073887,0.3624137695157064,0.7130319201022729,0.422271398638705,0.7801805004130822,0.0,0.025223382947379695,0.8276843557490916,0.0,zipfian_smallints,zipfian_smallints,zipfian_smallints,True,1.0,1.0,hybrid,hybrid,True
133,zipfian_smallints,0.5358659252778528,0.8233061507109436,0.3194218199280999,0.359288602457275,0.737686406581068,0.38547406472443296,0.7773636977275314,0.0,0.03076207402891571,0.8563031765651349,0.0,zipfian_smallints,zipfian_smallints,zipfian_smallints,True,1.0,1.0,hybrid,hybrid,True
134,zipfian_smallints,0.5752231571906872,0.8173193727683431,0.2763482919838515,0.37659181878703857,0.7347230012698145,0.45600918774777965,0.7886807747087133,0.0,0.03519645091167892,0.8528632685515968,0.0,zipfian_smallints,zipfian_smallints,zipfian_smallints,True,1.0,1.0,hybrid,hybrid,True
135,zipfian_smallints,0.4715441347543172,0.8067168251386605,0.18208216872441674,0.36148657209155144,0.6105476152435565,0.36829609777783745,0.7935530580282295,0.0,0.02351494187319895,0.7087210198170713,0.0,zipfian_smallints,zipfian_smallints,zipfian_smallints,True,1.0,1.0,hybrid,hybrid,True
136,clustered_ranges,3.4382023469813436,0.9567514243972014,0.0,0.05111622965842396,0.7754790960528197,0.24728760937208955,0.9899424044047096,0.0,0.3577681389601928,0.9001727663486689,0.0,clustered_ranges,clustered_ranges,clustered_ranges,True,1.0,1.0,guarded_fallback,guarded_fallback,True
137,clustered_ranges,3.432642894150501,1.0,0.0039308134858025865,0.0,0.7867081764491713,0.17893167791429726,0.949057750433953,0.0,0.3571417557539628,0.9132074340984324,0.0,clustered_ranges,clustered_ranges,clustered_ranges,True,0.85,0.9166666666666666,guarded_fallback,guarded_fallback,True
138,clustered_ranges,3.379533434292734,0.9651561581200513,0.02773073271562302,0.011038356225557669,0.781516127525573,0.17681454208132272,0.996693660552185,0.0,0.35115791620013165,0.9071805262599588,0.0,clustered_ranges,clustered_ranges,clustered_ranges,True,1.0,1.0,guarded_fallback,guarded_fallback,True
139,clustered_ranges,3.4493451359751823,0.9600057554266124,0.0,0.0431403764620759,0.7776298938338582,0.13749473722209377,1.0,0.0,0.3590235963062079,0.9026694030707528,0.0,clustered_ranges,clustered_ranges,clustered_ranges,True,0.95,0.975,guarded_fallback,guarded_fallback,True
140,low_entropy_repeating,2.037069584482615,0.9593856948548659,1.0,0.9620674927728512,0.031231593551187892,0.9689594445128418,0.0,0.0,0.19990259736247673,0.03625349813753736,0.0,low_entropy_repeating,low_entropy_repeating,low_entropy_repeating,True,1.0,1.0,coherent_local,coherent_local,True
141,low_entropy_repeating,2.026483212399696,0.9839476048105911,0.9855162952382607,0.9661166682825918,0.06437823532022689,1.0,0.059444236145177146,0.0,0.19870983147536367,0.07472997592820607,0.0,low_entropy_repeating,low_entropy_repeating,low_entropy_repeating,True,1.0,1.0,coherent_local,coherent_local,True
142,low_entropy_repeating,1.9912212654695853,0.9970544032605269,1.0,0.9436353384789838,0.023922925637346333,0.9747125939562854,0.018221520619222033,0.0,0.1947368700980389,0.027769628168876855,0.0,low_entropy_repeating,low_entropy_repeating,low_entropy_repeating,True,1.0,1.0,coherent_local,coherent_local,True
143,low_entropy_repeating,1.9416570450901072,0.9817105386832828,1.0,0.9400897987359986,0.030206299306050136,0.9701023772660656,0.008754756113071712,0.0,0.18915247245671832,0.03506334103122103,0.0,low_entropy_repeating,low_entropy_repeating,low_entropy_repeating,True,1.0,1.0,coherent_local,coherent_local,True
144,sequential_ids,9.060499853090384,0.007576852069167889,0.9629556073926556,0.04326914373558733,0.18497765768729252,0.5003471397044446,0.21864868871241094,0.0,0.991232050861402,0.2147212615795974,0.0,sequential_ids,sequential_ids,sequential_ids,True,1.0,1.0,hybrid,hybrid,True
145,sequential_ids,8.918316387145735,0.0010434663731506695,0.9917844848336129,0.0,0.21859105896447437,0.5601962608357811,0.2594814361193286,0.0,0.9752122485568983,0.2537395517799147,0.0,sequential_ids,sequential_ids,sequential_ids,True,1.0,1.0,hybrid,hybrid,True
146,sequential_ids,9.032786276586295,0.012322693360044766,0.9367613997466767,0.0,0.1345936980653158,0.551081797803934,0.24986101083326964,0.0,0.9881095639126093,0.1562357800967732,0.0,sequential_ids,sequential_ids,sequential_ids,True,1.0,1.0,hybrid,hybrid,True
147,sequential_ids,9.083642581983174,0.023752687854422416,1.0,0.0,0.21455483337637216,0.5341624708802707,0.24995822045669952,0.0,0.9938395406928394,0.24905431864888292,0.0,sequential_ids,sequential_ids,sequential_ids,True,1.0,1.0,hybrid,hybrid,True
148,uniform_32bit,9.078890905356861,0.0,0.024170359177275027,0.02032204106076907,0.6913562454860753,0.10921682384652204,0.9309569903611452,0.0,0.9933041695815592,0.8025233268044673,0.0,uniform_32bit,uniform_32bit,uniform_32bit,True,1.0,1.0,simd,simd,True
149,uniform_32bit,9.008154070989812,0.0,0.0,0.0,0.7362778338987588,0.05133124497795807,0.9231253674585961,0.0,0.9853342548331897,0.8546681115137476,0.0,uniform_32bit,uniform_32bit,uniform_32bit,True,1.0,1.0,simd,simd,True
150,uniform_32bit,8.900659557689728,0.0,0.003289432637220259,0.0733539043517675,0.6786805303343889,0.124160436994704,0.9144952724196185,0.0,0.9732228546753364,0.7878094117142735,0.0,uniform_32bit,uniform_32bit,uniform_32bit,True,0.9333333333333333,0.9666666666666667,simd,simd,True
151,uniform_32bit,9.032893753441277,0.00236695826776409,0.01334180454585699,0.0,0.7636215054437238,0.06630586567325833,0.9439670371653774,0.0,0.9881216733232056,0.8864085266739312,0.0,uniform_32bit,uniform_32bit,uniform_32bit,True,0.8500000000000001,0.925,simd,simd,True
152,zipfian_smallints,0.4484506303829582,0.7987949630719743,0.23784112343129343,0.36365071161042556,0.763353778707796,0.4176793146053744,0.7740934290388828,0.0,0.020912998165543248,0.8860977506417567,0.0,zipfian_smallints,zipfian_smallints,zipfian_smallints,True,1.0,1.0,hybrid,hybrid,True
153,zipfian_smallints,0.41083064295456584,0.7954141469289538,0.22221617220835418,0.32261366039843514,0.726803581383274,0.45957039593224186,0.8642763258368851,0.0,0.0166743565112783,0.8436704403458727,0.0,zipfian_smallints,zipfian_smallints,zipfian_smallints,True,0.875,0.925,hybrid,hybrid,True
154,zipfian_smallints,0.45307319319432793,0.8287060031329089,0.27731257441204943,0.3454625705976087,0.7329778335517846,0.4218574945103988,0.7833118717683666,0.0,0.021433822031288095,0.8508374854447697,0.0,zipfian_smallints,zipfian_smallints,zipfian_smallints,True,1.0,1.0,hybrid,hybrid,True
155,zipfian_smallints,0.46733334697386647,0.772037806804023,0.22369124392433756,0.3695973464984368,0.7116989972974286,0.402117333010315,0.7802551688016947,0.0,0.02304051267469214,0.8261371047468749,0.0,zipfian_smallints,zipfian_smallints,zipfian_smallints,True,1.0,1.0,hybrid,hybrid,True
156,clustered_ranges,3.46359458023325,0.9836072788605279,0.0,0.04678878866946849,0.837375565089449,0.19483669965968559,1.0,0.0,0.3606290803084909,0.9720219187546059,0.0,clustered_ranges,clustered_ranges,clustered_ranges,True,1.0,1.0,guarded_fallback,guarded_fallback,True
157,clustered_ranges,3.499356799745105,1.0,0.01842297531337871,0.02795041141224648,0.8055898172003951,0.1470798697635887,1.0,0.0,0.3646584073666258,0.9351251606686831,0.0,clustered_ranges,clustered_ranges,clustered_ranges,True,1.0,1.0,guarded_fallback,guarded_fallback,True
158,clustered_ranges,3.291534882309876,0.9641080108974989,0.03910695203424262,0.03520660488082592,0.8346219486905759,0.17184976848938122,0.955432534761697,0.0,0.3412431247967715,0.9688255327993257,0.0,clustered_ranges,clustered_ranges,clustered_ranges,True,0.95,0.9666666666666667,guarded_fallback,guarded_fallback,True
159,clustered_ranges,3.3807650242343725,0.9820406259448115,0.0023696614902002904,0.04401041436270105,0.7791618872498967,0.19056103415408773,0.9603411855169618,0.0,0.3512966793626005,0.9044477343737664,0.0,clustered_ranges,clustered_ranges,clustered_ranges,True,0.9833333333333334,0.9916666666666667,guarded_fallback,guarded_fallback,True
