window_id,macro_route,compressed_route_stability,macro_switch_rate,child_switch_rate,policy_switch_rate,macro_compression_residual,compression_quality,macro_memory_stability,macro_effective_weight,macro_member_count,coherence_component,pressure_component,reconstruction_component,memory_component,macro_cgcs_score,constraint_gate,gated_macro_route,decompression_recommended,raw_macro_changed,gated_macro_changed,raw_macro_switch_rate,gated_macro_switch_rate,gated_stability_score
0,macro_0,0.4356507220368482,0.2965706583899003,0.39507630337806154,0.45401056464734735,0.31561041160471337,0.6070802110799982,0.35,0.45,1,0.33090154970725866,0.6394429537986975,0.0844889535219232,0.0,0.29679851922769573,fallback,fallback_route,True,True,True,1.0,1.0,2.7755575615628914e-17
1,macro_3,0.14627980188755463,0.5581955232190653,0.6674608482093607,0.42298347906865646,0.009814747558370598,0.845764042092116,0.65,0.7125,1,0.3580384275284585,0.4482911565709631,0.9715297421197374,0.75,0.5927686743076356,watch,macro_3,False,True,True,1.0,1.0,0.4
2,macro_3,0.18951975496384432,0.2458599626547181,0.2562943786855527,0.6578632085758599,0.23776116531921065,0.9045483108481853,0.65,0.7125,1,0.43342645359921744,0.6485306218572878,0.3103111771044412,0.75,0.5039097085001583,watch,macro_3,True,False,False,0.6666666666666666,0.6666666666666666,0.45000000000000007
3,macro_2,0.21191406977620758,0.38221493065085477,0.9540465250030428,0.47950185496769876,0.1319873931189824,0.6624380672829384,0.55,0.625,1,0.24322162166810318,0.4505054396818872,0.6171358359761149,0.5,0.4270378864983367,fallback,fallback_route,True,True,True,0.75,0.75,0.15000000000000005
4,macro_2,0.2704955710317333,0.628002367887811,0.931987496264858,0.641026097244588,0.15289375344127704,0.7538583107693183,0.55,0.625,1,0.3552650313071008,0.29274541767873297,0.5564914367010882,0.5,0.41165197455244057,fallback,fallback_route,True,False,False,0.6,0.6,0.24000000000000002
5,macro_4,0.5219593608102187,0.8388280090266741,0.5568706664242589,0.6483010057130306,0.12946783307105636,0.7042535367766577,0.75,0.8,1,0.464420218589773,0.27929307745234055,0.6244444828753499,1.0,0.5384814665883432,watch,macro_4,False,True,True,0.6666666666666666,0.6666666666666666,0.6000000000000001
6,macro_0,0.2870137700351891,0.70219036805611,0.7108635844597683,0.2951427497271063,0.15557814545561865,0.7234648805191236,0.35,0.45,1,0.3396117233202137,0.39740323242522635,0.5487046513104805,0.0,0.3553910740960015,fallback,fallback_route,True,True,True,0.7142857142857143,0.7142857142857143,0.1714285714285714
7,macro_3,0.38193074027290985,0.0,0.01751950855003126,0.4596897190336469,0.10770519165103858,0.82534816268219,0.65,0.7125,1,0.48225698400152395,0.8806976931040804,0.6875727507904192,0.75,0.6733575553741584,watch,macro_3,False,True,True,0.75,0.75,0.55
8,macro_1,0.6838610936014917,0.626091682257565,0.3309130849336668,0.9394442349791156,0.23632401451659665,0.6115597845011524,0.44999999999999996,0.5375,1,0.4835955880127619,0.3693648288930219,0.3144800111696996,0.24999999999999992,0.37771966582014704,fallback,fallback_route,True,True,True,0.7777777777777778,0.7777777777777778,0.13333333333333333
9,macro_0,0.38587248520894335,0.5680083933081446,0.5465552699619676,0.2894801218164282,0.0834823084620222,0.8814270438357064,0.35,0.45,1,0.5317905557964937,0.5069869554013288,0.7578375973280783,0.0,0.5023328327111246,watch,macro_0,False,True,True,0.8,0.8,0.52
10,macro_2,0.5827528023240756,0.6534725713431733,0.3519667446432852,0.05083638775736721,0.21057876577433982,0.8953855069933682,0.55,0.625,1,0.6616593532700069,0.5725629312282503,0.3891608795796502,0.5,0.5470117263464775,watch,macro_2,True,True,True,0.8181818181818182,0.8181818181818182,0.359090909090909
11,macro_4,0.28194881759822216,0.9540524204128018,0.7985991206576647,0.11453871168937207,0.06845063038295816,0.7948897411963087,0.75,0.8,1,0.3966489382096775,0.29468933170683986,0.8014409349319128,1.0,0.5628596950330753,watch,macro_4,False,True,True,0.8333333333333334,0.8333333333333334,0.5
12,macro_3,0.41302123958382664,0.03419043079881434,1.0,0.5872774866441672,0.11517985228789704,0.5719291490015458,0.65,0.7125,1,0.2877579396881501,0.586085412939551,0.6658905307808669,0.75,0.526209264820957,watch,macro_3,False,True,True,0.8461538461538461,0.8461538461538461,0.49230769230769234
13,macro_3,0.2789960301160954,0.40222414370222365,0.3258463201426745,0.5877293195081746,0.03424299581678246,0.720358137399761,0.65,0.7125,1,0.3321879657159487,0.570494018236176,0.9006691801599022,0.75,0.5965565875996015,watch,macro_3,False,False,False,0.7857142857142857,0.7857142857142857,0.5285714285714286
14,macro_3,0.3889740463378988,0.6977265806983387,0.4106341489787018,0.5505972861437197,0.1564018976278016,0.9432901934102697,0.65,0.7125,1,0.585685225083278,0.41082885087022525,0.5463151413784118,0.75,0.5567758268413066,watch,macro_3,False,False,False,0.7333333333333333,0.7333333333333333,0.56
15,macro_3,0.6012554647423312,0.15460140013651447,0.6788620920774826,0.8835474572321254,0.2356100765541227,0.5422005719271428,0.65,0.7125,1,0.37569346225178935,0.5320969126043409,0.3165509760907288,0.75,0.4561546839618937,fallback,fallback_route,True,False,True,0.6666666666666666,0.7333333333333333,0.16000000000000006
16,macro_2,0.13908232382537727,0.9189872620133772,1.0,0.0,0.11381150561433168,0.7852476587806481,0.55,0.625,1,0.3028189870641111,0.2905063689933114,0.66985978036516,0.5,0.4210781828120567,fallback,fallback_route,True,True,False,0.6666666666666666,0.6666666666666666,0.2000000000000001
17,macro_0,0.5281962558382544,0.6420891531751647,0.3144064218650242,0.6789834686077059,0.10424914410368723,0.701999922153274,0.35,0.45,1,0.466266817123277,0.43060795079423514,0.6975979261028118,0.0,0.4452448552174087,fallback,fallback_route,True,True,False,0.7333333333333333,0.6666666666666666,0.2000000000000001
18,macro_4,0.49279240841981004,0.7616459964608511,0.6822590305767355,0.9703595504508933,0.03083064295456585,0.9004570301584836,0.75,0.8,1,0.6119488273238766,0.20602235651266726,0.9105676075405333,1.0,0.6433295805766569,watch,macro_4,False,True,True,0.7333333333333333,0.6666666666666666,0.6000000000000001
19,macro_2,0.34305300797457705,0.40726408461955144,1.0,0.29805480877707147,0.10165658771581534,0.7524886047856538,0.55,0.625,1,0.39764741965507155,0.4718542554959564,0.7051183180938299,0.5,0.5084197402767215,watch,macro_2,False,True,True,0.8,0.7333333333333333,0.56
20,macro_2,0.18970958621007822,0.7534409224915527,0.20706021295518318,0.48504837205252616,0.0,0.8603954020735611,0.55,0.625,1,0.3964028857791196,0.4502523925022963,1.0,0.5,0.5763041081482658,watch,macro_2,False,False,False,0.7333333333333333,0.6666666666666666,0.6000000000000001
21,macro_1,0.4629833113884965,0.8171178889972597,0.299732698288542,0.3917770206928447,0.046969761062493814,0.8765460419169092,0.44999999999999996,0.5375,1,0.5739515904914041,0.41856362575602346,0.8637518487285964,0.24999999999999992,0.5589619252931464,watch,macro_1,False,True,True,0.7333333333333333,0.6666666666666666,0.6000000000000001
22,macro_0,0.3546913123685156,0.6082195050342921,0.5140983483847904,0.35641348848061777,0.13814288368873084,1.0,0.35,0.45,1,0.6128147874211094,0.4782622882665019,0.5992802158638277,0.0,0.4838708016299707,fallback,fallback_route,True,True,True,0.7333333333333333,0.6666666666666666,0.2000000000000001
23,macro_4,0.4918817180438467,0.608600223174674,0.48985289678614724,0.49843449874423995,0.2255210558193117,0.799705805632463,0.75,0.8,1,0.5266595199040394,0.4486280395300662,0.345816835489671,1.0,0.532942050721348,watch,macro_4,True,True,True,0.7333333333333333,0.6666666666666666,0.45000000000000007
24,macro_3,0.45393338619421975,0.6175858098204315,0.8231503219384111,0.9368713209211261,0.34473686889836025,0.8576044369622611,0.65,0.7125,1,0.5525896562534822,0.2512016843748999,0.0,0.75,0.3687068007824437,fallback,fallback_route,True,True,True,0.7333333333333333,0.6666666666666666,0.2000000000000001
25,macro_3,0.7383202004377648,0.3341636838151546,0.6804149299552095,1.0,0.07307319319432794,0.6714944520872563,0.65,0.7125,1,0.5666827186503591,0.41281442560362036,0.7880319751471888,0.75,0.611050551715328,watch,macro_3,False,False,True,0.6666666666666666,0.6666666666666666,0.6000000000000001
26,macro_2,0.40691598705485565,0.5131178299399118,0.17625948508946793,0.49601519373996306,0.2348240125316352,0.9390413563293744,0.55,0.625,1,0.592876648860274,0.5753724153226863,0.3188311616275976,0.5,0.5060577213386669,watch,macro_2,True,True,True,0.6666666666666666,0.6666666666666666,0.45000000000000007
27,macro_4,0.2657704513280643,0.5118693668869103,0.7488526007252028,1.0,0.13950019843213182,0.7439491151928634,0.75,0.8,1,0.34409523297088407,0.30685216637524415,0.5953429672958448,1.0,0.4959821149575816,fallback,fallback_route,True,True,True,0.6666666666666666,0.6666666666666666,0.2000000000000001
28,macro_2,0.48226961429213694,0.6458484660883739,0.4756152781610874,0.5888941192461562,0.10790018826028992,0.7639245835912254,0.55,0.625,1,0.49079630306719557,0.41094841760400214,0.6870071118151786,0.5,0.5212675884283137,watch,macro_2,False,True,True,0.7333333333333333,0.7333333333333333,0.56
29,macro_2,0.48959940311491773,0.7999560617275737,0.9386118042353098,1.0,0.15460755613809218,0.8177752205150789,0.55,0.625,1,0.5404885020104978,0.1153690180773857,0.5515201010203653,0.5,0.430893255478112,fallback,fallback_route,True,False,True,0.7333333333333333,0.8,0.12000000000000002
30,macro_2,0.6946537635432786,0.2853659795053977,0.4631031158907701,0.556675337586627,0.12495331869439673,0.663711565466015,0.55,0.625,1,0.5339365903735814,0.6023723968779519,0.6375400197440528,0.5,0.5718559107862546,watch,macro_2,False,False,True,0.7333333333333333,0.8,0.52
31,macro_1,0.6003200242646242,0.5187477424201057,0.46084617922444104,0.612764456511536,0.12883165804897748,0.8428770028928938,0.44999999999999996,0.5375,1,0.6280342425331793,0.47222346985595287,0.6262898759257418,0.24999999999999992,0.5319403213320364,watch,macro_1,False,True,True,0.7333333333333333,0.8666666666666667,0.48
32,macro_0,0.5142367906469116,0.9203638869147434,0.7552829027011329,0.6713686181607086,0.08733334697386647,0.916746627292501,0.35,0.45,1,0.6385168046745135,0.18315517632716796,0.7466666467878862,0.0,0.4559363374148433,fallback,fallback_route,True,True,True,0.7333333333333333,0.9333333333333333,0.04000000000000006
33,macro_2,0.7133945204195211,0.364102942796859,0.8107316205842341,1.0,0.008151227216091933,0.8492933823497291,0.55,0.625,1,0.70127582310831,0.365265623455512,0.9763552206001639,0.5,0.6558517491018274,watch,macro_2,False,True,True,0.7333333333333333,0.9333333333333333,0.44000000000000006
34,macro_4,0.23602265022188687,0.34443749567742,0.7320248409840509,0.7928213937111972,0.0,0.6611102435821274,0.75,0.8,1,0.256569923737482,0.446569693487478,1.0,1.0,0.6014418966799882,watch,macro_4,False,True,True,0.7333333333333333,0.9333333333333333,0.44000000000000006
35,macro_0,0.3348447241050454,0.6005765479577985,0.19860067065379794,0.4031838675121341,0.17225959066249816,0.807619070567034,0.35,0.45,1,0.4390932522237399,0.5492655914796177,0.5003157300436991,0.0,0.4160779686591382,fallback,fallback_route,True,True,True,0.8,1.0,2.7755575615628914e-17
36,macro_4,0.28321633054700557,0.76109629762133,0.7545086099820628,0.8222494675689644,0.09786399279314292,0.894202890297949,0.75,0.8,1,0.48094275911433526,0.22526233180157818,0.7161197376251728,1.0,0.5536754830467051,watch,macro_4,False,True,True,0.8,1.0,0.4
37,macro_4,0.37983423543196176,0.5528565138901649,0.36142298708140025,0.48954186572891456,0.07231288802750666,0.6322011234034092,0.75,0.8,1,0.31854111597156015,0.5108305298523388,0.7902374403451844,1.0,0.5867563831394268,watch,macro_4,False,False,False,0.7333333333333333,0.9333333333333333,0.44000000000000006
38,macro_1,0.20219649343986443,0.8822401476092474,0.6788190278970658,0.45756245427469766,0.12068045013785228,0.7125233986182286,0.44999999999999996,0.5375,1,0.27951836418376474,0.2747845556524354,0.649934599326442,0.24999999999999992,0.366511216209037,fallback,fallback_route,True,True,True,0.7333333333333333,0.9333333333333333,0.04000000000000006
39,macro_3,0.5643271704265928,0.7641984956416318,0.26406639115023495,0.8071503399730278,0.1835945802332502,0.907654360408152,0.65,0.7125,1,0.6609234331697201,0.3500965693983684,0.46743561018018087,0.75,0.5482062465040394,watch,macro_3,False,True,True,0.7333333333333333,0.9333333333333333,0.44000000000000006
40,macro_0,0.4099999145222208,0.7604550167225155,0.731580536885766,0.5877713969427881,0.13442911544211186,0.8470095434197286,0.35,0.45,1,0.5173180991108545,0.2899345081816037,0.6100529778793519,0.0,0.406058206204038,fallback,fallback_route,True,True,True,0.8,0.9333333333333333,0.04000000000000006
41,macro_3,0.1852548669895216,0.6885291253310234,0.4183502739231568,0.6496439786279515,0.0675156050687226,0.8611971582126754,0.65,0.7125,1,0.3944044195975239,0.3887368741967112,0.8041532218921776,0.75,0.5487640708813555,watch,macro_3,False,True,True,0.8,0.9333333333333333,0.44000000000000006
42,macro_3,0.26719576538264256,1.0,0.29934133743486957,0.583496305466323,0.218103436451916,1.0,0.65,0.7125,1,0.5603174592295855,0.27929058927470185,0.3673335922876876,0.75,0.4702671561209523,fallback,fallback_route,True,False,True,0.7333333333333333,0.9333333333333333,0.04000000000000006
43,macro_1,0.5064324925410352,0.498709577783489,0.7984550341205998,0.6641457816513586,0.24633484023853056,0.8668552778506202,0.44999999999999996,0.5375,1,0.591870097663058,0.3849950071652659,0.28544097698132154,0.24999999999999992,0.4122635302187171,fallback,fallback_route,True,True,False,0.7333333333333333,0.8666666666666667,0.07999999999999999
44,macro_0,0.6008627822209887,0.04911942698337157,0.6804111304191878,0.6862414743590373,0.15956453242582827,0.8857888010433179,0.35,0.45,1,0.6644534529391265,0.633777135313758,0.5371410869521092,0.0,0.525288264095161,watch,macro_0,False,True,True,0.8,0.8666666666666667,0.48
45,macro_4,0.8094115605045216,0.9510635903792852,0.46650579965177574,0.09575826682364613,0.19789308090752722,1.0,0.75,0.8,1,0.885646936302713,0.3839021881915019,0.4259590465623432,1.0,0.6624417363944108,watch,macro_4,True,True,True,0.8666666666666667,0.8666666666666667,0.32999999999999996
46,macro_2,0.9744952438813193,0.43557514226079364,0.982794712255266,0.7466431671523833,0.21935679974510489,0.7986195441909509,0.55,0.625,1,0.8153139697140993,0.34985295901769087,0.363697882254136,0.5,0.5387475997178914,watch,macro_2,True,True,True,0.8666666666666667,0.8666666666666667,0.32999999999999996
47,macro_4,0.5245936979896794,0.5769701110857584,0.5098368946075644,0.33449514504242484,0.2104079453123611,0.7402117236381505,0.75,0.8,1,0.4962456224172136,0.5004319345446235,0.3896563892781765,1.0,0.5462080488017248,watch,macro_4,True,True,True,0.8666666666666667,0.8666666666666667,0.32999999999999996
48,macro_3,0.2718831383942645,0.8773876712151318,0.6280269184927336,0.21942521611014715,0.1691279341690099,0.8627796398247132,0.65,0.7125,1,0.4477124240317913,0.3494431307417139,0.5093999237462635,0.75,0.48391011203312134,fallback,fallback_route,True,True,True,0.8666666666666667,0.8666666666666667,0.07999999999999999
49,macro_3,0.0662316694683644,0.14943511473526871,0.6872283619196502,0.5653971890353293,0.1678677637659906,0.8638991029388894,0.65,0.7125,1,0.3252631346376973,0.6121260548936207,0.5130553795930555,0.75,0.5076374557448631,watch,macro_3,False,False,True,0.8,0.8666666666666667,0.48
50,macro_3,0.49818806322189046,0.23708819647346518,0.4650835164678466,0.6009952508286135,0.1615728458677202,0.7673284608053791,0.65,0.7125,1,0.503210408626964,0.6149362099391523,0.5313154453596979,0.75,0.5751865568441499,watch,macro_3,False,False,False,0.7333333333333333,0.8,0.52
51,macro_0,0.3036706028441414,0.14968051572028662,0.7377840733499823,0.40662345885692974,0.03221298603623651,0.7167602980445151,0.35,0.45,1,0.3439665295951997,0.6390578590881286,0.9065577576916093,0.0,0.5067921895532543,watch,macro_0,False,True,True,0.7333333333333333,0.8,0.52
52,macro_1,0.37523569316765665,0.3514659274936441,0.48663691320881886,0.7877579644169935,0.17605785254876685,1.0,0.44999999999999996,0.5375,1,0.625141415900594,0.5056683168467249,0.48929787199327823,0.24999999999999992,0.5050410427752087,watch,macro_1,False,True,True,0.8,0.8666666666666667,0.48
53,macro_2,0.33982257616923456,0.6599091515042484,0.5170904194459477,0.24445620840727322,0.011534882309875677,0.8526843470388022,0.55,0.625,1,0.47998483190214525,0.4796587672845706,0.9665400386482116,0.5,0.6045443926489463,watch,macro_2,False,True,True,0.8,0.8666666666666667,0.48
54,macro_2,0.42465764044505067,0.6810469607031928,0.9606606599508353,0.47826406280686024,0.056432043589995595,0.7467714618597924,0.55,0.625,1,0.44180145130702575,0.2997453389589797,0.8363040084156661,0.5,0.5136428448011204,watch,macro_2,False,False,False,0.7333333333333333,0.8,0.52
55,macro_0,0.6418764415417758,0.6190685448321385,0.3598534868718917,0.4337814662667498,0.224285205424647,0.9115930302279598,0.35,0.45,1,0.7107658516124213,0.4920569892992704,0.3494017447528258,0.0,0.45913273157737156,fallback,fallback_route,True,True,True,0.7333333333333333,0.8,0.12000000000000002
56,macro_2,0.478268742140162,0.19680852902690843,0.01680491726762745,0.5683531824151651,0.1872176130155358,0.8090854848438666,0.55,0.625,1,0.5263810792045118,0.7553062105658477,0.45692605025448063,0.5,0.5622914429266612,watch,macro_2,False,True,True,0.7333333333333333,0.8,0.52
57,macro_0,0.42144572933303615,0.0,1.0,0.6497160711618096,0.238991863174869,0.7947118553682169,0.35,0.45,1,0.4801974636474372,0.5875709822095476,0.30674121413647915,0.0,0.3916471613631097,fallback,fallback_route,True,True,True,0.8,0.8,0.12000000000000002
58,macro_3,0.26358232449135394,0.5635883963475956,1.0,0.3280267625941138,0.09826604930501662,0.8762272871914493,0.65,0.7125,1,0.4540428904687539,0.38619911117767375,0.7149534669180142,0.75,0.5467031561879858,watch,macro_3,False,True,True,0.8,0.8666666666666667,0.48
59,macro_3,0.14855706995321577,0.4320559915904161,0.518682683637667,0.761070669364057,0.027820092697858595,0.690811773176831,0.65,0.7125,1,0.22907283819384217,0.46403366595436096,0.9193005007362272,0.75,0.5385090350404917,watch,macro_3,False,False,False,0.7333333333333333,0.8,0.52
60,macro_4,0.36246457636680046,0.664846442929153,0.13579048984495368,0.5957505920836749,0.10076502423437257,0.8552627203917171,0.75,0.8,1,0.49573872841806266,0.48469150805326644,0.7077045325718225,1.0,0.6216075651025942,watch,macro_4,False,True,True,0.7333333333333333,0.8,0.52
61,macro_3,0.4403191408527023,0.7254884065553175,0.5423790059510141,0.10701343667202234,0.12816250377924593,1.0,0.65,0.7125,1,0.6641914845116215,0.4749076860665821,0.6282309339618894,0.75,0.6207516745861854,watch,macro_3,False,True,True,0.7333333333333333,0.8,0.52
62,macro_1,0.768227384444379,0.5845603580146705,0.5484442625398327,0.0903521399007422,0.12631909730720078,0.8666177662197311,0.44999999999999996,0.5375,1,0.7487472593247565,0.548020720382521,0.6335782194957401,0.24999999999999992,0.5949612757332301,watch,macro_1,False,True,True,0.7333333333333333,0.8,0.52
63,macro_4,0.47344941386511946,0.7400332713439635,0.5725190397444357,0.5769201767676722,0.21069443830053614,0.7823787896216535,0.75,0.8,1,0.501026205674514,0.3426235601999913,0.3888253409801208,1.0,0.5082213972811079,watch,macro_4,True,True,True,0.7333333333333333,0.8,0.37
64,macro_2,0.6268931119841503,0.6073028435287672,0.34165298951953793,0.5247581705534115,0.09109836599972435,0.7692894719571758,0.55,0.625,1,0.582082864572395,0.47974578821737907,0.7357452184013914,0.5,0.5826017542550308,watch,macro_2,False,True,True,0.8,0.8,0.52
65,macro_1,0.36012679226295263,0.6825161764003667,0.7648902856191193,0.5541449716063416,0.14816275774423393,0.778966002665489,0.44999999999999996,0.5375,1,0.4301621024354769,0.32898309749345145,0.5702149346030141,0.24999999999999992,0.4128562438765333,fallback,fallback_route,True,True,True,0.8666666666666667,0.8666666666666667,0.07999999999999999
66,macro_4,0.2367101220449356,0.37383168428252944,0.7511268438215215,0.5730043858674455,0.04090982804523151,0.7946037321952218,0.75,0.8,1,0.3692651557595572,0.4820513504364935,0.8813302790155204,1.0,0.6200882118788485,watch,macro_4,False,True,True,0.8666666666666667,0.8666666666666667,0.48
67,macro_1,0.2762789827981731,0.5050971465421354,0.24639859504517336,0.6363899598775451,0.15602538224350504,0.7822193467241727,0.44999999999999996,0.5375,1,0.3825898379702095,0.5267542879982527,0.5474073233243107,0.24999999999999992,0.4399468461202142,fallback,fallback_route,True,True,True,0.8666666666666667,0.8666666666666667,0.07999999999999999
68,macro_0,0.3194593083835644,0.5991940241642394,0.794799182923722,0.8169124024620749,0.12024868401485093,0.9116311441074566,0.35,0.45,1,0.5173476296943043,0.2974750915714311,0.6511870505782653,0.0,0.41823720593043057,fallback,fallback_route,True,True,False,0.8666666666666667,0.8,0.12000000000000002
69,macro_2,0.8331245518383297,0.7551321188543547,1.0,0.3022237747706104,0.0600149329372386,0.6466790896791016,0.55,0.625,1,0.6026928724458909,0.29687799688017,0.8259108950863826,0.5,0.5666397283476999,watch,macro_2,False,True,True,0.9333333333333333,0.8666666666666667,0.48
70,macro_3,0.3021503977396105,0.45156470694385703,0.662990083109265,0.28700710177480127,0.10113365102601177,0.9062000050412133,0.65,0.7125,1,0.5023940962712081,0.536718350307055,0.7066352335646777,0.75,0.599176329662856,watch,macro_3,False,True,True,0.9333333333333333,0.8666666666666667,0.48
71,macro_0,0.6009280566725421,0.6802918139330282,0.5356687094828735,0.30666903552815433,0.10526594027878226,0.7820313474857439,0.35,0.45,1,0.5772211541980488,0.449269656780729,0.6946484412439851,0.0,0.4880069284754956,fallback,fallback_route,True,True,True,0.9333333333333333,0.8666666666666667,0.07999999999999999
72,macro_2,0.2874731079443352,0.4835403020211553,0.5844991963981196,0.6522291667921767,0.09838758965303229,0.8576947785695371,0.55,0.625,1,0.45278947656040536,0.4490477581918483,0.7146009071572783,0.5,0.5243884831334235,watch,macro_2,False,True,True,0.9333333333333333,0.8666666666666667,0.48
73,macro_0,0.6176831423173639,0.5206144581679675,0.7738141917421403,0.8912368446616113,0.2617072993814147,0.7073012089799136,0.35,0.45,1,0.5244179159906033,0.32343001181507836,0.24084911423102073,0.0,0.3246160521082359,fallback,fallback_route,True,True,True,0.9333333333333333,0.8666666666666667,0.07999999999999999
74,macro_3,0.5192911738990553,0.7573797605060183,0.18733209862319544,0.47216514044012237,0.11212431981536962,0.9528631066849436,0.65,0.7125,1,0.6719273776245567,0.4564358099811614,0.6747539067298671,0.75,0.630472011346352,watch,macro_3,False,True,True,1.0,0.9333333333333333,0.44000000000000006
75,macro_2,0.42180517842154375,0.05173490723646107,0.6610976757443255,0.0,0.10048831118581297,0.9445634960171873,0.55,0.625,1,0.6064548922775781,0.8088581274456881,0.7085072115815956,0.5,0.6666005470539732,watch,macro_2,False,True,True,1.0,0.9333333333333333,0.44000000000000006
76,macro_1,0.4426627452956219,0.2258819179813098,0.5223840126342975,0.15400178434740608,0.0,0.9159590525750073,0.44999999999999996,0.5375,1,0.5949099402528666,0.7179625917639192,1.0,0.24999999999999992,0.6752091270294831,watch,macro_1,False,True,True,1.0,0.9333333333333333,0.44000000000000006
77,macro_1,0.3321382148227097,0.17945365063929486,1.0,0.37174081930099706,0.04846341184164181,0.668524522420646,0.44999999999999996,0.5375,1,0.3204754888334954,0.5673379698551033,0.8594191216143742,0.24999999999999992,0.5063556939590927,watch,macro_1,False,False,False,0.9333333333333333,0.8666666666666667,0.48
78,macro_2,0.5302929962667745,0.0,0.5764568165487606,0.4405677781261963,0.09895412604349177,0.9029121071066053,0.55,0.625,1,0.6365141705527873,0.7457438513312609,0.7129575192821436,0.5,0.6624553023468266,watch,macro_2,False,True,True,0.9333333333333333,0.8666666666666667,0.48
79,macro_3,0.3681029735386596,0.38043388996120586,1.0,0.47790284318631837,0.06513178590586857,0.8604855087635709,0.65,0.7125,1,0.5035147078417886,0.4403073442228175,0.8110681166363103,0.75,0.6015740129594079,watch,macro_3,False,True,True,0.9333333333333333,0.8666666666666667,0.48
80,macro_4,0.22939096252189534,0.7373584749319352,0.3440648255544982,0.5896452807452293,0.23053660747022375,0.6594728752867431,0.75,0.8,1,0.25121370377109314,0.39789323595910053,0.3312679081673927,1.0,0.42021508235150595,fallback,fallback_route,True,True,True,0.9333333333333333,0.8666666666666667,0.07999999999999999
81,macro_2,0.21997123662246854,0.4787789834043564,0.766814791700698,0.5020634172943882,0.1068049779683025,0.8175702616229183,0.55,0.625,1,0.3785392090787224,0.4433909560490503,0.6901840574534193,0.5,0.49088247655317024,fallback,fallback_route,True,True,False,0.9333333333333333,0.8,0.12000000000000002
82,macro_0,0.48106582518998153,0.5994475204854631,0.6998500659478072,0.8423349026358518,0.2230755399454602,0.8564534489033262,0.35,0.45,1,0.5679010117335909,0.31472999761135373,0.3529106977785129,0.0,0.3656755279542234,fallback,fallback_route,True,True,False,0.9333333333333333,0.7333333333333333,0.16000000000000006
83,macro_4,0.7342364261538783,0.8223043741776982,0.4027381880338044,0.41099567357965777,0.12493637072402944,0.8756075273823151,0.75,0.8,1,0.735914065104156,0.38541434750778536,0.637589181791679,1.0,0.6633208051113207,watch,macro_4,False,True,True,0.9333333333333333,0.8,0.52
84,macro_3,0.47879849044321887,0.881921533066923,0.6643490286592351,0.3644205101311142,0.12297822691372613,0.8377261366948855,0.65,0.7125,1,0.5507888756013078,0.3018468487689512,0.6432692931663653,0.75,0.5415551419442868,watch,macro_3,False,True,True,0.9333333333333333,0.8,0.52
85,macro_3,0.42864510130022115,0.5327155163184651,0.9231297092079,0.6997188846301153,0.11289628418299992,0.8491231416847379,0.65,0.7125,1,0.5302829804590692,0.32793009338126355,0.6725146209520008,0.75,0.5482102217439903,watch,macro_3,False,False,False,0.8666666666666667,0.7333333333333333,0.56
86,macro_0,0.5014487051284577,0.8883964723923494,0.5390520739283499,0.19608948251847014,0.12030370012971672,0.9673611392253095,0.35,0.45,1,0.6734163409347087,0.3720163746921203,0.6510274618605235,0.0,0.49145667846530894,fallback,fallback_route,True,True,True,0.8666666666666667,0.7333333333333333,0.16000000000000006
87,macro_1,0.6850803135072285,0.5730316646085274,0.19700933770755918,0.6774229263300005,0.2575036002439888,0.9426033909910679,0.44999999999999996,0.5375,1,0.7627713087925587,0.4948761016863464,0.25304304971247715,0.24999999999999992,0.4914497459271014,fallback,fallback_route,True,True,False,0.8666666666666667,0.6666666666666666,0.2000000000000001
88,macro_3,0.48948885024549416,0.3406504440431345,0.6156092933806385,0.6056382959315667,0.0,0.5332945046217257,0.65,0.7125,1,0.30114250856571884,0.5243628806503815,1.0,0.75,0.598990598160597,watch,macro_3,False,True,True,0.8666666666666667,0.6666666666666666,0.6000000000000001
89,macro_4,0.3760330984499273,0.4013999119503162,0.3943942263018718,0.5431393775204582,0.0,0.7882561445162317,0.75,0.8,1,0.4475199201936071,0.5649166430692594,1.0,1.0,0.6978611328350773,watch,macro_4,False,True,True,0.8666666666666667,0.6666666666666666,0.6000000000000001
90,macro_2,0.64913196781078,0.17986587185874597,0.5344147653340294,0.9770690267873156,0.07654633351551088,0.8035348972456048,0.55,0.625,1,0.6242303581789561,0.5321961160402907,0.7779572177466192,0.5,0.6210189588093621,watch,macro_2,False,True,True,0.8666666666666667,0.6666666666666666,0.6000000000000001
91,macro_4,0.5271761589230904,0.3279665365665869,0.5996030575787198,0.4244481386763205,0.12116223055500551,0.6447901427273028,0.75,0.8,1,0.4175350239499151,0.5800039326529465,0.6485370684540037,1.0,0.6032725086592078,watch,macro_4,False,True,True,0.8666666666666667,0.6666666666666666,0.6000000000000001
92,macro_4,0.7264360785592785,0.46049582798139277,0.1935869459961207,1.0,0.175208353981121,0.8294183058232312,0.75,0.8,1,0.6923836263122638,0.47135534951027347,0.49176206612012197,1.0,0.6331136231168912,watch,macro_4,False,False,False,0.8666666666666667,0.6666666666666666,0.6000000000000001
93,macro_1,0.48298219869994313,0.7508962548446505,0.21608541516983049,0.5236421376929752,0.157846975842198,0.9448757772410507,0.44999999999999996,0.5375,1,0.6434237674000798,0.4396199843619733,0.5421233117693122,0.24999999999999992,0.5081341426228493,watch,macro_1,False,True,True,0.8666666666666667,0.6666666666666666,0.6000000000000001
94,macro_4,0.22959557429030997,0.980192457791496,0.7405167088813813,0.2607458887574429,0.08926032696955438,0.7113432140409409,0.75,0.8,1,0.2949651472842259,0.2595881216945459,0.7410769342577301,1.0,0.5034040655375481,watch,macro_4,False,True,True,0.8666666666666667,0.6666666666666666,0.6000000000000001
95,macro_0,0.891758595176948,0.0,0.4893203259575799,0.5974798952487063,0.201523495459341,0.8536400938689872,0.35,0.45,1,0.8119503318146515,0.7282999446984285,0.41542807387173675,0.0,0.5701146207776693,watch,macro_0,True,True,True,0.8666666666666667,0.6666666666666666,0.45000000000000007
96,macro_0,1.0,0.0,0.0,0.3109386999203079,0.20241563225221848,0.7284176522703562,0.35,0.45,1,0.7715692886575741,0.9222653250199231,0.41284019635307045,0.0,0.6038256313733993,watch,macro_0,True,False,False,0.8,0.6666666666666666,0.45000000000000007
97,macro_0,0.9020286123429065,0.0,0.8162110091520338,0.3920610380466249,0.13472462650172523,0.7528087976320322,0.35,0.45,1,0.7333020997787583,0.6979319882003353,0.6091957702921341,0.0,0.5834376745456827,watch,macro_0,False,False,False,0.7333333333333333,0.6666666666666666,0.6000000000000001
98,macro_0,0.9874611463600427,0.0,0.68809243881856,0.6792583250038727,0.1970126057989473,0.9677393634170035,0.35,0.45,1,0.965341933938909,0.6581623090443919,0.42851309629712653,0.0,0.6095385282139977,watch,macro_0,True,False,False,0.6666666666666666,0.6,0.49
99,macro_0,0.8656326152793323,0.0,0.441531293990879,0.7188955221625312,0.1418116210745703,0.7657442179888174,0.35,0.45,1,0.7223446169027332,0.7098932959616474,0.5886380777091149,0.0,0.5774534593336471,watch,macro_0,False,False,False,0.6,0.5333333333333333,0.6799999999999999
100,macro_0,0.9034867656364974,0.0,0.2907924472354396,0.4244580749364354,0.0750813578573693,0.8662212489010624,0.35,0.45,1,0.8295693732371684,0.8211873694570313,0.7822067651269823,0.0,0.6911978142790123,watch,macro_0,False,False,False,0.6,0.5333333333333333,0.6799999999999999
101,macro_0,1.0,0.0,0.8289519740785842,0.8268512862616001,0.17582534712000036,0.6328781883939012,0.35,0.45,1,0.6912100610530679,0.586049184914954,0.48997231516934314,0.0,0.5109288963896481,watch,macro_0,False,False,False,0.5333333333333333,0.4666666666666667,0.72
102,macro_0,0.9369550088499574,0.0,0.7073376556401074,0.8693769395052835,0.12884904980629422,1.0,0.35,0.45,1,0.9621730053099744,0.6058213512136523,0.6262394265572936,0.0,0.6447757463012275,watch,macro_0,False,False,False,0.4666666666666667,0.4666666666666667,0.72
103,macro_0,0.9919961302566398,0.0,1.0,0.9390754391408227,0.12010718774035894,0.8802652446306498,0.35,0.45,1,0.8944875415413509,0.5152311402147943,0.6515974977548151,0.0,0.6047777990318752,watch,macro_0,False,False,False,0.4,0.4,0.76
104,macro_0,0.9618477694359623,0.0,0.7250471496812343,0.7123533517814304,0.23783628577516594,0.8017500157349737,0.35,0.45,1,0.8103585569221979,0.6406498746343338,0.31009327045524715,0.0,0.5213112811951646,watch,macro_0,True,False,False,0.3333333333333333,0.3333333333333333,0.65
105,macro_0,0.9447520921999913,0.0,0.7169257853155037,0.9208571780214246,0.0,0.8775546509999894,0.35,0.45,1,0.8638612104718371,0.590554259165768,1.0,0.0,0.699989988456585,watch,macro_0,False,False,False,0.26666666666666666,0.26666666666666666,0.84
106,macro_0,1.0,0.0,0.5782680174728587,0.10980039300648553,0.0065852663872344175,0.6790180571052189,0.35,0.45,1,0.730018780099361,0.827982897380164,0.9808977020407528,0.0,0.7077267228900055,accepted,macro_0,False,False,False,0.2,0.2,0.88
107,macro_0,0.9381670587674049,0.0,0.8241939668001977,0.5005233628428843,0.025034365890050383,0.9382530741752657,0.35,0.45,1,0.9109642596447035,0.6688206675892294,0.9273812343598464,0.0,0.7178879663629152,accepted,macro_0,False,False,False,0.2,0.2,0.88
108,macro_0,0.8609630946218264,0.0,0.7762713003120384,0.3632486859191434,0.09093914819449554,0.787601522450357,0.35,0.45,1,0.7379273085312326,0.7151200034422046,0.7362070715409689,0.0,0.6211063267317248,watch,macro_0,False,False,False,0.13333333333333333,0.13333333333333333,0.92
109,macro_0,0.9098379954024147,0.0,0.9329312521412987,0.609806465281848,0.09963134641871758,0.7995930484951564,0.35,0.45,1,0.7773384451290248,0.6143155706442133,0.7109930633845486,0.0,0.6033956143023491,watch,macro_0,False,False,False,0.06666666666666667,0.06666666666666667,0.96
110,macro_0,0.9775595864350847,0.0,0.4896692703406788,0.43713769520081563,0.0,0.7708344385034515,0.35,0.45,1,0.7937822365259705,0.7682982586146263,1.0,0.0,0.7198983474377463,accepted,macro_0,False,False,False,0.0,0.0,1.0
111,macro_0,0.9697754553181254,0.0,0.5111481317640094,0.5384605395125669,0.04118735741513389,0.7619348597254415,0.35,0.45,1,0.7816262304350933,0.737597832180856,0.8805252320508913,0.0,0.6780999467102194,watch,macro_0,False,False,False,0.0,0.0,1.0
112,macro_0,0.8716470874882281,0.0,0.500224207272005,1.0,0.05113266571811438,0.8894670611628408,0.35,0.45,1,0.8300178585906194,0.6249439481819987,0.8516762483760042,0.0,0.6596612996462174,watch,macro_0,False,False,False,0.0,0.0,1.0
113,macro_0,0.9137828740295899,0.0,0.8177004302947473,0.5375700508949054,0.31659392736607134,0.8455906850104222,0.35,0.45,1,0.8183944583858154,0.6611823797025869,0.08163600726032694,0.0,0.47214265717576376,fallback,fallback_route,True,False,True,0.0,0.06666666666666667,0.5599999999999999
114,macro_0,0.9209139325398876,0.0,0.994593610074183,0.6834480792975535,0.2641393558197717,0.885174814140304,0.35,0.45,1,0.8559677124191811,0.5804895776570658,0.23379429457645662,0.0,0.503159667405094,watch,macro_0,True,False,True,0.0,0.13333333333333333,0.77
115,macro_0,0.9317265202942887,0.0,0.5052898767126748,0.5219326675189412,0.08706004658522805,0.8191205310514428,0.35,0.45,1,0.8068963268737352,0.743194363942096,0.7474594264795733,0.0,0.6550771620112246,watch,macro_0,False,False,False,0.0,0.13333333333333333,0.92
116,macro_0,0.8812043205699224,0.0,0.5138065680517272,0.5989283219892084,0.09091333677545609,0.871319981107718,0.35,0.45,1,0.8204885023988819,0.7218162774897661,0.7362819443537374,0.0,0.6516955313004845,watch,macro_0,False,False,False,0.0,0.13333333333333333,0.92
117,macro_0,0.918581444594026,0.0,0.6985193059674498,0.5815041701090178,0.028063680224936466,0.7781151256074961,0.35,0.45,1,0.7645192123723208,0.6799941309808831,0.9185939110179406,0.0,0.6672287348300182,watch,macro_0,False,False,False,0.0,0.13333333333333333,0.92
118,macro_0,0.9135694757370236,0.0,0.5585596249967746,0.6920810164932898,0.0,1.0,0.35,0.45,1,0.9481416854422142,0.6873398396274839,1.0,0.0,0.753684549811646,accepted,macro_0,False,False,False,0.0,0.13333333333333333,0.92
119,macro_0,0.9885766629880959,0.0,0.8580134132849725,0.8713268838867942,0.11064958508731808,0.6632069583569501,0.35,0.45,1,0.7098658998010408,0.5676649257070583,0.6790317628604406,0.0,0.560127237072239,watch,macro_0,False,False,False,0.0,0.13333333333333333,0.92
120,macro_0,0.9904560655495122,0.0,0.05705567734523831,0.9918484994008323,0.04017184134047794,0.9460937323562983,0.35,0.45,1,0.9489325221083325,0.7377739558134824,0.8834710036415574,0.0,0.7374376226016763,accepted,macro_0,False,False,False,0.0,0.13333333333333333,0.92
121,macro_0,0.9427094770955592,0.0,0.41332373827077634,0.6574050204772917,0.11321195746703921,0.956790745072097,0.35,0.45,1,0.9292819366643654,0.732317810312983,0.6715989275274823,0.0,0.6762278622926442,watch,macro_0,False,False,False,0.0,0.13333333333333333,0.92
122,macro_0,0.9303980102064634,0.0,0.42439591650963854,0.7273867215089005,0.0,0.7347841194034406,0.35,0.45,1,0.7351629958937894,0.7120543404953652,1.0,0.0,0.6853206336866675,watch,macro_0,False,False,False,0.0,0.13333333333333333,0.92
123,macro_0,0.9569962156019556,0.0,0.03991099690346378,0.2922838727036082,0.05904204333517937,1.0,0.35,0.45,1,0.9741977293611733,0.916951282598232,0.8287330173768361,0.0,0.7773902802701776,accepted,macro_0,False,False,False,0.0,0.13333333333333333,0.92
124,macro_0,0.9091712446272212,0.0,0.379090388907799,0.5580308143960948,0.13189016762422645,0.9195490282945318,0.35,0.45,1,0.8778346054243624,0.7657196991740265,0.6174178641069227,0.0,0.6530265027187642,watch,macro_0,False,False,False,0.0,0.13333333333333333,0.92
125,macro_0,0.8926583958916279,0.0,0.39121097103851843,0.8150723662208972,0.149296767822715,0.9171139006822911,0.35,0.45,1,0.8658786852542628,0.698429165685146,0.5669254399745314,0.0,0.6193961912539113,watch,macro_0,False,False,False,0.0,0.13333333333333333,0.92
126,macro_0,0.9029889395537141,0.0,0.5697238363702924,0.7964921596042882,0.15339775669936118,0.8228022187025876,0.35,0.45,1,0.7927504838527077,0.6584460010063549,0.5550294426309597,0.0,0.5808315302577763,watch,macro_0,False,False,False,0.0,0.13333333333333333,0.92
127,macro_0,0.9182593418014271,0.0,0.8982414729150658,0.6329024331987625,0.014360881267437009,0.7982773841781323,0.35,0.45,1,0.7812846341534097,0.6172140234715429,0.9583424850572885,0.0,0.6673387490859012,watch,macro_0,False,False,False,0.0,0.13333333333333333,0.92
128,macro_0,0.8918263100103864,0.0,0.5587348372023244,0.8015984898919881,0.18837485841084495,0.7990591172960392,0.35,0.45,1,0.7660823388600477,0.6599166682264218,0.4535691554755519,0.0,0.5465002745265101,watch,macro_0,False,False,False,0.0,0.06666666666666667,0.96
129,macro_0,0.9581029779531437,0.0,0.36229656993221154,0.7026916772484547,0.05598306427185197,0.8590530596319517,0.35,0.45,1,0.8563098627644282,0.7337529382048334,0.8376063910693647,0.0,0.6925482842860995,watch,macro_0,False,False,False,0.0,0.0,1.0
130,macro_0,0.9864857836891854,0.0,0.6057613646966178,0.8800765645648303,0.1706286331685845,0.9601186275033896,0.35,0.45,1,0.9583468368274637,0.6285405176846379,0.5050467514140722,0.0,0.6188182101642898,watch,macro_0,False,False,False,0.0,0.0,1.0
131,macro_0,0.8706450849600879,0.0,0.8822934053603373,0.6523397892392777,0.11914890587054454,0.8381314217861419,0.35,0.45,1,0.7862377217781642,0.6163417013500962,0.6543772464741113,0.0,0.5928629395784093,watch,macro_0,False,False,False,0.0,0.0,1.0
132,macro_0,0.9512564355608016,0.0,0.3760102959712738,0.4910754211072413,0.009889000073764156,0.7288556376862709,0.35,0.45,1,0.7426915440408384,0.7832285707303712,0.9713143531605267,0.0,0.6985777713870179,watch,macro_0,False,False,False,0.0,0.0,1.0
133,macro_0,0.9390032102366832,0.0,0.3923562790196379,0.6639603142332559,0.09470418363350495,0.9024427062384979,0.35,0.45,1,0.8813454810273723,0.7359208516867766,0.7252855955438092,0.0,0.6737725301672267,watch,macro_0,False,False,False,0.0,0.0,1.0
134,macro_0,0.9670754342768401,0.0,0.7596372398185558,0.0,0.1492290993651014,0.9121150746394792,0.35,0.45,1,0.9063243441876775,0.810090690045361,0.5671217301416662,0.0,0.6615166255124441,watch,macro_0,False,False,False,0.0,0.0,1.0
135,macro_0,0.9493530615948206,0.0,0.5646159710672999,0.6757214340962623,0.16903723043796792,0.8854659528447786,0.35,0.45,1,0.8732760696166706,0.6899156487091095,0.5096630337853256,0.0,0.6055412949894434,watch,macro_0,False,False,False,0.0,0.0,1.0
136,macro_0,0.8773200360034185,0.0,0.7818711726773686,0.0,0.1087209682044465,0.8945498906524982,0.35,0.45,1,0.8376968479622469,0.8045322068306578,0.6846262236125924,0.0,0.6654835043975988,watch,macro_0,False,False,False,0.0,0.0,1.0
137,macro_0,0.8868805350571417,0.0,0.6165883020511758,0.14913414814864545,0.24254231124808423,0.7929071869842191,0.35,0.45,1,0.7579404219069397,0.8085693874500447,0.29644220525889364,0.0,0.5415320458446635,watch,macro_0,True,False,False,0.0,0.0,0.85
138,macro_0,0.9514711787792486,0.0,0.7954159120223918,0.692942150235246,0.2006008616789247,0.727101083286942,0.35,0.45,1,0.7413446161858772,0.6279104844355905,0.41810441592753333,0.0,0.520974340755838,watch,macro_0,True,False,False,0.0,0.0,0.85
139,macro_0,1.0,0.0,0.3612304714898398,0.6993823343166987,0.09946767068801976,0.7331806569359219,0.35,0.45,1,0.7755755009647363,0.7348467985483653,0.7114678479099776,0.0,0.6330300869522434,watch,macro_0,False,False,False,0.0,0.0,1.0
140,macro_0,0.8392906314478498,0.0,0.6169788373029331,0.28939280496501735,0.18000974497095557,0.6564536751542142,0.35,0.45,1,0.6146140247822167,0.7734070894330123,0.47783436814810676,0.0,0.5279252730690556,watch,macro_0,False,False,False,0.0,0.0,1.0
141,macro_0,0.9672863289900789,0.0,0.5673274964092108,0.40197448953026527,0.27470347881505497,0.8436948611545949,0.35,0.45,1,0.8489019343804312,0.757674503515131,0.20315027605577463,0.0,0.5373218719258773,watch,macro_0,True,False,False,0.0,0.0,0.85
142,macro_0,1.0,0.0,0.3160272689739673,0.922635247153533,0.2768387680626422,0.8116551216773406,0.35,0.45,1,0.8415811819412606,0.6903343709681249,0.1969563077273776,0.0,0.5163760833533169,watch,macro_0,True,False,False,0.0,0.0,0.85
143,macro_0,0.9423487061896894,0.0,0.2291305130328279,0.45899246710683095,0.021760009534200195,0.7760012295470291,0.35,0.45,1,0.7770015495694761,0.8279692549650853,0.9368793665622815,0.0,0.7131626977311584,accepted,macro_0,False,False,False,0.0,0.0,1.0
144,macro_0,0.977510124801322,0.0,0.7914372588186654,1.0,0.04587735110742794,0.524438117565493,0.35,0.45,1,0.5865060748807932,0.5521406852953337,0.8669206712527342,0.0,0.5600424653452946,watch,macro_0,False,False,False,0.0,0.0,1.0
145,macro_0,0.9148465459551098,0.0,0.5322619044455055,0.5795200367059135,0.23879350293870807,0.695268253030583,0.35,0.45,1,0.6925949149241737,0.7220545147121453,0.30731661019665335,0.0,0.4997510014506604,fallback,fallback_route,True,False,True,0.0,0.06666666666666667,0.5599999999999999
146,macro_1,0.35470090307410673,1.0,0.3644299295881676,0.6820090442203166,0.03533751593298902,0.9320840651403166,0.44999999999999996,0.5375,1,0.5556957491575425,0.23839025654787893,0.897494236558122,0.24999999999999992,0.5159646354816401,watch,macro_1,False,True,True,0.06666666666666667,0.13333333333333333,0.92
147,macro_1,0.2921650599298341,0.6057699356563189,0.5959552657691669,0.9842185996246519,0.01419670933666567,0.7535373999936869,0.44999999999999996,0.5375,1,0.3679968032855792,0.3020715658233859,0.9588187089415976,0.24999999999999992,0.4815214498411986,fallback,fallback_route,True,False,True,0.06666666666666667,0.2,0.48
148,macro_3,0.43303274023453975,0.9083036266515432,0.9020047143373257,0.6127567790483548,0.08110446954407624,0.8560591677656841,0.65,0.7125,1,0.5387495268323721,0.1671578133278083,0.7647351447982533,0.75,0.5340355739228456,watch,macro_3,False,True,True,0.13333333333333333,0.26666666666666666,0.84
149,macro_3,0.1336088895558064,0.5728800445433021,0.049815538657019265,0.32941400482729966,0.15361813675796687,0.6809314570024743,0.65,0.7125,1,0.21179349420408938,0.6187525918572692,0.5543901722816351,0.75,0.47991341400615734,fallback,fallback_route,True,False,True,0.13333333333333333,0.3333333333333333,0.4
150,macro_0,0.18593185582962174,0.6951942738324492,0.2458403275241684,0.5525681370764274,0.11180826347111228,0.9638705482359231,0.35,0.45,1,0.4811702593035536,0.4528007469336264,0.675670711321344,0.0,0.45052745531998634,fallback,fallback_route,True,True,False,0.2,0.3333333333333333,0.4
151,macro_4,0.8332644801650937,0.5358042014018272,0.3892783895261831,0.5710973159524773,0.06795491036755263,0.8055972339945323,0.75,0.8,1,0.7364445182835304,0.49200397292942133,0.802878901277055,1.0,0.7314762999508547,accepted,macro_4,False,True,True,0.26666666666666666,0.4,0.76
152,macro_0,0.21826393537067446,0.507398104708949,0.9852947166800823,0.2388145869496086,0.06606300306203927,0.8490040396483535,0.35,0.45,1,0.40395410295118694,0.4402736217381028,0.8083668762405659,0.0,0.45354406052758256,fallback,fallback_route,True,True,True,0.3333333333333333,0.4666666666666667,0.31999999999999995
153,macro_4,0.2525785958781649,0.35512940081864514,0.6906467457298241,0.5160419821647941,0.0630130348469833,1.0,0.75,0.8,1,0.551547157526899,0.5207631176170229,0.8172141115966287,1.0,0.6775358124378276,watch,macro_4,False,True,True,0.4,0.5333333333333333,0.6799999999999999
154,macro_0,0.7806444350978365,0.6575753397393883,0.8118293101153067,0.3944519765006408,0.049639229707284585,0.9716440100589403,0.35,0.45,1,0.8445361457096592,0.369642008476319,0.8560083524982068,0.0,0.6020002412420121,watch,macro_0,False,True,True,0.4666666666666667,0.6,0.64
155,macro_3,0.9729120904632733,0.33711570270355806,0.33495977021844237,0.8110894392968585,0.3025306301820849,0.7893434378712941,0.65,0.7125,1,0.8065618490471594,0.5449298462693958,0.12243030126469912,0.75,0.5616366840500295,watch,macro_3,True,True,True,0.5333333333333333,0.6666666666666666,0.45000000000000007
156,macro_3,0.23911800681143852,0.7163963090783574,0.34011603118236844,0.5886529685463139,0.1438008856948444,0.7606779815129641,0.65,0.7125,1,0.34217458811438584,0.4096095955286507,0.5828676922361861,0.75,0.4803804277812442,fallback,fallback_route,True,False,True,0.5333333333333333,0.7333333333333333,0.16000000000000006
157,macro_3,0.3837151877781545,0.8213217511114775,0.7319534291806776,0.5093010627131075,0.19094072435237908,0.7874454988480468,0.65,0.7125,1,0.45144733136529686,0.27902550147081495,0.4461261861472825,0.75,0.45179448788237825,fallback,fallback_route,True,False,False,0.5333333333333333,0.7333333333333333,0.16000000000000006
158,macro_3,0.5114799991692918,0.6416328518093075,0.6345685827338616,0.5534545173443559,0.0808738025504861,0.8709898248476535,0.65,0.7125,1,0.5983762117258898,0.38217779907579186,0.7654042551093357,0.75,0.6088271876503433,watch,macro_3,False,False,True,0.5333333333333333,0.8,0.52
159,macro_2,0.7611655759930066,0.4784378166110771,0.7571847047160316,0.6357805046015415,0.10512346582511609,0.8094775865749129,0.55,0.625,1,0.6964489803228258,0.4125397893650682,0.6950617258866212,0.5,0.5956575219259113,watch,macro_2,False,True,True,0.6,0.8666666666666667,0.48
160,macro_3,0.2723657258829173,0.6634913948271741,0.573082252267887,0.7342035499224449,0.0629156814903716,0.7804755854996528,0.65,0.7125,1,0.37877518828558276,0.34143285203883,0.8174965106243939,0.75,0.5348036565657599,watch,macro_3,False,True,True,0.6666666666666666,0.8666666666666667,0.48
161,macro_1,0.40584998773042025,0.4728317361133969,0.6895359316136568,0.3300719428326546,0.0,0.9667181250709042,0.44999999999999996,0.5375,1,0.6155162646643292,0.5086821633317238,1.0,0.24999999999999992,0.6301012334654461,watch,macro_1,False,True,True,0.6666666666666666,0.8666666666666667,0.48
162,macro_3,0.5899207636911139,0.7838867813662873,0.6595297712262773,0.319603091844682,0.009759257852170689,0.8085790108222163,0.65,0.7125,1,0.5929462916162378,0.36327339354911653,0.9716907046137614,0.75,0.6537722266064028,watch,macro_3,False,True,True,0.7333333333333333,0.8666666666666667,0.48
163,macro_2,0.5282578934039913,0.09214847894621914,0.8144418472712314,0.8561698038506325,0.0,1.0,0.55,0.625,1,0.7169547360423948,0.5362728477464245,1.0,0.5,0.7100023695514442,accepted,macro_2,False,True,True,0.7333333333333333,0.8666666666666667,0.48
164,macro_2,0.38229190717858214,0.4660981579703385,0.8217520704861176,0.47691578194881734,0.0,0.8290742563752173,0.55,0.625,1,0.48560773994767803,0.442283957906097,1.0,0.5,0.6055336984582115,watch,macro_2,False,False,False,0.7333333333333333,0.8,0.52
165,macro_2,0.4259118663871126,0.052297001219000605,0.21503200140205753,0.22578947685078143,0.024371282056151772,0.9985318394224727,0.55,0.625,1,0.6543122348410555,0.86364612982729,0.9293046834995267,0.5,0.7522469855260736,accepted,macro_2,False,False,False,0.6666666666666666,0.8,0.52
166,macro_2,0.20251875449340329,0.17623479244319878,0.058182861164786104,0.6909531773457761,0.22599645435053045,0.8557319422710626,0.55,0.625,1,0.4001659026520922,0.72459859415076,0.3444378169566724,0.5,0.48231716870509034,fallback,fallback_route,True,False,True,0.6,0.8,0.12000000000000002
167,macro_0,0.4071287260845603,0.8909655574534774,0.8704363494128768,0.6958424515081717,0.11644510658365165,0.9162960573249448,0.35,0.45,1,0.5738729868942496,0.16294752104299917,0.6622203277654544,0.0,0.4071475076151007,fallback,fallback_route,True,True,False,0.6,0.7333333333333333,0.16000000000000006
168,macro_0,0.4020502517983881,0.7737962454929215,0.9169312733154842,0.19732118568582335,0.22324510098569395,0.7475388948482276,0.35,0.45,1,0.4288825139140289,0.33453876250321235,0.3524188413641538,0.0,0.32184828083675165,fallback,fallback_route,True,False,False,0.5333333333333333,0.6666666666666666,0.2000000000000001
169,macro_1,0.4917905801327261,0.3701299416788024,0.36484424512166563,0.6373704288659016,0.15287860615207002,0.7346240777412587,0.44999999999999996,0.5375,1,0.47186392515825015,0.564381360663707,0.55653537539919,0.24999999999999992,0.4828815578211118,fallback,fallback_route,True,True,False,0.5333333333333333,0.6,0.24000000000000002
170,macro_0,0.35004110061257715,0.1743741359897758,0.15504114836359284,0.7638957731070933,0.18260470605721274,0.8659705955014987,0.35,0.45,1,0.49729114706544986,0.6830787016374406,0.47030700069666587,0.0,0.462398327056434,fallback,fallback_route,True,True,False,0.5333333333333333,0.5333333333333333,0.2799999999999999
171,macro_2,0.534876934058125,0.0,0.6447587052518002,0.6735966129265657,0.04792824037563398,0.9188553242465315,0.55,0.625,1,0.6526745374594836,0.6704111704554084,0.8609715272729799,0.5,0.6862817625429163,watch,macro_2,False,True,True,0.6,0.5333333333333333,0.6799999999999999
172,macro_3,0.6322888472075692,0.4141261230168414,0.8527095565876324,0.7379953709403488,0.16191607633541366,0.8240256502000463,0.65,0.7125,1,0.6313594692850442,0.395260706609584,0.530319815072777,0.75,0.5648709446703557,watch,macro_3,False,True,True,0.6666666666666666,0.6,0.64
173,macro_3,0.4779772789803239,1.0,1.0,0.2289327254773127,0.17829713872594766,0.6913606664916302,0.65,0.7125,1,0.42718664343355234,0.19276681863067183,0.4828022332055365,0.75,0.4309075881607954,fallback,fallback_route,True,False,True,0.6666666666666666,0.6,0.24000000000000002
174,macro_2,0.5133161535118567,0.6587210678659119,0.7490743930253627,0.6627600387490489,0.07386821662130455,0.6839741633710672,0.55,0.625,1,0.4421771042595546,0.31768085812344116,0.7857258005000813,0.5,0.5056136511467247,watch,macro_2,False,True,True,0.6666666666666666,0.6,0.64
175,macro_4,0.4595679625640161,0.41010692848762764,0.5270708258535762,0.5043450601323883,0.1647632296492933,0.6772863597813759,0.75,0.8,1,0.4043030091734757,0.5370925642596951,0.5220608977049365,1.0,0.5562944187018743,watch,macro_4,False,True,True,0.6666666666666666,0.6,0.64
176,macro_2,0.4500151907564546,0.6662700523750766,0.3967173446037843,0.45930246031883876,0.16529502068598662,0.6432377887060619,0.55,0.625,1,0.36993274208559707,0.4528600225818059,0.5205182978710612,0.5,0.44782103984317573,fallback,fallback_route,True,True,True,0.6666666666666666,0.6,0.24000000000000002
177,macro_0,0.3201195539622875,0.15976041175138933,0.6228628229176636,0.7976389023549316,0.07603579030959337,0.8309485359447087,0.35,0.45,1,0.44988080387832696,0.5649943628061566,0.7794381826563168,0.0,0.4935664177230328,fallback,fallback_route,True,True,False,0.6666666666666666,0.5333333333333333,0.2799999999999999
178,macro_3,0.5069689671011954,0.4756691593255912,0.5451838240286859,0.9498186276685574,0.03017852541832039,0.9325043921708025,0.65,0.7125,1,0.6474101289706244,0.3884148074128936,0.9124592460482722,0.75,0.66431205850501,watch,macro_3,False,True,True,0.6666666666666666,0.5333333333333333,0.6799999999999999
179,macro_2,0.4324884122855719,0.5748693682539346,0.36623302356779597,1.0,0.02526973344813821,0.8186584213075191,0.55,0.625,1,0.5069647768008314,0.3710070599810837,0.9266984888245633,0.5,0.5768640590817027,watch,macro_2,False,True,True,0.7333333333333333,0.6,0.64
180,macro_3,0.8267702956075071,0.528474837044738,1.0,0.9087019678764763,0.12692044335371694,0.5939585242662146,0.65,0.7125,1,0.55453650785107,0.25858708950851195,0.6318338570536323,0.75,0.5291930143884105,watch,macro_3,False,True,True,0.8,0.6666666666666666,0.6000000000000001
181,macro_2,0.7332038824455436,0.7477015304225202,1.0,0.552566454592454,0.14616078950314518,0.800923953966545,0.55,0.625,1,0.6724774156619215,0.2380076211406264,0.5760221702708619,0.5,0.5138745433345446,watch,macro_2,False,True,True,0.8666666666666667,0.6666666666666666,0.6000000000000001
182,macro_2,0.5194523794601702,0.6361613065590132,0.9040121708888571,0.6681800407565858,0.05659793356336684,0.8037201003367392,0.55,0.625,1,0.5465783813970687,0.2888712938091327,0.8358228008967217,0.5,0.5474759571654376,watch,macro_2,False,False,False,0.8,0.6666666666666666,0.6000000000000001
183,macro_0,0.3126497022549418,0.7170815045269993,0.3897874005477181,0.7717057179460609,0.12212682730608788,1.0,0.35,0.45,1,0.5875898213529651,0.35108596811305565,0.6457390017599339,0.0,0.4548626799417852,fallback,fallback_route,True,True,True,0.8666666666666667,0.7333333333333333,0.16000000000000006
184,macro_2,0.24976593504298478,0.3779069294423102,0.8337548310743197,0.6102944873248655,0.16564296289107883,0.6742862087080443,0.55,0.625,1,0.2758983346764003,0.4500342056790486,0.5195089999500001,0.5,0.4139502185440023,fallback,fallback_route,True,True,False,0.8666666666666667,0.7333333333333333,0.16000000000000006
185,macro_3,0.6644057315559957,0.7744538521026371,0.7799066023744754,0.612691046977886,0.16945525717322407,0.7809322397400804,0.65,0.7125,1,0.6143832882768938,0.26462366161059114,0.5084504372429481,0.75,0.5208026756102977,watch,macro_3,False,True,True,0.8666666666666667,0.8,0.52
186,macro_1,0.4972948605264849,0.9572342369059978,0.7306364060510132,0.7859382829690454,0.24415040960979909,0.9905852680544563,0.44999999999999996,0.5375,1,0.6904580882573026,0.1422392092919864,0.2917774928164627,0.24999999999999992,0.38766450641716815,fallback,fallback_route,True,True,True,0.8666666666666667,0.8,0.12000000000000002
187,macro_3,0.5364258126104899,0.30746262008714687,0.9324163167609443,0.5651793384935169,0.22215846657584348,0.8649978341346548,0.65,0.7125,1,0.6083037746542002,0.4718697761428113,0.3555709103996558,0.75,0.5322664927645868,watch,macro_3,True,True,True,0.8666666666666667,0.8,0.37
188,macro_0,0.13597452234464535,0.3280760860713601,0.7788427857153193,0.3976782659065846,0.039896685379476465,0.8763313073516424,0.35,0.45,1,0.37756570160939923,0.541831694058844,0.8842691659091464,0.0,0.4886732105552873,fallback,fallback_route,True,True,True,0.9333333333333333,0.8,0.12000000000000002
189,macro_1,0.6169389266804726,0.8839460840800583,0.8050035590760839,0.4763817335410353,0.2546868967630418,0.8314584437023878,0.44999999999999996,0.5375,1,0.6284013161788418,0.23768063480569107,0.2612136393275305,0.24999999999999992,0.3821640291959,fallback,fallback_route,True,True,False,0.9333333333333333,0.7333333333333333,0.16000000000000006
190,macro_2,0.5317956608785853,0.502164003326235,0.7792265708430526,0.7384775944334355,0.07752187963554281,0.8529943538657264,0.55,0.625,1,0.5954294326645144,0.3694919570177605,0.7751273895267674,0.5,0.569555138068712,watch,macro_2,False,True,True,0.9333333333333333,0.7333333333333333,0.56
191,macro_4,0.250122476805394,0.9009553480166392,0.7051978520005264,0.5807483227999889,0.2035898249963542,0.8977609530278535,0.75,0.8,1,0.46407917009747063,0.22803578229155155,0.409434141329458,1.0,0.47179519043936713,fallback,fallback_route,True,True,True,0.9333333333333333,0.7333333333333333,0.16000000000000006
192,macro_1,0.3651255346590092,0.4393660720269541,0.17409721757145413,0.6650524942170845,0.1254389300840871,0.7390513681107234,0.44999999999999996,0.5375,1,0.39958873742718215,0.5705295360393883,0.6361313761277138,0.24999999999999992,0.47902128614128925,fallback,fallback_route,True,True,False,0.9333333333333333,0.7333333333333333,0.16000000000000006
193,macro_1,0.4974690967841735,0.9137613940676779,0.6409052693526393,0.7475198105505474,0.08702804972344258,0.9078058578908199,0.44999999999999996,0.5375,1,0.6209360150781282,0.1960130329903644,0.7475522417966228,0.24999999999999992,0.49071892397409167,fallback,fallback_route,True,False,False,0.8666666666666667,0.6666666666666666,0.2000000000000001
194,macro_2,0.45944402370412385,0.5828714542013631,0.4809520102877187,0.48628963427559757,0.0,0.6826996983114461,0.55,0.625,1,0.4087818606798538,0.4667538617584894,1.0,0.5,0.5847621166775712,watch,macro_2,False,True,True,0.8666666666666667,0.6666666666666666,0.6000000000000001
195,macro_4,0.3974091865553601,0.6145572058306739,0.3000397605899949,0.7690620409074514,0.10627483918269214,0.8528367972831538,0.75,0.8,1,0.5146650256053505,0.42544594671030145,0.6917218644982662,1.0,0.6094247117640146,watch,macro_4,False,True,True,0.8666666666666667,0.6666666666666666,0.6000000000000001
196,macro_4,0.43137211174812706,0.9411795054174761,1.0,0.6747106508645986,0.0,0.8378740963286326,0.75,0.8,1,0.5224574987569275,0.11073258457511231,1.0,1.0,0.6105432707087027,watch,macro_4,False,False,False,0.8,0.6,0.64
197,macro_0,0.40464407192276064,0.45955738063895724,1.0,0.2712967282721303,0.19738393886742178,0.7583706911807891,0.35,0.45,1,0.43954954150606707,0.4523971276124888,0.42743594702190946,0.0,0.373800608185723,fallback,fallback_route,True,True,True,0.8666666666666667,0.6666666666666666,0.2000000000000001
198,macro_1,0.4774612521784444,0.3147194760187605,0.959805150073903,0.940576197796561,0.24134341257113984,0.8177314724674353,0.44999999999999996,0.5375,1,0.5331688145149154,0.36754492502300373,0.29991992634157216,0.24999999999999992,0.3909752979213643,fallback,fallback_route,True,True,False,0.8666666666666667,0.6,0.24000000000000002
199,macro_4,0.7148685551387683,0.4378589479929115,0.6838033542139687,0.4548138140607709,0.05624712085626478,0.7577459847334447,0.75,0.8,1,0.6251587844051851,0.49641623393485934,0.836840425464187,1.0,0.7021197393915765,accepted,macro_4,False,True,True,0.8666666666666667,0.6666666666666666,0.6000000000000001
200,macro_0,0.0,0.6630834876607847,0.9576562802381642,0.166226164203704,0.14415765940154168,0.7128298673138255,0.35,0.45,1,0.15845824209788495,0.3874876450591406,0.581832776220857,0.0,0.29779049005425917,fallback,fallback_route,True,True,True,0.8666666666666667,0.6666666666666666,0.2000000000000001
201,macro_4,0.4073669523882568,0.15856023195487146,0.6230132951504563,0.3187390726034244,0.06196867823936196,0.7846385258386355,0.75,0.8,1,0.46327741620717255,0.6852817920840941,0.8202435427420663,1.0,0.6885284293790506,watch,macro_4,False,True,True,0.8666666666666667,0.6666666666666666,0.6000000000000001
202,macro_1,0.4817722358470405,0.7093677256627804,0.6706993192244448,0.32473870983041947,0.06972122158905683,0.7096011364628338,0.44999999999999996,0.5375,1,0.4448058648151388,0.3964566299048937,0.7977552508037284,0.24999999999999992,0.4917350228624541,fallback,fallback_route,True,True,True,0.8666666666666667,0.6666666666666666,0.2000000000000001
203,macro_4,0.5032789181436779,0.4153071705955642,0.34663215738450426,0.5930433296643833,0.1819595763092297,0.8522797464093248,0.75,0.8,1,0.5777183233279319,0.557427542939996,0.47217836928582946,1.0,0.6096028912212326,watch,macro_4,False,True,True,0.8666666666666667,0.6666666666666666,0.6000000000000001
204,macro_1,0.3830553753621678,0.8369531651833909,0.7192478261247099,0.5115373736134406,0.116916939052527,0.7049914505847636,0.44999999999999996,0.5375,1,0.3816984942291719,0.27382711747376687,0.6608516535346327,0.24999999999999992,0.40476416573231,fallback,fallback_route,True,True,True,0.8666666666666667,0.7333333333333333,0.16000000000000006
205,macro_2,0.13379007915385516,0.0,0.6350964821061043,0.49579200808985174,0.25917184335448096,0.8911977022991051,0.55,0.625,1,0.38875931368403416,0.717277877451011,0.24820387160012947,0.5,0.4524361970521971,fallback,fallback_route,True,True,False,0.8666666666666667,0.6666666666666666,0.2000000000000001
206,macro_3,0.5090391870685398,0.35335855622395784,0.2943369707913839,0.7349254913706197,0.08142140170376631,0.7018520932071179,0.65,0.7125,1,0.45464823541145316,0.5660051063475202,0.7638157996736578,0.75,0.6040821088993031,watch,macro_3,False,True,True,0.8666666666666667,0.6666666666666666,0.6000000000000001
207,macro_0,0.7609230385495533,0.12838296219147455,0.6072007220458507,0.6649688402981759,0.19994690659795913,0.7633705084418994,0.35,0.45,1,0.6575223193037805,0.6177661283182561,0.4200013847172521,0.0,0.4895746900152002,fallback,fallback_route,True,True,True,0.8666666666666667,0.7333333333333333,0.16000000000000006
208,macro_2,0.17390494711509524,0.34344263340901193,0.6000676090357979,0.6590119676610715,0.12779307303662255,0.7575396591784821,0.55,0.625,1,0.3004070770405092,0.5135087891212766,0.6293025650404102,0.5,0.4658453155045999,fallback,fallback_route,True,True,False,0.9333333333333333,0.7333333333333333,0.16000000000000006
209,macro_2,0.6054890424656739,0.6119164752772358,1.0,0.6824571143321732,0.18366224077953863,0.9525146728874838,0.55,0.625,1,0.7233530275068603,0.2734274837783388,0.4672393429619265,0.5,0.5133402663124673,watch,macro_2,False,False,True,0.8666666666666667,0.7333333333333333,0.56
210,macro_3,0.3908654598378791,0.5051933436375613,0.8435533321283524,0.7340336670005595,0.08422738741360425,0.8530289945616591,0.65,0.7125,1,0.5109004486864135,0.3530065783989914,0.7556762997739088,0.75,0.5684858765834697,watch,macro_3,False,True,True,0.8666666666666667,0.7333333333333333,0.56
211,macro_4,0.4389616177508075,0.4866556077629963,0.6228613597728665,0.053011664555639215,0.11603529299587338,0.7988266197455606,0.75,0.8,1,0.49416796741869634,0.5877039400363754,0.6634090999124194,1.0,0.6357370485837424,watch,macro_4,False,True,True,0.9333333333333333,0.8,0.52
212,macro_3,0.2604782680732892,0.5102037821549849,0.6821968274502708,0.4888904369338847,0.11076008965608522,0.8698719441069723,0.65,0.7125,1,0.4468349120574953,0.4521262928264687,0.6787112152812964,0.75,0.5516015962470646,watch,macro_3,False,True,True,0.9333333333333333,0.8,0.52
213,macro_2,0.3897978889759422,0.6008470601549859,0.6310530945260495,0.03494748387763147,0.05311543081233702,0.6092807652670311,0.55,0.625,1,0.30524075867422784,0.5330763253215868,0.8459247164886294,0.5,0.5265845259885338,watch,macro_2,False,True,True,0.9333333333333333,0.8666666666666667,0.48
214,macro_2,0.6840080270458125,0.2978659895142231,0.569271503801113,0.5890149816994488,0.1729665227665402,0.8156866410359092,0.55,0.625,1,0.6553769506462095,0.5614953838677481,0.4982650874585265,0.5,0.5693220505577419,watch,macro_2,False,False,False,0.8666666666666667,0.8,0.52
215,macro_2,0.5548779435577873,0.7267124102247627,0.3493932006529283,0.5788417569439136,0.17201992044626913,1.0,0.55,0.625,1,0.7329267661346723,0.4045850554884082,0.5010109565710935,0.5,0.5579233711620106,watch,macro_2,False,False,False,0.8,0.7333333333333333,0.56
216,macro_4,0.7618160889737899,0.715666492596371,0.5822370305982677,0.84138306869742,0.16748437559244533,0.8332346506402672,0.75,0.8,1,0.7168215995141666,0.2862617288778926,0.5141674978726305,1.0,0.600994866517589,watch,macro_4,False,True,True,0.8,0.7333333333333333,0.56
217,macro_1,0.6619341400159848,0.6462594844140253,0.43347543583687165,0.8769085981802802,0.2429572523134116,0.8267913169169335,0.44999999999999996,0.5375,1,0.6514728757459742,0.34927424928869943,0.2952385595140874,0.24999999999999992,0.42664370871178764,fallback,fallback_route,True,True,True,0.8,0.7333333333333333,0.16000000000000006
218,macro_0,0.5290356022073237,0.6891333606878158,0.3074211152692134,0.6306937620630918,0.23594758409890426,0.8748128379642196,0.35,0.45,1,0.6121251492773567,0.4209046003230158,0.3155719466476057,0.0,0.39836293898973024,fallback,fallback_route,True,True,False,0.8,0.6666666666666666,0.2000000000000001
219,macro_1,0.7639082147102025,0.6241045002021649,0.7478054536368837,0.454909730650775,0.09000442481206916,0.9095605243314345,0.44999999999999996,0.5375,1,0.7822753538588548,0.3872689538270029,0.7389184826685729,0.24999999999999992,0.5928432329744932,watch,macro_1,False,True,True,0.8,0.6666666666666666,0.6000000000000001
220,macro_0,0.5290187685728938,1.0,0.7178161649833087,0.7012902781364344,0.14984418547473427,0.620253330711014,0.35,0.45,1,0.3980024243000612,0.14522338922006423,0.5653375110310199,0.0,0.31694107356779244,fallback,fallback_route,True,True,True,0.8,0.7333333333333333,0.16000000000000006
221,macro_0,0.5990378718234706,0.5282264572368726,0.1733231221579805,0.4480205906689216,0.07011194485934298,0.6517673518208973,0.35,0.45,1,0.466520654159186,0.5805508431748382,0.7966218551459482,0.0,0.5075754035359117,watch,macro_0,False,False,True,0.7333333333333333,0.7333333333333333,0.56
222,macro_0,0.3966172283637525,0.4732291954163559,0.5893288406262182,0.5796518371391627,0.12186842528916443,0.8410291291086146,0.35,0.45,1,0.5042582993102853,0.4711402328504769,0.6464885648042036,0.0,0.45589760417227,fallback,fallback_route,True,False,True,0.6666666666666666,0.7333333333333333,0.16000000000000006
223,macro_3,0.4619782468546569,0.3616181049106556,0.8689253464749809,0.8265340792401918,0.07202004407049081,0.748512343810249,0.65,0.7125,1,0.4656580889011771,0.395326091115879,0.7910869112995144,0.75,0.5720835817192602,watch,macro_3,False,True,True,0.6666666666666666,0.8,0.52
224,macro_3,0.3244637118059502,0.29193433235554084,0.8848059347240802,0.44055716350264407,0.24960562473088407,0.9512025262219914,0.65,0.7125,1,0.5536341690289561,0.5226920592655485,0.27595320590883476,0.75,0.5059332754537305,watch,macro_3,True,False,False,0.6666666666666666,0.7333333333333333,0.41000000000000003
225,macro_3,0.6281251082270736,0.2388820530997312,0.8764592107213096,0.7814196598106252,0.14909585202743703,0.7884825610114775,0.65,0.7125,1,0.5989655673072771,0.46608925581715066,0.5675082491063774,0.75,0.5805373247884289,watch,macro_3,False,False,False,0.6,0.6666666666666666,0.6000000000000001
226,macro_2,0.2379053478393242,0.32780067169227045,0.629728301725365,0.7493503421730756,0.10255766975164622,0.6265469264286881,0.55,0.625,1,0.2286279800738124,0.4913300031792546,0.7025044925441857,0.5,0.45347841695669444,fallback,fallback_route,True,True,True,0.6,0.6666666666666666,0.2000000000000001
227,macro_3,0.5908230616351791,0.5323299045869823,0.4087386680077122,0.3413020457172946,0.21548948574851015,0.6931986083156002,0.65,0.7125,1,0.4964400248346711,0.5463248692752571,0.3749160441204694,0.75,0.5165642370410666,watch,macro_3,True,True,True,0.6,0.6666666666666666,0.45000000000000007
228,macro_0,0.41568280964907134,0.6335737821244287,0.34907529316048486,0.8234735320543503,0.0,0.5450323980369425,0.35,0.45,1,0.266731747318868,0.3900759026340769,1.0,0.0,0.44087508722012303,fallback,fallback_route,True,True,True,0.6,0.6666666666666666,0.2000000000000001
229,macro_4,0.6608244768241175,0.5627855146380405,0.7061512261875894,0.7546415863428763,0.0,0.7965874462717087,0.75,0.8,1,0.6254022909790528,0.35340903954836334,1.0,1.0,0.7072430617297593,accepted,macro_4,False,True,True,0.6666666666666666,0.7333333333333333,0.56
230,macro_2,0.5851564179716268,0.35861618064257184,0.7148200085912908,0.6054814718431644,0.18366709241758192,0.8011615872735616,0.55,0.625,1,0.5838488128009238,0.4906165395701003,0.4672252695091542,0.5,0.5188075367501369,watch,macro_2,False,True,True,0.7333333333333333,0.8,0.52
231,macro_4,0.7777163083764242,0.7750461410049909,0.9418327779012663,0.38941913549308693,0.12483747584938944,0.7775537290218102,0.75,0.8,1,0.6795279341883249,0.27966395114891623,0.63787605239811,1.0,0.6172197778526702,watch,macro_4,False,True,True,0.7333333333333333,0.8,0.52
232,macro_0,0.5815394444049561,0.7348531680752369,0.8949949125855209,0.3651984953561075,0.14003570402086085,0.9278879039029738,0.35,0.45,1,0.6882694394977127,0.31752506397697444,0.5937895924263674,0.0,0.46872296792503493,fallback,fallback_route,True,True,True,0.7333333333333333,0.8,0.12000000000000002
233,macro_2,0.16703275398241668,0.5100879231444958,0.586942835867207,0.4455843557742444,0.013888311734516101,0.9398519836516693,0.55,0.625,1,0.44962853601114017,0.48682424051738926,0.9597132973363205,0.5,0.5940043720673265,watch,macro_2,False,True,True,0.7333333333333333,0.8666666666666667,0.48
234,macro_3,0.43794842887832386,0.38677096383382203,0.30894853028478264,0.71564861582299,0.1181413031319707,0.8029611576643888,0.65,0.7125,1,0.4970376565453122,0.5504652315561458,0.6573000633512087,0.75,0.5884045035176979,watch,macro_3,False,True,True,0.7333333333333333,0.8666666666666667,0.48
235,macro_2,0.23903870533293317,0.6871069802074499,0.5402233507472756,0.34109370814965045,0.28028075283210735,0.6065306332523144,0.55,0.625,1,0.21247208411062313,0.43611724517204353,0.1869719252026295,0.5,0.30513752203238637,fallback,fallback_route,True,True,True,0.7333333333333333,0.8666666666666667,0.07999999999999999
236,macro_2,0.3567096283740706,0.5969933968715262,0.6743077987026311,0.6893780621549674,0.18593596958366904,0.8817281580492258,0.55,0.625,1,0.5145461119635554,0.36058183634983726,0.4606437942717143,0.5,0.4603975468426323,fallback,fallback_route,True,False,False,0.7333333333333333,0.8,0.12000000000000002
237,macro_0,0.72202111798981,0.18796818514623814,0.569479188652649,0.2695611177804018,0.13357652361142497,0.8755360228508575,0.35,0.45,1,0.728524737007449,0.6962558308186182,0.6125261448295868,0.0,0.5821791518646584,watch,macro_0,False,True,True,0.8,0.8,0.52
238,macro_1,0.5647560859615853,0.5330049360038989,0.47552647298058603,0.5289828538902878,0.08487568719160499,0.8509391570156944,0.44999999999999996,0.5375,1,0.6134770404648664,0.48237020028033206,0.7537957356785383,0.24999999999999992,0.5612584481524208,watch,macro_1,False,True,True,0.8,0.8,0.52
239,macro_1,0.32419252285582567,0.6155089530185953,0.6832212037424747,0.6074119386435021,0.0884341718504485,0.9181479749308116,0.44999999999999996,0.5375,1,0.5256689319393888,0.3695872378942081,0.7434734145696444,0.24999999999999992,0.4997492892947492,fallback,fallback_route,True,False,True,0.8,0.8666666666666667,0.07999999999999999
