window_id,dominant_truth_regime,estimated_dominant_regime,mixture_policy,mixture_entropy,reconstruction_residual,residual_roll_mean,residual_roll_std,entropy_roll_mean,entropy_roll_std,residual_z,entropy_z,policy_changed,dominant_regime_changed,policy_switch_rate,dominant_switch_rate,residual_drift_component,entropy_drift_component,drift_score,drift_warning,drift_alarm,unknown_regime_candidate,drift_episode_id
0,low_entropy_repeating,low_entropy_repeating,coherent_local,0.7588044502526612,0.039570756196316476,0.039570756196316476,0.03919831557700969,0.7588044502526612,0.4222187137973044,0.0,0.0,True,True,1.0,1.0,0.0,0.0,0.35,True,False,False,
1,low_entropy_repeating,low_entropy_repeating,coherent_local,0.5037101471769257,0.04910847074586821,0.044339613471092346,0.03919831557700969,0.6312572987147935,0.4222187137973044,0.1216597469283377,-0.3020878683672268,False,False,0.5,0.5,0.030414936732084424,0.0,0.18716597469283378,False,False,False,
2,low_entropy_repeating,low_entropy_repeating,coherent_local,0.9614520741437971,0.03691760604750929,0.04186561099656466,0.03919831557700969,0.7413222238577947,0.4222187137973044,-0.12623003692861245,0.5213645027356987,False,False,0.3333333333333333,0.3333333333333333,0.0,0.13034112568392467,0.14925194808764783,False,False,False,
3,low_entropy_repeating,low_entropy_repeating,coherent_local,1.296231432961592,0.022204341086396302,0.03695029351902257,0.03919831557700969,0.880049526133744,0.4222187137973044,-0.37618841114403767,0.9857021781415954,False,False,0.25,0.25,0.0,0.24642554453539886,0.14910638613384972,False,False,False,
4,low_entropy_repeating,low_entropy_repeating,coherent_local,1.3656275379510494,0.03599046046341824,0.036758326907901706,0.03919831557700969,0.9771651284972052,0.4222187137973044,-0.019589270956952943,0.9200501916177125,False,False,0.2,0.2,0.0,0.23001254790442813,0.12750313697610705,False,False,False,
5,low_entropy_repeating,low_entropy_repeating,coherent_local,1.1532502195430998,0.02211061305675143,0.036758326907901706,0.009654912005480078,0.9771651284972052,0.3622134230742849,-1.5171254099168279,0.4861362924246067,False,False,0.16666666666666666,0.16666666666666666,0.0,0.12153407310615168,0.08871685160987125,False,False,False,
6,low_entropy_repeating,low_entropy_repeating,coherent_local,1.0360207449238492,0.048176754519609094,0.034317041266043326,0.010503957072347256,1.0065126436715208,0.3318531466862909,1.319475302367484,0.08891915432492187,False,False,0.14285714285714285,0.14285714285714285,0.329868825591871,0.022229788581230467,0.18750497738205604,False,False,False,
7,low_entropy_repeating,low_entropy_repeating,coherent_local,1.3923115748287285,0.024786056833940882,0.036297000302267006,0.010926386699665551,1.0107280867075679,0.30314432567880684,-1.0534994533168969,1.2587518701132185,False,False,0.125,0.125,0.0,0.31468796752830464,0.12242199188207616,False,False,False,
8,low_entropy_repeating,low_entropy_repeating,coherent_local,0.9514026058632957,0.028575082667553396,0.034858132368726244,0.01090383058479512,1.058426022722713,0.3113987124373382,-0.5762240229328437,-0.3436861240627867,False,False,0.1111111111111111,0.1111111111111111,0.0,0.0,0.03888888888888889,False,False,False,
9,low_entropy_repeating,low_entropy_repeating,coherent_local,1.1655651312468769,0.04048166096546118,0.03416001573526259,0.010412402832653081,1.0465345319605555,0.29346325377651,0.6071263976886915,0.40560648513549136,False,False,0.1,0.1,0.15178159942217287,0.10140162128387284,0.12106304508983737,False,False,False,
10,low_entropy_repeating,low_entropy_repeating,coherent_local,0.9362037954123077,0.06712471401305692,0.03479218025828245,0.010018382773517326,1.0584375918891875,0.279228481861994,3.2273203428523614,-0.4377554725937206,False,False,0.09090909090909091,0.09090909090909091,0.8068300857130903,0.0,0.35455021610341797,True,False,False,
11,low_entropy_repeating,low_entropy_repeating,coherent_local,1.2224742383211389,0.022793409076281836,0.03773150150871649,0.013614951252311644,1.0473254285731075,0.2674508786372819,-1.0971828733294575,0.6548821599897857,False,False,0.08333333333333333,0.08333333333333333,0.0,0.16372053999744643,0.07009680166602827,False,False,False,
12,sequential_ids,sequential_ids,hybrid,0.8147561864504922,0.03329078813517688,0.03648666047268027,0.013678849071362258,1.0619211627187768,0.2599686003647504,-0.2336360381779604,-0.9507493403847581,True,True,0.15384615384615385,0.15384615384615385,0.0,0.0,0.05384615384615385,False,False,False,
13,sequential_ids,sequential_ids,hybrid,1.2581111679369639,0.04475889181737052,0.03624082413902616,0.013126461726691399,1.042908472236601,0.25816849459761076,0.6489233128300198,0.8335745816010959,False,False,0.14285714285714285,0.14285714285714285,0.16223082820750495,0.20839364540027397,0.16699074263307048,False,False,False,
14,sequential_ids,sequential_ids,hybrid,1.2020831951254547,0.017432072444561946,0.03684925754462219,0.01281532366887317,1.0582800933580556,0.2546212640173999,-1.5151535838356225,0.5647725525107735,False,False,0.13333333333333333,0.13333333333333333,0.0,0.14119313812769338,0.08196495119859001,False,False,False,
15,sequential_ids,sequential_ids,hybrid,1.0826720265594039,0.0384824198460008,0.035554778537951505,0.013328044300654936,1.0678669668092156,0.24815268271009464,0.21966021588367748,0.0596610906190496,False,False,0.06666666666666667,0.06666666666666667,0.05491505397091937,0.0149152726547624,0.04902817308539169,False,False,False,
16,sequential_ids,sequential_ids,hybrid,1.112606753656911,0.04807143166922285,0.0354822227812638,0.013307566994361218,1.0894581385629984,0.23296588120756664,0.9460187536365356,0.09936482919540902,False,False,0.06666666666666667,0.06666666666666667,0.2365046884091339,0.024841207298852256,0.12414551052169996,False,False,False,
17,sequential_ids,sequential_ids,hybrid,1.1309534316331957,0.036013686042333376,0.03541308684282077,0.013234210539609036,1.1300512456616643,0.16744755449831875,0.045382318222363174,0.005387871855439087,False,False,0.06666666666666667,0.06666666666666667,0.011345579555590794,0.0013469679638597719,0.028208307146534592,False,False,False,
18,sequential_ids,sequential_ids,hybrid,0.9604920594199556,0.013142662702165006,0.03535282550914238,0.013228927368325157,1.1413513361609573,0.16084627126726955,-1.6789086907565804,-1.1244231786763301,False,False,0.06666666666666667,0.06666666666666667,0.0,0.0,0.023333333333333334,False,False,False,
19,sequential_ids,sequential_ids,hybrid,0.9729601696565287,0.025416832276349874,0.03474871361686029,0.014053463457330186,1.1189687112581814,0.1611141624668239,-0.6640271065433248,-0.9062427440261538,False,False,0.06666666666666667,0.06666666666666667,0.0,0.0,0.023333333333333334,False,False,False,
20,sequential_ids,sequential_ids,hybrid,1.3211179392856147,0.022012533264601356,0.034043805071055734,0.01425052962751213,1.0927908867052134,0.14966810110175105,-0.8442683378559083,1.5255558757949266,False,False,0.06666666666666667,0.06666666666666667,0.0,0.38138896894873164,0.11868057557051624,False,False,False,
21,sequential_ids,sequential_ids,hybrid,1.0955708582294017,0.02997672455021338,0.03403726641824572,0.014256417386128841,1.1039820680213812,0.16040280562823628,-0.2848220189709885,-0.05243804624612383,False,False,0.06666666666666667,0.06666666666666667,0.0,0.0,0.023333333333333334,False,False,False,
22,sequential_ids,sequential_ids,hybrid,1.272137225855979,0.04566839869689283,0.03282393108695268,0.013731913431144414,1.1079520755750847,0.15933397838706306,0.9353734087366936,1.0304465557974085,False,False,0.06666666666666667,0.06666666666666667,0.2338433521841734,0.25761163894935213,0.18127358394434076,False,False,False,
23,sequential_ids,sequential_ids,hybrid,0.9964347890331479,0.04786963821885731,0.03421608721114948,0.01391612039606717,1.0999404523102347,0.146520617883139,0.9811319274324857,-0.7064238744421376,False,False,0.06666666666666667,0.06666666666666667,0.24528298185812142,0.0,0.1214465260765819,False,False,False,
24,uniform_32bit,uniform_32bit,simd,0.7925533599195489,0.018000691789947794,0.035502390914569734,0.014245293861702014,1.1029425978548915,0.14369382575543374,-1.2285950760959437,-2.1600735740974013,True,True,0.13333333333333333,0.13333333333333333,0.0,0.0,0.04666666666666667,False,False,False,
25,uniform_32bit,uniform_32bit,simd,1.2433358991389751,0.03713638604105848,0.03400365963620218,0.01485362142284587,1.0780751464330696,0.1630545182879605,0.2109065597384487,1.0135306486908762,False,False,0.13333333333333333,0.13333333333333333,0.05272663993461218,0.25338266217271904,0.1311029881836913,False,False,False,
26,uniform_32bit,uniform_32bit,simd,1.2251653103108544,0.037378095366150714,0.032004437771402286,0.011776724568728978,1.0985506200148474,0.16325042637138779,0.4562947114108892,0.7755856590069684,False,False,0.13333333333333333,0.13333333333333333,0.1140736778527223,0.1938964147517421,0.14077024149569112,False,False,False,
27,uniform_32bit,uniform_32bit,simd,0.8646607365013377,0.04185162856336117,0.03297675019072688,0.01156203657498953,1.0987300248141618,0.163397752602913,0.7675877469756737,-1.432512278483682,False,False,0.06666666666666667,0.06666666666666667,0.19189693674391842,0.0,0.1000921080309007,False,False,False,
28,uniform_32bit,uniform_32bit,simd,0.715164899235069,0.029273931590025067,0.033547472885939164,0.011787731627888078,1.1020569948175516,0.15760819814037577,-0.3625414174905456,-2.4547713741586006,False,False,0.06666666666666667,0.06666666666666667,0.0,0.0,0.023333333333333334,False,False,False,
29,uniform_32bit,uniform_32bit,simd,1.0534983532437525,0.027958964896959145,0.03251514220411613,0.011407673727545696,1.065860576904092,0.17996918314067742,-0.3993957941450899,-0.06869078014309564,False,False,0.06666666666666667,0.06666666666666667,0.0,0.0,0.023333333333333334,False,False,False,
30,uniform_32bit,uniform_32bit,simd,1.2363078305123802,0.04169796764044916,0.033216935034275946,0.01071635045444119,1.0559549207786452,0.1759807393751066,0.7914104573957782,1.0248445900915584,False,False,0.06666666666666667,0.06666666666666667,0.19785261434894455,0.2562111475228896,0.16652716595363357,False,False,False,
31,uniform_32bit,uniform_32bit,simd,1.0276789009462084,0.028650525319337698,0.03343130488723916,0.010860398592166346,1.0661973077088436,0.18201429688583623,-0.44020291586230936,-0.21162297253589857,False,False,0.06666666666666667,0.06666666666666667,0.0,0.0,0.023333333333333334,False,False,False,
32,uniform_32bit,uniform_32bit,simd,0.6796441085407674,0.013293312913653696,0.032136577797246824,0.010123005530724524,1.0605354508614633,0.18178830730781273,-1.8614296875539482,-2.0952466408112027,False,False,0.06666666666666667,0.06666666666666667,0.0,0.0,0.023333333333333334,False,False,False,
33,uniform_32bit,uniform_32bit,simd,0.796465864499183,0.040996613400851555,0.030621886255334848,0.011149233413023615,1.0304481626553015,0.2051478021884711,0.9305326949981254,-1.1405547342915336,False,False,0.06666666666666667,0.06666666666666667,0.23263317374953135,0.0,0.11638660283314588,False,False,False,
34,uniform_32bit,uniform_32bit,simd,0.9502460881028008,0.05448842446679099,0.032478816301913946,0.010318722751550283,1.0195130829939165,0.21335063533354345,2.1329777494596,-0.3246627058699119,False,False,0.06666666666666667,0.06666666666666667,0.5332444373649,0.0,0.23663110827929337,False,False,False,
35,uniform_32bit,uniform_32bit,simd,0.9924774837970636,0.020995734799851846,0.03441692244794336,0.011553824199378455,1.0179988108903348,0.21378481469227836,-1.1616228752373294,-0.11937857705482055,False,False,0.06666666666666667,0.06666666666666667,0.0,0.0,0.023333333333333334,False,False,False,
36,zipfian_smallints,zipfian_smallints,hybrid,1.2852862784880708,0.029914503861491568,0.03434913588362672,0.01163450051853461,0.9960894471910979,0.19665507998488682,-0.38116218516714817,1.4705789946978178,True,True,0.13333333333333333,0.13333333333333333,0.0,0.36764474867445446,0.1385778538352803,False,False,False,
37,zipfian_smallints,zipfian_smallints,hybrid,1.1165659686530378,0.04151635465318786,0.034344987837711935,0.011636181733313739,1.008737141875009,0.20921005851123606,0.6162989169072352,0.5154093786405026,False,False,0.13333333333333333,0.13333333333333333,0.1540747292268088,0.12885234466012566,0.1405096445224216,False,False,False,
38,zipfian_smallints,zipfian_smallints,hybrid,1.0701962621598835,0.013309132184173185,0.03406818490146494,0.011394452676517107,0.9983657247281464,0.19881754690283934,-1.8218559052176588,0.36128872018298963,False,False,0.13333333333333333,0.13333333333333333,0.0,0.09032218004574741,0.06924721167810352,False,False,False,
39,zipfian_smallints,zipfian_smallints,hybrid,1.0561186007465642,0.03849014317032056,0.03176415116581933,0.011887866891996801,1.003283156269929,0.1996767062011974,0.565786233966255,0.26460494675223895,False,False,0.06666666666666667,0.06666666666666667,0.14144655849156376,0.06615123668805974,0.09644976590197377,False,False,False,
40,zipfian_smallints,zipfian_smallints,hybrid,0.7634207020658779,0.03140966558790464,0.03313011459117751,0.011358815401791861,1.0208541723250633,0.19122620226095255,-0.15146375664646466,-1.346224868084028,False,False,0.06666666666666667,0.06666666666666667,0.0,0.0,0.023333333333333334,False,False,False,
41,zipfian_smallints,zipfian_smallints,hybrid,1.4305725210673224,0.03829995025957648,0.03274833322763392,0.011310680797203744,0.9888598258535234,0.19149109374804713,0.49082956549224466,2.3067009763298856,False,False,0.06666666666666667,0.06666666666666667,0.12270739137306116,0.5766752440824714,0.21658510090317565,False,False,False,
42,zipfian_smallints,zipfian_smallints,hybrid,1.4597248095414774,0.04035306588724264,0.032809790220528975,0.011340099839343016,1.0025536399039545,0.21544319118094926,0.6651859426631591,2.1220033225907087,False,False,0.06666666666666667,0.06666666666666667,0.16629648566578978,0.5305008306476772,0.22247713526156856,False,False,False,
43,zipfian_smallints,zipfian_smallints,hybrid,0.790558736406453,0.02540372700875379,0.03270988604212107,0.011261078848408157,1.0422245781066306,0.2414546742792177,-0.6487973739392376,-1.0422901996374752,False,False,0.06666666666666667,0.06666666666666667,0.0,0.0,0.023333333333333334,False,False,False,
44,zipfian_smallints,low_entropy_repeating,hybrid,1.2278422651080332,0.014349707786655373,0.03245187240336965,0.01138903660442849,1.0472508339180562,0.23485462826742495,-1.5894376017931022,0.7689498467766656,False,True,0.06666666666666667,0.13333333333333333,0.0,0.1922374616941664,0.08139269875687494,False,False,False,
45,zipfian_smallints,zipfian_smallints,hybrid,1.1377838772860547,0.019766313781886882,0.03154458859601607,0.012279765162428043,1.058873761375675,0.2394549758964643,-0.9591611646618116,0.32954051293115943,False,True,0.06666666666666667,0.2,0.0,0.08238512823278986,0.0639296153915308,False,False,False,
46,zipfian_smallints,zipfian_smallints,hybrid,1.8658814904820524,0.0649509633753768,0.030082478338778584,0.012290144163207044,1.052305497827253,0.235559883644118,2.837109291514624,3.45379687158509,False,False,0.06666666666666667,0.2,0.709277322878656,0.8634492178962725,0.5429065669588639,True,False,True,
47,zipfian_smallints,zipfian_smallints,hybrid,0.4530270413952334,0.020156928199522042,0.032502507542514526,0.01521413733723468,1.1081856704629762,0.3152435503019114,-0.8114543899458466,-2.0782617958782343,False,False,0.06666666666666667,0.2,0.0,0.0,0.043333333333333335,False,False,False,
48,clustered_ranges,clustered_ranges,guarded_fallback,0.9336999671496882,0.022805883570345114,0.03296008189490575,0.014689304188355432,1.0930778659866072,0.3415782922911052,-0.6912647122758477,-0.4665925849717021,True,True,0.13333333333333333,0.26666666666666666,0.0,0.0,0.06666666666666667,False,False,False,
49,clustered_ranges,clustered_ranges,guarded_fallback,1.3484744646205402,0.03288813670375423,0.031747366572871985,0.01472927341267947,1.1022268061633076,0.3348376264612714,0.07744917359270782,0.7354240929380451,False,False,0.13333333333333333,0.26666666666666666,0.019362293398176956,0.18385602323451128,0.12037558983456528,False,False,False,
50,clustered_ranges,clustered_ranges,guarded_fallback,0.7600169492087727,0.03262047744441968,0.030307347388669536,0.013337277906332417,1.1287753645978236,0.33770175838497635,0.17343343211124482,-1.0919647444556848,False,False,0.13333333333333333,0.26666666666666666,0.043358358027811204,0.0,0.08401000987779114,False,False,False,
51,clustered_ranges,clustered_ranges,guarded_fallback,1.0349408857708704,0.02770538136390004,0.031082330231640722,0.013093065811602857,1.113277995625271,0.3495300739729664,-0.25791886013657905,-0.22412122865381287,False,False,0.06666666666666667,0.2,0.0,0.0,0.043333333333333335,False,False,False,
52,clustered_ranges,clustered_ranges,guarded_fallback,1.3251670630864563,0.03695411782209329,0.030935055398467956,0.01311953785644775,1.0965883027774574,0.3466955727454646,0.4587861272781853,0.6593068317532538,False,False,0.06666666666666667,0.2,0.11469653181954632,0.16482670793831344,0.13041862304573024,False,False,False,
53,clustered_ranges,clustered_ranges,guarded_fallback,0.7797673065749359,0.017225843503744634,0.030630906276394983,0.012907886426935761,1.110495042406352,0.35170174698805057,-1.038517173978222,-0.9403642083765046,False,False,0.06666666666666667,0.2,0.0,0.0,0.043333333333333335,False,False,False,
54,clustered_ranges,clustered_ranges,guarded_fallback,0.8200117298171719,0.06692704598652746,0.03089202036436641,0.012567584692039186,1.0911331120340222,0.3619245424537445,2.8672989789110477,-0.7491102416808071,False,False,0.06666666666666667,0.2,0.7168247447277619,0.0,0.33006323122443804,False,False,False,
55,clustered_ranges,clustered_ranges,guarded_fallback,1.3108404436047885,0.02145609232869461,0.03278781388544687,0.015579518824357123,1.0753926539720626,0.36862830675931973,-0.7273472921184754,0.6387132639483876,False,False,0.06666666666666667,0.2,0.0,0.1596783159870969,0.08325291233010756,False,False,False,
56,clustered_ranges,clustered_ranges,guarded_fallback,1.0385864926820785,0.03265043153512865,0.032124242334832874,0.015852001693898273,1.1118873034079901,0.36258465720085054,0.03319386265927877,-0.20216192016957132,False,False,0.06666666666666667,0.2,0.008298465664819692,0.0,0.046652719599261205,False,False,False,
57,clustered_ranges,clustered_ranges,guarded_fallback,0.9226046255045817,0.041691083022231214,0.03174760775320302,0.015761646737817464,1.0857549015156407,0.35194521442497345,0.6308652137409767,-0.4635672509826714,False,False,0.06666666666666667,0.2,0.15771630343524418,0.0,0.10641985470743101,False,False,False,
58,clustered_ranges,clustered_ranges,guarded_fallback,1.0983246169621934,0.015830936385205715,0.031836808895535584,0.01581751413668833,1.049946889246514,0.3382356944189121,-1.011908151945096,0.14302963398278393,False,False,0.06666666666666667,0.2,0.0,0.03575740849569598,0.05227268545725733,False,False,False,
59,clustered_ranges,clustered_ranges,guarded_fallback,1.016781268689233,0.03739987420360158,0.031198622853965716,0.01628190656482738,1.0704646146168966,0.33062612944404957,0.3808676179339069,-0.16236873309306732,False,False,0.06666666666666667,0.13333333333333333,0.09521690448347672,0.0,0.07142009512672402,False,False,False,
60,low_entropy_repeating,low_entropy_repeating,coherent_local,1.1114271003818799,0.054590026125602376,0.03273530061509546,0.015653743597512815,1.0563938815223102,0.3279302319532465,1.3961340287856336,0.16781989987308019,True,True,0.13333333333333333,0.13333333333333333,0.3490335071964084,0.041954974968270047,0.19676881328729753,False,False,False,
61,low_entropy_repeating,low_entropy_repeating,coherent_local,1.170051802769252,0.051594330650898336,0.03505688143800983,0.01616686201889805,1.054636763062032,0.3275333494681018,1.0229225789540783,0.3523764512599158,False,False,0.13333333333333333,0.13333333333333333,0.2557306447385196,0.08809411281497895,0.17098245276581925,False,False,False,
62,low_entropy_repeating,low_entropy_repeating,coherent_local,0.70714867111826,0.037748516558328594,0.03416643925637793,0.014704425397870759,1.0082481172145117,0.2427252057167659,0.2436053746693143,-1.2404951680506848,False,False,0.13333333333333333,0.13333333333333333,0.06090134366732858,0.0,0.0710272041335981,False,False,False,
63,low_entropy_repeating,low_entropy_repeating,coherent_local,1.5326264018193232,0.05976391898346875,0.035339211813631706,0.014200140124109749,1.025189559196047,0.20751981031471867,1.7200327064614511,2.445245296863305,False,False,0.06666666666666667,0.06666666666666667,0.4300081766153628,0.6113113242158262,0.34816443503343497,False,False,False,
64,low_entropy_repeating,low_entropy_repeating,coherent_local,1.4592044018278167,0.029252190182960186,0.03780308084117328,0.015050956206752321,1.0651179881740225,0.2432092302659418,-0.5681293582030054,1.6203596039612203,False,False,0.06666666666666667,0.06666666666666667,0.0,0.40508990099030506,0.1246058085809096,False,False,False,
65,low_entropy_repeating,low_entropy_repeating,coherent_local,0.7994764346923686,0.05608072737716947,0.03756068440645367,0.01516461499918092,1.0724999839878409,0.2538708918723848,1.2212668604148047,-1.0754425062534245,False,False,0.06666666666666667,0.06666666666666667,0.3053167151037012,0.0,0.14546001937481381,False,False,False,
66,low_entropy_repeating,low_entropy_repeating,coherent_local,1.0485658773183801,0.02908092315710616,0.03912470106863699,0.015814576906049562,1.0751306163534138,0.250584805206689,-0.6350961733660168,-0.10601097264102413,False,False,0.06666666666666667,0.06666666666666667,0.0,0.0,0.023333333333333334,False,False,False,
67,low_entropy_repeating,low_entropy_repeating,coherent_local,1.4440949211678409,0.040063618231984004,0.039216403854850736,0.015747476598864878,1.076038949123248,0.2504533773687845,0.05380000522714429,1.4695588234495376,False,False,0.06666666666666667,0.06666666666666667,0.013450001306786072,0.3673897058623844,0.12056076032164385,False,False,False,
68,low_entropy_repeating,low_entropy_repeating,coherent_local,0.47595181171131373,0.04465908189915287,0.03942370388217678,0.015736031229161465,1.0839674729953404,0.26058094140442106,0.33270000599478144,-2.3333082445468616,False,False,0.06666666666666667,0.06666666666666667,0.08317500149869536,0.0,0.056603333932811487,False,False,False,
69,low_entropy_repeating,low_entropy_repeating,coherent_local,0.7087323430813841,0.022351545945606937,0.041252586441870666,0.014518976523784831,1.0637131066710988,0.29539630657250737,-1.3018162239937523,-1.2017102261936086,False,False,0.06666666666666667,0.06666666666666667,0.0,0.0,0.023333333333333334,False,False,False,
70,low_entropy_repeating,low_entropy_repeating,coherent_local,1.3064527118596838,0.029988148389487823,0.03828088643914263,0.01340792930511373,1.056294480888713,0.30324685046347655,-0.618495014587896,0.8249326572187025,False,False,0.06666666666666667,0.06666666666666667,0.0,0.20623316430467561,0.07489162440950223,False,False,False,
71,low_entropy_repeating,low_entropy_repeating,coherent_local,0.914432558666598,0.035459472388916266,0.038849690176528846,0.012810873444180264,1.0560019654390393,0.30298577787607706,-0.26463593897391535,-0.46724769491687607,False,False,0.06666666666666667,0.06666666666666667,0.0,0.0,0.023333333333333334,False,False,False,
72,sequential_ids,sequential_ids,hybrid,1.2006723223610993,0.05004136737956907,0.03903695956678135,0.012734080872142818,1.047725036504674,0.3051833555756962,0.8641697079756534,0.5011652259565114,True,True,0.13333333333333333,0.13333333333333333,0.21604242699391335,0.12529130648912784,0.16440646408651396,False,False,False,
73,sequential_ids,clustered_ranges,hybrid,0.8551360687322032,0.032682414811251496,0.03959364519060387,0.013037307883675998,1.0662628829617753,0.30548548083562177,-0.5301117309574461,-0.691118978751262,False,True,0.13333333333333333,0.2,0.0,0.0,0.05666666666666667,False,False,False,
74,sequential_ids,sequential_ids,hybrid,1.099440540367039,0.03863745186906833,0.04071707708567359,0.011475958855662693,1.0500503130797756,0.3100809999691473,-0.18121579743755323,0.15928169456656832,False,True,0.13333333333333333,0.26666666666666666,0.0,0.03982042364164208,0.0766217725770772,False,False,False,
75,sequential_ids,sequential_ids,hybrid,1.1139039324388935,0.036357346724418114,0.040799582263371374,0.0114548359803422,1.0555609311916294,0.3101820010831585,-0.3878043438397805,0.18809279988986138,False,False,0.06666666666666667,0.2,0.0,0.047023199972465346,0.05508913332644967,False,False,False,
76,sequential_ids,sequential_ids,hybrid,0.8110918618435304,0.06315266916922506,0.039584070303292425,0.01083770144812398,1.0557260533287638,0.3102145226749291,2.174685915095629,-0.7885968348199687,False,False,0.06666666666666667,0.2,0.5436714787739072,0.0,0.2608019248428962,False,False,False,
77,sequential_ids,zipfian_smallints,hybrid,0.8846020360902238,0.013048369972444959,0.040354626204514216,0.01209104441439942,1.0317953906003823,0.31457999919135826,-2.2583867065415038,-0.46790436270780433,False,True,0.06666666666666667,0.26666666666666666,0.0,0.0,0.05333333333333334,False,False,False,
78,sequential_ids,sequential_ids,hybrid,0.8668389967810171,0.024063742433845875,0.0387079497654553,0.014002228503586019,1.0436256149318466,0.30468005941862863,-1.045848257797731,-0.5802369144469963,False,True,0.06666666666666667,0.3333333333333333,0.0,0.0,0.06333333333333332,False,False,False,
79,sequential_ids,sequential_ids,hybrid,0.7525239646793224,0.03256001119182639,0.03632793799548043,0.013177377181084322,0.9992397879292929,0.2754476038719102,-0.2859390352067739,-0.895690573765197,False,False,0.06666666666666667,0.3333333333333333,0.0,0.0,0.06333333333333332,False,False,False,
80,sequential_ids,sequential_ids,hybrid,0.9017569603374994,0.0681656294088826,0.03654845939607152,0.013077809425526329,0.9521277587860599,0.250457788966535,2.4176195390551105,-0.2011149202238462,False,False,0.06666666666666667,0.3333333333333333,0.6044048847637776,0.0,0.3050952872388444,False,False,False,
81,sequential_ids,sequential_ids,hybrid,1.023606484809284,0.05185791096188967,0.037354119531519056,0.014645347907176214,0.9589464604957352,0.2473783722717923,0.9903343049248738,0.2613810716691371,False,False,0.06666666666666667,0.3333333333333333,0.24758357623121846,0.06534526791728427,0.17870308080514177,False,False,False,
82,sequential_ids,sequential_ids,hybrid,1.6461891913679234,0.012994321319135145,0.03887258538517129,0.014904781408965728,0.9572825009951289,0.24681580384745036,-1.7362389705514587,2.7911773753653564,False,False,0.06666666666666667,0.3333333333333333,0.0,0.6977943438413391,0.2377819192936681,False,False,False,
83,sequential_ids,sequential_ids,hybrid,1.5643357879299682,0.01854821632318041,0.037067965590981376,0.016321658106184044,0.9707554523418012,0.2787389797616888,-1.1346732061561131,2.1295203633382567,False,False,0.06666666666666667,0.3333333333333333,0.0,0.5323800908345642,0.19642835604197437,False,False,False,
84,uniform_32bit,uniform_32bit,simd,0.9468902920993515,0.01742650056761988,0.03532724121924988,0.0168384245376783,1.0433143840897112,0.2823714444675952,-1.0630887437530678,-0.341479613247315,True,True,0.13333333333333333,0.4,0.0,0.0,0.08666666666666667,False,False,False,
85,uniform_32bit,uniform_32bit,simd,0.7736800180400936,0.060930464666083886,0.034998904860717404,0.017154562802716194,1.0591915806909091,0.26857321958322616,1.5116420390275718,-1.0630678741194173,False,False,0.13333333333333333,0.4,0.37791050975689294,0.0,0.23783087056942387,False,False,False,
86,uniform_32bit,uniform_32bit,simd,1.1717345008506532,0.04666006364092616,0.03706172594582381,0.018329164894897134,1.0236734011029365,0.2687667216171987,0.5236647292157762,0.5508907438611678,False,False,0.13333333333333333,0.4,0.13091618230394406,0.13772268596529194,0.17346381107956726,False,False,False,
87,uniform_32bit,low_entropy_repeating,simd,0.6650291736564051,0.032992655532259385,0.03780843202929114,0.01848670047212108,1.0408268639152067,0.26950650898441314,-0.2604995003729682,-1.394391884190611,False,True,0.06666666666666667,0.4,0.0,0.0,0.07333333333333333,False,False,False,
88,uniform_32bit,uniform_32bit,simd,1.1150075690953518,0.031004187649865678,0.03667185123947049,0.018202792325926555,1.0051173206682271,0.282010432763447,-0.3113622996275116,0.3896673146473072,False,True,0.06666666666666667,0.4,0.0,0.0974168286618268,0.09768754049879003,False,False,False,
89,uniform_32bit,uniform_32bit,simd,1.3335604289895522,0.04207307783817709,0.03655996942871143,0.018234194962267615,1.0224420873591038,0.2801144735738346,0.30234995943194004,1.11068284530381,False,False,0.06666666666666667,0.3333333333333333,0.07558748985798501,0.2776707113259525,0.16298600710801547,False,False,False,
90,uniform_32bit,uniform_32bit,simd,1.0648834973218029,0.04027634612598806,0.03678901115998535,0.018283664942534975,1.038050079933938,0.2910215229556146,0.19073499685256237,0.0922042363847883,False,False,0.06666666666666667,0.3333333333333333,0.04768374921314059,0.023051059096197073,0.08816959779263883,False,False,False,
91,uniform_32bit,uniform_32bit,simd,1.1386183932685263,0.024176629496857293,0.03705027778675669,0.018305044034478114,1.034782050926132,0.2903834165710428,-0.7032841637729644,0.35758358108375976,False,False,0.06666666666666667,0.3333333333333333,0.0,0.08939589527093994,0.08568230715106831,False,False,False,
92,uniform_32bit,uniform_32bit,simd,1.6360871265005668,0.07721125794897175,0.03445187514193216,0.01705906851270768,1.0566171530211317,0.28461860579671916,2.506548365676521,2.0359525331149735,False,False,0.06666666666666667,0.26666666666666666,0.6266370914191303,0.5089881332787434,0.43123520322067127,True,False,True,
93,uniform_32bit,uniform_32bit,simd,0.8363439812854652,0.04078769828834752,0.038729401007033946,0.019216737181978017,1.106716159048488,0.3165276002812078,0.10710960735489948,-0.8541819944568441,False,False,0.06666666666666667,0.2,0.02677740183872487,0.0,0.05404429406882328,False,False,False,
94,uniform_32bit,uniform_32bit,simd,0.738524787844643,0.03891736575362237,0.03984433139733406,0.018785387236173276,1.104683158015451,0.31827146650638405,-0.049345035197447686,-1.1504593014246978,False,False,0.06666666666666667,0.2,0.0,0.0,0.043333333333333335,False,False,False,
95,uniform_32bit,uniform_32bit,simd,1.184440152949651,0.03894123837720708,0.040268155034787124,0.01868072799494373,1.103749879559806,0.31939641278003844,-0.07103131028447535,0.25263362363678515,False,False,0.06666666666666667,0.2,0.0,0.06315840590919629,0.0591229348106324,False,False,False,
96,zipfian_smallints,zipfian_smallints,hybrid,1.1772376947000216,0.048911577223372714,0.038319862299342096,0.017012869793426286,1.1225954257339492,0.31493530181376095,0.6225707026543233,0.1735031559748176,True,True,0.13333333333333333,0.26666666666666666,0.15564267566358084,0.0433757889937044,0.13976768418052513,False,False,False,
97,zipfian_smallints,zipfian_smallints,hybrid,1.1238408172198255,0.027927127888250768,0.03812344005010763,0.01686173876489014,1.1328375063933318,0.313982811686998,-0.6047010749796905,-0.028653444742769575,False,False,0.13333333333333333,0.26666666666666666,0.0,0.0,0.06666666666666667,False,False,False,
98,zipfian_smallints,zipfian_smallints,hybrid,1.021023284941531,0.030617432212946678,0.039118960488048665,0.01567090465486672,1.0980142814501253,0.28012165947601814,-0.5425039536538703,-0.27484842256668535,False,False,0.13333333333333333,0.26666666666666666,0.0,0.0,0.06666666666666667,False,False,False,
99,zipfian_smallints,zipfian_smallints,hybrid,1.4620177524380842,0.03728843768153703,0.03992357488069975,0.014826354287768177,1.0617934479175628,0.24890426328169246,-0.1777333099077105,1.607944748056126,False,False,0.06666666666666667,0.2,0.0,0.4019861870140315,0.14382988008684122,False,False,False,
100,zipfian_smallints,zipfian_smallints,hybrid,1.0994234779842853,0.03144724603235474,0.04124770402162757,0.013501367037167186,1.0961352786068117,0.2668109269826593,-0.7258862925811428,0.012324080585212414,False,False,0.06666666666666667,0.2,0.0,0.0030810201463031036,0.04410358836990911,False,False,False,
101,zipfian_smallints,zipfian_smallints,hybrid,0.5581179009059969,0.029421281280180657,0.03928215611271228,0.012543364773260996,1.1178515092697578,0.2515086604129091,-0.786142651883141,-2.225504303586706,False,False,0.06666666666666667,0.2,0.0,0.0,0.043333333333333335,False,False,False,
102,zipfian_smallints,zipfian_smallints,hybrid,0.6205188066234815,0.06091025321246278,0.03813290395532925,0.012608658087771122,1.0769437359401137,0.28919705768683457,1.8064846625304363,-1.5782488639031602,False,False,0.06666666666666667,0.13333333333333333,0.45162116563260907,0.0,0.21398179958637698,False,False,False,
103,zipfian_smallints,zipfian_smallints,hybrid,1.0328291831679228,0.030072121653156595,0.03999407713400948,0.013799900683274644,1.073976378137919,0.29391533836190853,-0.7189874035753606,-0.1399967591325003,False,False,0.06666666666666667,0.06666666666666667,0.0,0.0,0.023333333333333334,False,False,False,
104,zipfian_smallints,zipfian_smallints,hybrid,1.4140124865157084,0.029983157414661853,0.039931939400895546,0.013845295217701144,1.0684978190760903,0.2938617847637045,-0.7185676514103196,1.1757727073687896,False,False,0.06666666666666667,0.06666666666666667,0.0,0.2939431768421974,0.09681912754388268,False,False,False,
105,zipfian_smallints,zipfian_smallints,hybrid,2.3342434755458417,0.16240206567434928,0.03912594470599453,0.01406195519019073,1.073861289577834,0.29972096256679964,8.766640949596265,4.205185286237419,False,False,0.06666666666666667,0.06666666666666667,1.0,1.0,0.6733333333333333,True,True,True,0.0
106,zipfian_smallints,zipfian_smallints,simd,1.7534068172650201,0.15273652782266073,0.04726765934255194,0.03481554044637391,1.1584852881261036,0.4422928500298029,3.029361718891019,1.3450851121688807,True,False,0.13333333333333333,0.06666666666666667,0.7573404297227547,0.3362712780422202,0.42367065806632365,True,False,True,
107,zipfian_smallints,zipfian_smallints,guarded_fallback,2.0086889470674083,0.13175420838631277,0.05583831923093884,0.04347277422818548,1.199471183059203,0.46805530741527435,1.7462857790167952,1.728893465065116,True,False,0.2,0.06666666666666667,0.4365714447541988,0.432223366266279,0.33268441946824934,False,False,False,
108,clustered_ranges,clustered_ranges,hybrid,2.540562870951292,0.1296427635839097,0.059474515926761576,0.04748416292976953,1.224311304430326,0.501569338908801,1.477718924585658,2.6242664010529366,True,True,0.26666666666666666,0.13333333333333333,0.3694297311464145,0.6560666002632342,0.3851218758577077,True,False,False,
109,clustered_ranges,clustered_ranges,simd,1.839668875526307,0.12116717228973194,0.06539818694646572,0.05043700303954208,1.3379258970747143,0.5922343064243006,1.1057156626421332,0.8472035006444228,True,False,0.3333333333333333,0.13333333333333333,0.2764289156605333,0.2118008751611057,0.25018845172115645,False,False,False,
110,clustered_ranges,clustered_ranges,guarded_fallback,1.7876937452746735,0.12339727531772637,0.07088150738220636,0.05180486853066019,1.4113355029201586,0.5807636847354951,1.0137226174160923,0.6480402470031928,True,False,0.4,0.13333333333333333,0.25343065435402307,0.1620100617507982,0.2418747771793088,False,False,False,
111,clustered_ranges,clustered_ranges,hybrid,2.213282916004243,0.12811251819010505,0.07651190984490763,0.05266784412582556,1.45155240907516,0.5848023743567095,0.9797364639073715,1.30254345575196,True,False,0.4,0.06666666666666667,0.24493411597684286,0.32563586393799,0.26938261237523464,False,False,False,
112,clustered_ranges,clustered_ranges,simd,2.0457673123611375,0.13576663222150584,0.08179197257602314,0.05366382377634395,1.5206220904954413,0.6106986004356384,1.005792260809479,0.859908997058742,True,False,0.4666666666666667,0.06666666666666667,0.25144806520236973,0.2149772492646855,0.2576568717304526,False,False,False,
113,clustered_ranges,clustered_ranges,guarded_fallback,1.5045125536650543,0.12737195531833106,0.0889812728649068,0.053153306282817905,1.5820838568381956,0.6142950560505016,0.7222632873840809,-0.12627694506544618,True,False,0.5333333333333333,0.06666666666666667,0.1805658218460202,0.0,0.18889299540507476,False,False,False,
114,clustered_ranges,clustered_ranges,hybrid,2.2473637973989997,0.11978135541030262,0.09543157440526576,0.051406813276410016,1.614316474753097,0.5951387616890877,0.4736683521003691,1.0636970104006136,True,False,0.6,0.06666666666666667,0.11841708802509228,0.2659242526001534,0.24384789836007525,False,False,False,
115,clustered_ranges,clustered_ranges,simd,1.555546820460473,0.13163274779739642,0.10093110225385013,0.04910328888160017,1.6666728777504916,0.614996989375643,0.6252462028017947,-0.1806936603415608,True,False,0.6666666666666666,0.06666666666666667,0.15631155070044866,0.0,0.2058579536135128,False,False,False,
116,clustered_ranges,clustered_ranges,guarded_fallback,1.6725156096492588,0.14533015661475082,0.10761013570485291,0.04567064089132114,1.6970811005822375,0.5959269715573012,0.8259139645914613,-0.04122231760640197,True,False,0.7333333333333333,0.06666666666666667,0.20647849114786532,0.0,0.23925806312581283,False,False,False,
117,clustered_ranges,clustered_ranges,hybrid,1.9195535757569822,0.12184103230562682,0.11533739406049093,0.04107045283735453,1.7713742811651216,0.5065555616770703,0.1583532110672875,0.2925232797933462,True,False,0.8,0.06666666666666667,0.039588302766821876,0.07313081994833655,0.2041180260938129,False,False,False,
118,clustered_ranges,clustered_ranges,simd,2.240869722486452,0.13259105282717956,0.11939944600003519,0.038216889504748566,1.8579765991073551,0.39436829024333975,0.3451773980801834,0.970902407422096,True,False,0.8666666666666667,0.06666666666666667,0.08629434952004585,0.242725601855524,0.2785324736052327,False,False,False,
119,clustered_ranges,clustered_ranges,guarded_fallback,2.2028820269913805,0.11239102022322026,0.12623404141163672,0.02920543149944091,1.9385126350619235,0.33228827485469303,-0.4739878852566714,0.7956025269006588,True,False,0.9333333333333333,0.06666666666666667,0.0,0.1989006317251647,0.24639182459795786,False,False,False,
120,low_entropy_repeating,low_entropy_repeating,hybrid,1.532233018170649,0.10930803015605817,0.1317278989322073,0.013136809559234639,1.9911039377603015,0.3046215520062995,-1.7066447502654196,-1.5063639294760052,True,True,1.0,0.13333333333333333,0.0,0.0,0.22,False,False,False,
121,low_entropy_repeating,low_entropy_repeating,simd,2.126467167563267,0.12728635408203598,0.1281882965643212,0.011306998314293883,1.9376365739352888,0.3104209644972464,-0.07976850950587984,0.608304897594468,True,False,1.0,0.13333333333333333,0.0,0.152076224398617,0.25801905609965425,False,False,False,
122,low_entropy_repeating,low_entropy_repeating,guarded_fallback,2.178359435222923,0.1121801407702803,0.1264916183149462,0.009043119082690627,1.9625072639551717,0.3095497391728532,-1.5825818316909683,0.6973101355123701,True,False,1.0,0.13333333333333333,0.0,0.17432753387809252,0.26358188346952316,False,False,False,
123,low_entropy_repeating,low_entropy_repeating,hybrid,1.97153711486658,0.15295495743674525,0.1251866804738774,0.009623158941282363,1.973818629832206,0.3144195083600891,2.8855674365075044,-0.007256276718545518,True,False,1.0,0.06666666666666667,0.7213918591268761,0.0,0.4985567436507505,True,False,False,
124,low_entropy_repeating,low_entropy_repeating,simd,2.0782887752032133,0.12023399788104405,0.12674082673073309,0.011986488232637205,1.9358835794265588,0.27271844862072203,-0.542846927353176,0.5221692774166978,True,False,1.0,0.06666666666666667,0.0,0.13054231935417446,0.24263557983854364,False,False,False,
125,low_entropy_repeating,low_entropy_repeating,guarded_fallback,1.8988657464424419,0.11307873480184527,0.12667861510348724,0.012019857812532819,1.9517915727383524,0.27366310595103716,-1.1314509191623534,-0.19339773959878256,True,False,1.0,0.06666666666666667,0.0,0.0,0.21000000000000002,False,False,False,
126,low_entropy_repeating,low_entropy_repeating,hybrid,1.3368766425349774,0.0950564966444881,0.1259907124024285,0.012506481597289006,1.9592030394828703,0.270387293174596,-2.4734545078762533,-2.3016110976947046,True,False,1.0,0.06666666666666667,0.0,0.0,0.21000000000000002,False,False,False,
127,low_entropy_repeating,low_entropy_repeating,simd,2.0670262889431417,0.1514860599753431,0.1237869776327207,0.01480672165880006,1.9007759545849192,0.3041449059346472,1.8707098782700593,0.5466155459704781,True,False,1.0,0.06666666666666667,0.4676774695675148,0.13665388649261953,0.4312344594501608,True,False,False,
128,low_entropy_repeating,low_entropy_repeating,guarded_fallback,1.8223593620938778,0.16934903233401838,0.12483493948297651,0.01620537778000916,1.9021932196903861,0.3049173522123516,2.74687148355669,-0.2618212992978137,True,False,1.0,0.06666666666666667,0.6867178708891725,0.0,0.484687148355669,True,False,False,
129,low_entropy_repeating,low_entropy_repeating,hybrid,1.9438167628087644,0.13007418008524738,0.12763341128402234,0.019882145817978453,1.9233830069189746,0.285748729527131,0.12276183369785665,0.0715095246515878,True,False,1.0,0.06666666666666667,0.030690458424464162,0.01787738116289695,0.22674552866050993,False,False,False,
130,low_entropy_repeating,low_entropy_repeating,simd,1.7238914104459355,0.12258643408710547,0.1283195995956853,0.019769088185299523,1.9031465379462922,0.271562144374469,-0.2900065579573124,-0.6600887883440965,True,False,1.0,0.06666666666666667,0.0,0.0,0.21000000000000002,False,False,False,
131,low_entropy_repeating,low_entropy_repeating,guarded_fallback,1.874607954279813,0.13626578402874,0.12771651201499926,0.019798759672166134,1.9143695106119898,0.25937582853688834,0.43180844272539004,-0.1532970763049524,True,False,1.0,0.06666666666666667,0.10795211068134751,0.0,0.253180844272539,False,False,False,
132,sequential_ids,sequential_ids,hybrid,1.7405506609373214,0.14431488260876926,0.1271122205092652,0.019356144163522132,1.9278423335873598,0.25103022065878033,0.8887442181371705,-0.7460921295150658,True,True,1.0,0.13333333333333333,0.22218605453429263,0.0,0.3088744218137171,False,False,False,
133,sequential_ids,sequential_ids,simd,1.5312497578567879,0.13784924552059696,0.12861047719614138,0.019784046599725838,1.9159088059327158,0.25566436347001065,0.4669806963355472,-1.5045469824209636,True,False,1.0,0.13333333333333333,0.1167451740838868,0.0,0.26669806963355475,False,False,False,
134,sequential_ids,sequential_ids,guarded_fallback,1.8555321103878488,0.1369120323273677,0.12896102337570253,0.019905824015814717,1.8686008082907384,0.25688964012436993,0.3994312692565257,-0.050872809996112336,True,False,1.0,0.13333333333333333,0.09985781731413143,0.0,0.2599431269256526,False,False,False,
135,sequential_ids,sequential_ids,hybrid,1.923224330233186,0.12822890117742494,0.13059575751597902,0.01944948368707951,1.8454441471838363,0.23968363288626182,-0.1216924960549932,0.32451186502896157,True,False,1.0,0.06666666666666667,0.0,0.08112796625724039,0.23028199156431012,False,False,False,
136,sequential_ids,sequential_ids,hybrid,1.1378942992081151,0.03461205728069216,0.1318571489174035,0.018563639322378162,1.871510234654672,0.22393116704321436,-5.238471008268997,-3.27607783167095,False,False,0.9333333333333333,0.06666666666666667,0.0,0.0,0.19666666666666668,False,False,False,
137,sequential_ids,sequential_ids,hybrid,0.4695646379224383,0.011156487600365469,0.12567886246398055,0.031268045301845813,1.8056053767643285,0.28158605570265216,-3.6626009107852258,-4.744697782577764,False,False,0.8666666666666667,0.06666666666666667,0.0,0.0,0.18333333333333335,False,False,False,
138,sequential_ids,sequential_ids,hybrid,0.9679063557383467,0.028119870725910007,0.11894395225265292,0.04304519453990411,1.6916857236109628,0.4277402292326139,-2.1099702391303214,-1.6921002905876072,False,False,0.8,0.06666666666666667,0.0,0.0,0.17000000000000004,False,False,False,
139,sequential_ids,sequential_ids,hybrid,0.7806144874243444,0.05158990054860947,0.11062161313859724,0.047804503828687984,1.6247770063357472,0.45824603320820145,-1.23485668979385,-1.8421600098951698,False,False,0.7333333333333333,0.06666666666666667,0.0,0.0,0.15666666666666668,False,False,False,
140,sequential_ids,sequential_ids,hybrid,0.9703781253487734,0.028893826454745128,0.10604533998310159,0.050051401592522186,1.5382653871504892,0.4880372868759585,-1.5414455845815418,-1.1636144940344235,False,False,0.6666666666666666,0.06666666666666667,0.0,0.0,0.14333333333333334,False,False,False,
141,sequential_ids,sequential_ids,hybrid,0.9550076245124757,0.0442875667546309,0.10043301275996157,0.05378688990783702,1.4763662124109114,0.49781782474192937,-1.043849998720599,-1.047287905211956,False,False,0.6,0.06666666666666667,0.0,0.0,0.13,False,False,False,
142,sequential_ids,sequential_ids,hybrid,1.0517749374614351,0.017870926607863942,0.09704841743397111,0.055712261578191535,1.450908277876078,0.5149307896241,-1.4211860578267208,-0.7751203611865787,False,False,0.5333333333333333,0.06666666666666667,0.0,0.0,0.11666666666666667,False,False,False,
143,sequential_ids,sequential_ids,hybrid,1.4513000618497285,0.03834619613937913,0.08814074187613914,0.05705223366892949,1.383224854443964,0.49447969669409264,-0.8727887001396984,0.13767037903319304,False,False,0.4666666666666667,0.06666666666666667,0.0,0.03441759475829826,0.1119377320229079,False,False,False,
144,uniform_32bit,uniform_32bit,simd,1.0341007055700464,0.043711656429946955,0.07940721946316319,0.05365897426776913,1.3584875677610209,0.48001179330493243,-0.6652300543401763,-0.6757893577608728,True,True,0.4666666666666667,0.13333333333333333,0.0,0.0,0.11333333333333334,False,False,False,
145,uniform_32bit,uniform_32bit,simd,1.1704843805081149,0.02330776404911871,0.07364971788614318,0.05245392347303161,1.297839830611773,0.4577275276088264,-0.9597366515999582,-0.27823419423937706,False,False,0.4,0.13333333333333333,0.0,0.0,0.10000000000000002,False,False,False,
146,uniform_32bit,uniform_32bit,simd,1.353880361244855,0.04498377854470144,0.06703113988361072,0.052100331593383134,1.2609460286159182,0.442999921480058,-0.4231712206326557,0.20978408327626782,False,False,0.3333333333333333,0.13333333333333333,0.0,0.052446020819066956,0.09977817187143341,False,False,False,
147,uniform_32bit,uniform_32bit,simd,1.177110362206435,0.030706268996664628,0.060945672851341476,0.048652837449966346,1.226230855746921,0.41070181299823566,-0.6215342170791223,-0.11960135520778854,False,False,0.26666666666666666,0.06666666666666667,0.0,0.0,0.06333333333333334,False,False,False,
148,uniform_32bit,uniform_32bit,simd,0.5372062964197654,0.049033206881977244,0.05337176527720117,0.04329542664551783,1.1886681691648622,0.38528165377757545,-0.10020823516852546,-1.690871767878977,False,False,0.2,0.06666666666666667,0.0,0.0,0.05000000000000001,False,False,False,
149,uniform_32bit,uniform_32bit,simd,1.4318814243478948,0.012574087546591929,0.047450696034626524,0.036448993777889516,1.1223986050690606,0.40702342317420953,-0.9568606404803034,0.7603562863899764,False,False,0.13333333333333333,0.06666666666666667,0.0,0.1900890715974941,0.0841889345660402,False,False,False,
150,uniform_32bit,uniform_32bit,simd,0.6292990323085488,0.02420779650072815,0.039161499715908134,0.02775118216025052,1.0941552259997305,0.3650520990276865,-0.5388492133408913,-1.2733968484386908,False,False,0.06666666666666667,0.06666666666666667,0.0,0.0,0.023333333333333334,False,False,False,
151,uniform_32bit,uniform_32bit,simd,1.7277162034292728,0.026847567381010483,0.03222675940412835,0.012958850938211553,1.007893539471421,0.3027023541417312,-0.41509788434701783,2.3779883166776705,False,False,0.06666666666666667,0.06666666666666667,0.0,0.5944970791694176,0.17195760312568775,False,False,False,
152,uniform_32bit,uniform_32bit,simd,1.1802224586600858,0.02660641570925766,0.03170912674414957,0.013011731943147347,1.0472149997528315,0.35464809764414623,-0.3921622936151071,0.3750406654251202,False,False,0.06666666666666667,0.06666666666666667,0.0,0.09376016635628005,0.04677337492240335,False,False,False,
153,uniform_32bit,clustered_ranges,simd,1.0778536924444069,0.030540149559535473,0.03273912195140905,0.011826077983093231,1.0945921878020082,0.31748969597082316,-0.1859426437974301,-0.05272138125206483,False,True,0.06666666666666667,0.13333333333333333,0.0,0.0,0.03333333333333333,False,False,False,
154,uniform_32bit,uniform_32bit,simd,1.1465006633460948,0.04686209182535121,0.03290047387365075,0.011774952737316782,1.1019220102490788,0.31561967182395223,1.1857046968646492,0.1412416808437708,False,True,0.06666666666666667,0.2,0.2964261742161623,0.0353104202109427,0.17073140807253392,False,False,False,
155,uniform_32bit,uniform_32bit,simd,1.3013883143549536,0.024674415766538612,0.032585286625433536,0.01129233345774791,1.1263144219771954,0.30289611222698315,-0.7005522984193148,0.5779997983881752,False,False,0.06666666666666667,0.2,0.0,0.1444999495970438,0.07945832073259429,False,False,False,
156,zipfian_smallints,zipfian_smallints,hybrid,0.8014452163999233,0.020447757205228817,0.0323039925795531,0.011442412437145028,1.148381767910941,0.30278174483431997,-1.0361656165853856,-1.145830474538775,True,True,0.13333333333333333,0.26666666666666666,0.0,0.0,0.06666666666666667,False,False,False,
157,zipfian_smallints,zipfian_smallints,hybrid,1.443069989778636,0.0321298401995741,0.030714671942926295,0.011313955981428753,1.1381442740367709,0.31223552320274944,0.12508163668738773,0.9765887994982351,False,False,0.13333333333333333,0.26666666666666666,0.03127040917184693,0.24414719987455877,0.14021163030404513,False,False,False,
158,zipfian_smallints,zipfian_smallints,hybrid,1.0868160287055266,0.05682568364406067,0.031665266182373634,0.010742322391688255,1.1642306108579175,0.3207343006496137,2.3421765054247583,-0.24136670681691666,False,False,0.13333333333333333,0.26666666666666666,0.5855441263561896,0.0,0.3008843172091425,False,False,False,
159,zipfian_smallints,zipfian_smallints,hybrid,0.9487042663156321,0.05847077032504857,0.03289723201601907,0.012482017206664166,1.1399316753149706,0.31109420442712493,2.0488303963036802,-0.6146929311550109,False,False,0.06666666666666667,0.2,0.5122075990759201,0.0,0.24821637296370136,False,False,False,
160,zipfian_smallints,zipfian_smallints,hybrid,1.176653506180079,0.028271536879574687,0.03388117294235918,0.01389692293717616,1.1342385793646763,0.3139376660224813,-0.4036602695779281,0.1351062050555572,False,False,0.06666666666666667,0.2,0.0,0.0337765512638893,0.05177747114930566,False,False,False,
161,zipfian_smallints,zipfian_smallints,hybrid,0.8991440310670319,0.04456206353976683,0.03421209113105625,0.01368463940264114,1.134649854409474,0.313992577798515,0.7563203784816319,-0.7500362723335675,False,False,0.06666666666666667,0.2,0.18908009462040798,0.0,0.11896537118149653,False,False,False,
162,zipfian_smallints,zipfian_smallints,hybrid,0.8297615829708328,0.0009139045735070683,0.03418397679739394,0.013661342229109447,1.1043340990642858,0.31326552488543463,-2.435344143392529,-0.8764849413844146,False,False,0.06666666666666667,0.2,0.0,0.0,0.043333333333333335,False,False,False,
163,zipfian_smallints,zipfian_smallints,hybrid,1.1193464523105041,0.022606558004540714,0.032197819169183434,0.016143292997814022,1.0811775137819124,0.3202615357164375,-0.5941328433925246,0.11918052639080051,False,False,0.06666666666666667,0.2,0.0,0.029795131597700128,0.05078211623275836,False,False,False,
164,zipfian_smallints,zipfian_smallints,hybrid,1.005428236013583,0.03119933646577978,0.03043604257735433,0.015607889221437563,1.1199868575079615,0.2827042905803513,0.04890436039696507,-0.4052242038986453,False,False,0.06666666666666667,0.2,0.012226090099241268,0.0,0.04822376937302984,False,False,False,
165,zipfian_smallints,zipfian_smallints,hybrid,1.2479178994517344,0.019871959370853388,0.03167772583863352,0.014805629729214379,1.0915566449523408,0.270267767345198,-0.7973835551960018,0.578541997282051,False,False,0.06666666666666667,0.2,0.0,0.14463549932051276,0.07949220816346153,False,False,False,
166,zipfian_smallints,zipfian_smallints,hybrid,1.2058293639703537,0.04077556906484152,0.0313886700299752,0.015002895868491115,1.1327979027618866,0.24022005480041428,0.6256724362733278,0.30401900026675915,False,False,0.06666666666666667,0.2,0.15641810906833195,0.07600475006668979,0.12490176447733856,False,False,False,
167,zipfian_smallints,zipfian_smallints,hybrid,1.0256136321052973,0.06552609954096601,0.03231720347556394,0.015132217350030073,1.0980054467979585,0.17750805437936018,2.194582135760424,-0.40782270155542805,False,False,0.06666666666666667,0.2,0.548645533940106,0.0,0.26279154690937573,False,False,False,
168,clustered_ranges,clustered_ranges,guarded_fallback,0.7609664522382057,0.023697086294639336,0.0349118490643445,0.017268904593434338,1.0876981916943058,0.17688068544159238,-0.6494194266699234,-1.8471871973653264,True,True,0.13333333333333333,0.2,0.0,0.0,0.05666666666666667,False,False,False,
169,clustered_ranges,clustered_ranges,guarded_fallback,1.0302094931374202,0.021668040301536226,0.03445564484668476,0.017481721546267332,1.0665723756805592,0.19602789346359684,-0.7314842408295125,-0.18549851102895845,False,False,0.13333333333333333,0.13333333333333333,0.0,0.0,0.04666666666666667,False,False,False,
170,clustered_ranges,clustered_ranges,guarded_fallback,0.8356501223196804,0.03576713087828243,0.032776041411763754,0.017414762052816092,1.058819630999981,0.19493758021613738,0.17175596690274764,-1.1448254733029704,False,False,0.13333333333333333,0.13333333333333333,0.04293899172568691,0.0,0.06384226335694143,False,False,False,
171,clustered_ranges,clustered_ranges,guarded_fallback,1.0052984739218354,0.04609119008451422,0.03351555575254668,0.017281166832266614,1.0277704181976295,0.19058434611041433,0.7277074358647733,-0.1179107550882712,False,False,0.06666666666666667,0.06666666666666667,0.18192685896619332,0.0,0.09610407691981065,False,False,False,
172,clustered_ranges,clustered_ranges,guarded_fallback,1.1026326044961092,0.043226418812446994,0.035225117944499035,0.017164087000479958,1.041360635365757,0.18028251302237663,0.4661652205304599,0.3398664005913918,False,False,0.06666666666666667,0.06666666666666667,0.11654130513261497,0.08496660014784795,0.09119150542334131,False,False,False,
173,clustered_ranges,clustered_ranges,guarded_fallback,1.1233700273808267,0.03398029616023393,0.03596488985202389,0.0172600146705251,1.018664809680255,0.1438457319115533,-0.11498214889683128,0.7278993653913385,False,False,0.06666666666666667,0.06666666666666667,0.0,0.18197484134783462,0.06882704367029199,False,False,False,
174,clustered_ranges,clustered_ranges,guarded_fallback,0.6426497041278191,0.037847650892561646,0.03444186401976878,0.01626715637011374,1.0211017429252751,0.14538418035203676,0.20936582804873016,-2.603117032939527,False,False,0.06666666666666667,0.06666666666666667,0.05234145701218254,0.0,0.044269916138206356,False,False,False,
175,clustered_ranges,clustered_ranges,guarded_fallback,0.9792951463951699,0.05371924977589148,0.033066989390936316,0.014905756585714778,1.0006981054460875,0.17477572634412814,1.3855223571291444,-0.12245956218380269,False,False,0.06666666666666667,0.06666666666666667,0.3463805892822861,0.0,0.1618855690462478,False,False,False,
176,clustered_ranges,clustered_ranges,guarded_fallback,0.7262226551257068,0.0011488294869981194,0.03476350358402411,0.015745496407374836,0.987540881460427,0.16787598712212476,-2.1348753378398597,-1.5566146728775705,False,False,0.06666666666666667,0.06666666666666667,0.0,0.0,0.023333333333333334,False,False,False,
177,clustered_ranges,clustered_ranges,guarded_fallback,1.2500310151365845,0.018918004678597115,0.03186928798050619,0.017686105275961362,0.9760127897310051,0.17988738888192796,-0.7322857332092497,1.523276454149653,False,False,0.06666666666666667,0.06666666666666667,0.0,0.38081911353741327,0.11853811171768665,False,False,False,
178,clustered_ranges,clustered_ranges,guarded_fallback,0.815510246856146,0.017350779208560475,0.03306956132084553,0.015962157510751328,1.0040307518753886,0.18802623237147484,-0.9847529143190535,-1.0026287376974212,False,False,0.06666666666666667,0.06666666666666667,0.0,0.0,0.023333333333333334,False,False,False,
179,clustered_ranges,clustered_ranges,guarded_fallback,0.7077351924888271,0.059166742227494316,0.03271917606778018,0.01626308426837887,0.9837750048450982,0.1910575712723614,1.6262330131870775,-1.4447991203550077,False,False,0.06666666666666667,0.06666666666666667,0.40655825329676937,0.0,0.1859566346520411,False,False,False,
