window_id,entropy_norm,repetition_ratio,locality_small_delta_ratio,cache_window_reuse_proxy,branch_norm,coherence_score,hardware_pressure_proxy,dominant_truth_regime,true_weight_low_entropy_repeating,true_weight_sequential_ids,true_weight_uniform_32bit,true_weight_zipfian_smallints,true_weight_clustered_ranges,estimated_weight_low_entropy_repeating,estimated_weight_sequential_ids,estimated_weight_uniform_32bit,estimated_weight_zipfian_smallints,estimated_weight_clustered_ranges,estimated_dominant_regime,mixture_entropy,reconstruction_residual,reconstructed_entropy_norm,reconstructed_repetition_ratio,reconstructed_locality_small_delta_ratio,reconstructed_cache_window_reuse_proxy,reconstructed_branch_norm,reconstructed_coherence_score,reconstructed_hardware_pressure_proxy,mixture_policy,hard_policy_from_dominant,policy_changed_by_mixture_entropy
0,0.2676179269938608,0.7580003973439876,1.0,0.7755141179097803,0.007224120283654094,0.837445512328442,0.06919601007918214,low_entropy_repeating,0.8,0.2,0.0,0.0,0.0,0.8011837558651114,0.1988162441348887,0.0,0.0,0.0,low_entropy_repeating,0.7195542562266818,0.06635276886153735,0.2590529953079109,0.7851600807478091,1.0,0.7531127305132046,0.05578692394427996,0.8704735023460446,0.0657277361510244,coherent_local,coherent_local,False
1,0.9320939351914105,0.0,0.5786739018106605,0.021984949371570715,0.4274447983857237,0.3636507674390304,0.5301810301742008,sequential_ids,0.0,0.6,0.4,0.0,0.0,0.014946759624801577,0.5554254766539766,0.4296277637212218,0.0,0.0,sequential_ids,1.0854721052539402,0.02137850207000703,0.9310053686722809,0.014647824432305546,0.5703722362787782,0.014049954047313481,0.420716020402571,0.35405365490094637,0.5172277364306653,hybrid,hybrid,False
2,0.7656877335563012,0.21851768842791902,0.09021876960206247,0.08102793497927502,0.7419612575326818,0.18075185222534368,0.8273784409113685,uniform_32bit,0.0,0.0,0.7,0.3,0.0,0.0,0.008859119863109277,0.7123277227424112,0.2788131573944796,0.0,uniform_32bit,0.9227602107264876,0.031619522974890485,0.7704872989502158,0.2230505259155837,0.08413867235961878,0.09758460508806785,0.7153932576711832,0.17896025984978442,0.8298086493031245,simd,simd,False
3,0.3294767613899015,0.9115635334668508,0.14463676294827996,0.18629180444592233,0.7426966612377943,0.3253077296388337,0.8461361016091019,zipfian_smallints,0.0,0.0,0.0,0.55,0.45,0.008220961858332078,0.0,0.0,0.5322582001230124,0.4595208380186557,zipfian_smallints,1.0566812545040685,0.0371264132881907,0.3493650331182361,0.884193523977858,0.15193067589154544,0.19861328257007305,0.7464117853604736,0.31407210866043866,0.8337207445840181,hybrid,hybrid,False
4,0.4253183152898997,0.990770525075197,0.35354119002176154,0.2788396245903846,0.5461939317732115,0.39065568179380306,0.7073994855643874,clustered_ranges,0.3,0.0,0.0,0.0,0.7,0.2929858334501458,0.024813101105433513,0.0,0.0,0.6822010654444206,clustered_ranges,1.0276200880422424,0.052205833517042236,0.4268409603343361,0.955683160916675,0.3177989345555793,0.2822286940975812,0.5497611785911819,0.4147799391656226,0.6806200360808935,guarded_fallback,guarded_fallback,False
5,0.3402243073180223,0.7091513135586281,0.4869960880759368,0.495387969607719,0.4562648196956175,0.5825813542800861,0.48557885670762985,low_entropy_repeating,0.4,0.0,0.2,0.4,0.0,0.3884879312938037,0.004066272991060428,0.21277606345428363,0.3760468800888938,0.018622852171958297,low_entropy_repeating,1.6748865095168743,0.030972615799796124,0.3332155093861964,0.6998060718675618,0.49408686190886547,0.49698129196900787,0.4472475857910229,0.5496138729788274,0.4850334115059334,hybrid,coherent_local,True
6,0.5448622573177826,0.588804033076668,0.4339171452285182,0.11396721491822533,0.5842857194487048,0.38708988871936706,0.6634728390767973,sequential_ids,0.0,0.35,0.0,0.3,0.35,0.0,0.3305654738060767,0.01058110165874913,0.3394310674528779,0.3194223570822964,zipfian_smallints,1.6523728912743272,0.016180808617097562,0.5448699166209993,0.5845787639029528,0.42221186201835376,0.12199509717933021,0.5704655186166009,0.38271457133106423,0.649377016417941,hybrid,hybrid,False
7,0.7766894767372223,0.49722798496724957,0.01578220564596351,0.0,0.7470082195910674,0.11824068364268012,0.9140280537939164,uniform_32bit,0.0,0.0,0.5,0.0,0.5,0.0,0.011134038410185157,0.4855084849697056,0.0,0.5033574766201092,clustered_ranges,1.0768542454753265,0.021193453176572414,0.7723757316799323,0.49329032708770704,0.011134038410185157,0.005033574766201092,0.7494453233901114,0.13556874571479793,0.9233213034635943,guarded_fallback,guarded_fallback,False
8,0.25312144371933293,0.8213735327808599,0.9783542221076689,0.7762069588647871,0.01392825570960489,0.8616278742503556,0.07006882662762515,low_entropy_repeating,0.8,0.2,0.0,0.0,0.0,0.8299787739445029,0.16609013397811093,4.528305578319047e-05,0.0,0.0038858090216029153,low_entropy_repeating,0.6850792643325444,0.04814033495846524,0.23466147599241494,0.8171872913067837,0.9960689079226138,0.7802189055980486,0.05291999520174244,0.88053247720359,0.061970050903677854,coherent_local,coherent_local,False
9,0.954655558283982,0.017780664494821376,0.6198336808799981,0.0,0.39644120518338577,0.38344939703142883,0.4972173918779596,sequential_ids,0.0,0.6,0.4,0.0,0.0,0.0018294301811879537,0.6159252319592547,0.37040071567488986,0.0,0.011844622184667529,sequential_ids,1.0538022976245365,0.016377925786327144,0.931430909657905,0.013400571318538373,0.6177546621404427,0.0018381105921633516,0.39926740180728276,0.37226092549695006,0.49157825612831474,hybrid,hybrid,False
10,0.722107841916552,0.21166781964991296,0.05801369284995972,0.1174290186013441,0.7235606434017641,0.1992621338516942,0.8213186838415866,uniform_32bit,0.0,0.0,0.7,0.3,0.0,0.0,0.0,0.6992325721577951,0.30076742784220495,0.0,uniform_32bit,0.8822269751721767,0.04788350820451406,0.753370709169392,0.24061394227376398,0.08120720551739534,0.10526859974477172,0.7200000000000001,0.18226092546634967,0.8318772115452473,simd,simd,False
11,0.35046349227691787,0.8966397598491834,0.14076633650699405,0.2084193809389353,0.7349518514733338,0.3029236538358732,0.8274565526500417,zipfian_smallints,0.0,0.0,0.0,0.55,0.45,0.018316824326864527,0.0,0.0,0.49842501040308723,0.4832581652700483,zipfian_smallints,1.1133968790076676,0.022950407728109988,0.3573401752037687,0.8902834981274443,0.15289157713569806,0.19649915016103367,0.7410062945400983,0.3137259572284266,0.8328253459414073,hybrid,hybrid,False
12,0.38510400886027407,0.9921743120196396,0.28826494149493187,0.2893123529681922,0.5710186664726477,0.4221632794007486,0.7086346277243196,clustered_ranges,0.3,0.0,0.0,0.0,0.7,0.27381539058084065,0.0,0.0,0.08071305348268254,0.6454715559364769,clustered_ranges,1.2124224363118816,0.02847568241619893,0.39691924445002924,0.9654716503731172,0.29560791502116496,0.29209075142429386,0.573512235508965,0.4102089835830911,0.6961518311368956,guarded_fallback,guarded_fallback,False
13,0.3095378628872644,0.7014175421988962,0.50600704472734,0.47381663915104927,0.4038221881894228,0.53093250969114,0.44706882930996295,low_entropy_repeating,0.4,0.0,0.2,0.4,0.0,0.4017459382549346,0.03510628311753302,0.15140873751299383,0.3330017151628005,0.07873732595173805,low_entropy_repeating,1.927539636868871,0.010818538285723584,0.32642482414702706,0.7372749710527797,0.5267626844664237,0.4949791555261361,0.4260341888170503,0.5671132350975596,0.46697499290583616,hybrid,coherent_local,True
14,0.5714943556680859,0.5603630236159984,0.42154593614901525,0.14098070744465163,0.5535934007234643,0.39993788921167717,0.6231595579997531,sequential_ids,0.0,0.35,0.0,0.3,0.35,0.05043394546320912,0.3050524942146431,0.07502471161555667,0.269587811126503,0.299901037580088,sequential_ids,2.051085349337424,0.017361209669264414,0.5680867276268753,0.5589985322836336,0.428275148682008,0.14476265300549349,0.5470620138147453,0.38890216437489405,0.6312997895241832,hybrid,hybrid,False
15,0.7698640610533093,0.46624944862723544,0.0,0.026007703436434892,0.7118169894201913,0.14086059108864643,0.9359433900583068,uniform_32bit,0.0,0.0,0.5,0.0,0.5,0.011650527379007571,0.0,0.5183765748339814,0.0,0.4699728977870111,uniform_32bit,1.0781853806930446,0.041122044310433696,0.7780267213547383,0.4719909566626983,0.011650527379007571,0.015651224714137227,0.7447427336797855,0.1371332485984377,0.9169778362327546,simd,simd,False
16,0.24514625110758015,0.7478485536402887,1.0,0.7387626822734049,0.06181690528386761,0.870546303638086,0.10604447228302288,low_entropy_repeating,0.8,0.2,0.0,0.0,0.0,0.7744805768142012,0.21017618290786627,0.0,0.015343240277932473,0.0,low_entropy_repeating,0.8509780292834628,0.04713299215141061,0.2693684055485276,0.7712655575002632,0.9887994345971093,0.7333818763026255,0.06857198111796867,0.8577976094895492,0.07908079026336198,coherent_local,coherent_local,False
17,0.9340161093131745,0.0,0.6044818908739079,0.005499917099294129,0.4419796893810109,0.38287778114786447,0.5109217764787377,sequential_ids,0.0,0.6,0.4,0.0,0.0,0.0,0.5878649758558497,0.392717896096244,0.01941712804790626,0.0,sequential_ids,1.0905356225998295,0.030324435504880128,0.9252914574151319,0.01553370243832501,0.5931076004287844,0.006795994816767191,0.41431021255495815,0.36289836218853755,0.5065383247231497,hybrid,hybrid,False
18,0.790582572280489,0.2102809236419287,0.06500621168125631,0.08183560146486188,0.7102547549211058,0.14758284631109228,0.84787877367036,uniform_32bit,0.0,0.0,0.7,0.3,0.0,0.0,0.0,0.74157828926136,0.2223632863438787,0.03605842439476128,uniform_32bit,0.9750191363855254,0.01596546001914378,0.801435814220377,0.213227884981969,0.06003808731284725,0.07818773446430514,0.7225240897076333,0.1592093597963949,0.8480277166244555,simd,simd,False
19,0.3409444325725307,0.8442298426374335,0.12311052296981148,0.2048378461862549,0.7724531641973595,0.3619182722922947,0.9098465616501832,zipfian_smallints,0.0,0.0,0.0,0.55,0.45,0.0,0.0,0.04936555723726521,0.5761571443514212,0.3744772984113137,zipfian_smallints,1.20323012704436,0.08208266472086184,0.3590363573467436,0.8279134679242244,0.15556242897488373,0.20539977350711053,0.746213410888792,0.3133411589206146,0.825262586744904,hybrid,hybrid,False
20,0.42536023583189997,0.9552615469992034,0.24669884298171726,0.2956927865585959,0.5386764726172418,0.40061606849550785,0.6766975800235048,clustered_ranges,0.3,0.0,0.0,0.0,0.7,0.29052795753885896,0.0,0.0069082418569649294,0.0,0.702563800604176,clustered_ranges,0.9254829033026407,0.048334732194182835,0.4223711279431477,0.9732299229801743,0.29052795753885896,0.2801219180925692,0.565809895765091,0.40301570311922486,0.7004023365769988,guarded_fallback,guarded_fallback,False
21,0.3084802278395904,0.7386495057696911,0.5119262141861336,0.5120341290740328,0.41410865617935466,0.5221329263823912,0.4598423022731667,low_entropy_repeating,0.4,0.0,0.2,0.4,0.0,0.4291770717660456,0.0,0.16950195632321421,0.31099188681633333,0.0903290850944068,low_entropy_repeating,1.7951381961515511,0.03558814957442142,0.3180791999286825,0.75790954317631,0.5131448812064556,0.5131768986967435,0.42589908572037655,0.5681542024634536,0.4701819249000281,hybrid,coherent_local,True
22,0.560155436229542,0.6271982478394971,0.43425686303682215,0.13306848777557645,0.5500176100365212,0.3518764058395744,0.6223720809441906,sequential_ids,0.0,0.35,0.0,0.3,0.35,0.05573560537677211,0.3186503339952463,0.0010765587906790544,0.19427616603135647,0.43026133580594605,clustered_ranges,1.7512647640838392,0.03876116525751376,0.5650488645029924,0.631697935184149,0.4268405042004847,0.12469074052319999,0.5454051960651477,0.3873356636868133,0.6432596159745484,hybrid,guarded_fallback,True
23,0.7568693483866062,0.5432117433108791,0.0,0.025962230093408627,0.7324268205478244,0.1532893253218561,0.9396237741526465,uniform_32bit,0.0,0.0,0.5,0.0,0.5,0.014305011927616847,0.0,0.45155688674062044,0.0,0.5341381013317628,clustered_ranges,1.0888394543776398,0.02962415978099358,0.7467633436658516,0.537474250994192,0.014305011927616847,0.018788092225277463,0.7473761587438917,0.14585917051020292,0.9211114998754258,guarded_fallback,guarded_fallback,False
24,0.25608405255854777,0.7829809368466142,0.9836303076142653,0.763151805037052,0.044625412991480505,0.8393598559058187,0.03405156064200952,low_entropy_repeating,0.8,0.2,0.0,0.0,0.0,0.8164645150855075,0.18353548491449242,0.0,0.0,0.0,low_entropy_repeating,0.687750588903162,0.03868890519485197,0.24682838793159395,0.8001352247837974,1.0,0.7674766441803771,0.05303638728460863,0.876585806034203,0.06221316153033325,coherent_local,coherent_local,False
25,0.944314697943053,0.03947728141026088,0.6039997903393359,0.0,0.41514565349006355,0.39465004354267064,0.5074845625340965,sequential_ids,0.0,0.6,0.4,0.0,0.0,0.006246219010564461,0.5966217744532919,0.3648088476769641,0.0,0.03232315885917937,sequential_ids,1.181050117448126,0.02324689292501324,0.9201708039585318,0.037797990312348956,0.6028679934638563,0.006194677458522386,0.40764694509703553,0.3690787604181562,0.5019888496312584,hybrid,hybrid,False
26,0.7437268192291566,0.2676572177514972,0.09171891096154033,0.1433938997998998,0.7245808609305476,0.15138827420698747,0.7977960200188583,uniform_32bit,0.0,0.0,0.7,0.3,0.0,0.01140951874520318,0.0,0.6790592382146149,0.2972622223809979,0.01226902065918404,uniform_32bit,1.0509729692391832,0.057030028482173985,0.7404553514802661,0.2610147465210978,0.09167031878807262,0.11488941566043209,0.7128721683245006,0.19222233898378446,0.823852760364084,simd,simd,False
27,0.3877731983057813,0.9240916430195825,0.144012019667935,0.1874203169716003,0.7880361073060551,0.2843238579489128,0.8146318245261043,zipfian_smallints,0.0,0.0,0.0,0.55,0.45,0.018192062040957864,0.0,0.0,0.451067560611569,0.5307403773474733,clustered_ranges,1.1083045002622742,0.06032063405733597,0.3749185746552885,0.8988078390899177,0.1399803034060815,0.18028158830602428,0.7444173829856527,0.30226410231831413,0.8452580546816726,guarded_fallback,guarded_fallback,False
28,0.43108316986722617,0.9701348719285102,0.29987195333199823,0.28491392753688716,0.5674393637199733,0.4461870465328429,0.6942646226725436,clustered_ranges,0.3,0.0,0.0,0.0,0.7,0.2930308416849639,0.010311025922417881,0.01406278025653478,0.018028778615678257,0.6645665735204052,clustered_ranges,1.1697066288487088,0.031221880198354136,0.4214025833422522,0.9528684897938043,0.30820963783361494,0.28840472943455747,0.5560363374872963,0.4123694565308261,0.6850695825933397,guarded_fallback,guarded_fallback,False
29,0.3280984698319214,0.6607456974742245,0.5067820399517471,0.4949192432426782,0.4095296734894093,0.5420461908267813,0.46364691398247965,low_entropy_repeating,0.4,0.0,0.2,0.4,0.0,0.40575195214356724,0.014404275551634357,0.2239315655694233,0.355912206735375,0.0,low_entropy_repeating,1.630026449810979,0.015715579281383462,0.3415348059926185,0.6823666784889959,0.5162525235137528,0.5059761073723344,0.428483410212653,0.5607843581641991,0.46503267448134245,hybrid,coherent_local,True
30,0.5843975635589004,0.5498401820565109,0.4317657873148604,0.09639576416666054,0.554308172640951,0.4065689456326151,0.6599528859250982,sequential_ids,0.0,0.35,0.0,0.3,0.35,0.0,0.3571138261574452,0.030843802985878615,0.2903773687291397,0.32166500212753657,sequential_ids,1.729705180916946,0.03110750644422315,0.5814299240689695,0.5475335970682976,0.4355157157143129,0.10484872907647427,0.5568173605470561,0.37873830387466034,0.6407244107369009,hybrid,hybrid,False
31,0.8084349526860686,0.48613735801875246,0.0,0.0,0.7610624197817806,0.13441433396134278,0.9028902981941658,uniform_32bit,0.0,0.0,0.5,0.0,0.5,0.0,0.011278657024167442,0.5081543762146755,0.0,0.4805669667611569,uniform_32bit,1.0773214237881055,0.03691235056194754,0.7826169992550626,0.4709556274259338,0.011278657024167442,0.004805669667611569,0.7477747860207138,0.13335766547747438,0.9209511427508901,simd,simd,False
32,0.26226224454069685,0.7897057082534726,1.0,0.7989211152820418,0.03466891623602951,0.8628154159612706,0.029413949954074925,low_entropy_repeating,0.8,0.2,0.0,0.0,0.0,0.8218157101561381,0.17818428984386195,0.0,0.0,0.0,low_entropy_repeating,0.6760887945835903,0.0536547293990501,0.2425474318750896,0.8053793959530153,1.0,0.7725067675467697,0.05207317217189515,0.8787262840624552,0.06098238666408825,coherent_local,coherent_local,False
33,0.9252323246509129,0.007890125089758513,0.6301463405222059,0.0,0.39164633899830503,0.3083177742565336,0.49793335198637734,sequential_ids,0.0,0.6,0.4,0.0,0.0,0.0,0.610418786716799,0.3867577224513165,0.0,0.0028234908318845505,sequential_ids,0.9886576190592482,0.06185693247869716,0.937687550453972,0.0027670210152468595,0.610418786716799,2.8234908318845507e-05,0.40277987526549647,0.367179178840084,0.4957185134516051,hybrid,hybrid,False
34,0.7274396397035109,0.22676401431584814,0.059078480545810295,0.10264343614368607,0.6760567902160842,0.14532386886522522,0.8852311778007074,uniform_32bit,0.0,0.0,0.7,0.3,0.0,0.0,0.0,0.7017336117707038,0.2460757866219847,0.052190601607311475,uniform_32bit,1.0786928877986974,0.07920776230917193,0.7747320842466824,0.24800741887275302,0.06644046238793587,0.08664843133376776,0.7236533421125116,0.16888482761220594,0.8458469343012135,simd,simd,False
35,0.31431443546814924,0.8535803605386341,0.19442283820803288,0.2696266792310102,0.7222108342793665,0.3027937760802992,0.8455388887735127,zipfian_smallints,0.0,0.0,0.0,0.55,0.45,0.007596325145797203,0.0,0.02055504421400908,0.644115845797783,0.32773278484241075,zipfian_smallints,1.1048965472240924,0.0659684149416156,0.31750856063551564,0.8439152044266702,0.18150760351119863,0.23585841951469752,0.7376238673369108,0.3383814689323309,0.8031819035312102,hybrid,hybrid,False
36,0.45821744111013984,0.9553285730392941,0.29386805385144726,0.30843343940154355,0.5698691518616654,0.40159609821924747,0.6886544258870989,clustered_ranges,0.3,0.0,0.0,0.0,0.7,0.29891587089858646,0.0,0.051535129311764086,0.0,0.6495489997896496,clustered_ranges,1.1455881486051438,0.028789783299853884,0.43867866628593005,0.9294955732744714,0.29891587089858646,0.28747640864256774,0.5562273203562651,0.4050117076607352,0.6878872510061808,guarded_fallback,guarded_fallback,False
37,0.27762760479075044,0.7060456564006334,0.5013403127497761,0.5218042472406564,0.42611681952952457,0.5757884630636285,0.4973178954454957,low_entropy_repeating,0.4,0.0,0.2,0.4,0.0,0.39147233518969743,0.0,0.1768712998637417,0.43165636494656096,0.0,zipfian_smallints,1.4948976074938143,0.04109106122967423,0.2937166790730924,0.7289679804431524,0.5080195537252689,0.5190637228096119,0.4459693653672119,0.5673440956968675,0.4742687733454105,hybrid,hybrid,False
38,0.5653857331917117,0.5917939102099801,0.43232888368944666,0.10850210982728535,0.5444610491614288,0.3894123565418327,0.6440678350396627,sequential_ids,0.0,0.35,0.0,0.3,0.35,0.021587450833941476,0.3468294412817754,0.0,0.2494935442031323,0.3820895636811509,clustered_ranges,1.6793735316766756,0.010043816732081821,0.5693633402181888,0.5951983095872964,0.4357801490505626,0.1114358398918128,0.5512837444073984,0.3848276810251436,0.6412222335709058,hybrid,guarded_fallback,True
39,0.8273292077232649,0.529333872561881,0.00964616381391252,0.0,0.7271897132004146,0.15977857382722163,0.9365687306286784,uniform_32bit,0.0,0.0,0.5,0.0,0.5,0.0,0.032435906542083254,0.46212916849244745,0.0,0.5054349249654695,clustered_ranges,1.1726298989153485,0.057743015711099625,0.7693106931113306,0.4953262264661601,0.032435906542083254,0.005054349249654695,0.7385137733456997,0.1457883685713261,0.9101088713750346,guarded_fallback,guarded_fallback,False
40,0.2720035850847903,0.7403853503256452,1.0,0.7633605084553591,0.028239232889638057,0.8582118798137512,0.07259293010891299,low_entropy_repeating,0.8,0.2,0.0,0.0,0.0,0.7867137437876773,0.2132862562123227,0.0,0.0,0.0,low_entropy_repeating,0.7477175193899728,0.04915320295344771,0.27062900496985814,0.7709794689119238,1.0,0.7395109191604167,0.05839152611821809,0.864685497515071,0.06905583892883421,coherent_local,coherent_local,False
41,0.9413116699589061,0.0,0.597412793298351,0.0,0.41181406280256166,0.3987872993248289,0.43783353897671756,sequential_ids,0.0,0.6,0.4,0.0,0.0,0.0015508222049671525,0.6271946288046589,0.3712545489903739,0.0,0.0,sequential_ids,0.9673003387857538,0.061168015957261145,0.9358847971350637,0.0015198057608678095,0.6287454510096261,0.0014577728726691234,0.39277321747810034,0.37613069085651113,0.48353367675679315,hybrid,hybrid,False
42,0.7480787433872579,0.24441281053431116,0.08839984974217749,0.09570213546696775,0.6760819554380354,0.19019988709285274,0.8751837553541046,uniform_32bit,0.0,0.0,0.7,0.3,0.0,0.00740006689583421,0.007735141118763477,0.6859522052998479,0.2580779565882489,0.04083463009730547,uniform_32bit,1.1724002426381779,0.06078587355060747,0.7625669177357213,0.253732368323876,0.08481625629342489,0.09769169398894431,0.7136561038979703,0.18190354277492973,0.8315537935203722,simd,simd,False
43,0.3081534648770966,0.9025957003424547,0.14028686942192767,0.19546689135427883,0.7251775372324013,0.3036385956911031,0.869501114867474,zipfian_smallints,0.0,0.0,0.0,0.55,0.45,0.0,0.0,0.0,0.550950518440453,0.449049481559547,zipfian_smallints,0.9924966390308279,0.06156461228766867,0.3461483081770324,0.8808289066807184,0.1487566399789223,0.19732317626975399,0.7514334637091683,0.3122281244257087,0.8367528652054822,hybrid,hybrid,False
44,0.4295663810496927,1.0,0.3294352972244423,0.2999771669732394,0.6025983631541948,0.42197482896845745,0.7126997044199265,clustered_ranges,0.3,0.0,0.0,0.0,0.7,0.2705317052207519,0.01866149991252163,0.0,0.07088482625911995,0.6399219686076066,clustered_ranges,1.300241282939639,0.018331569099461358,0.4085648719041699,0.9489524613590873,0.30833210822323587,0.2855087117842748,0.565718364193495,0.4122265262898007,0.6882366132245663,guarded_fallback,guarded_fallback,False
45,0.30458572616163226,0.7136636453964802,0.4905644044174931,0.5407395983648713,0.41054240942212833,0.5835587585604416,0.467233723562371,low_entropy_repeating,0.4,0.0,0.2,0.4,0.0,0.41655432996526903,0.0,0.1940298254384328,0.3879789796280069,0.0014368649682912342,low_entropy_repeating,1.5288189352323835,0.03919563217757601,0.30631175050056114,0.7200145547372946,0.5213086544648309,0.5273680816868382,0.428512549572092,0.5744588066401355,0.4598303259862166,hybrid,coherent_local,True
46,0.590781177336683,0.6017717247182814,0.47651615394117003,0.1267693672784661,0.523198993608669,0.379826170677545,0.6171998201851295,sequential_ids,0.0,0.35,0.0,0.3,0.35,0.06297344139707126,0.35840941954828964,0.0019610748622544993,0.15958569509422693,0.4170703690981577,clustered_ranges,1.74811689525496,0.02451931210201318,0.5889410247163699,0.5981114903607059,0.4644709986208022,0.11922073188720797,0.5187406186938106,0.39920549444500103,0.6162182317778357,hybrid,guarded_fallback,True
47,0.7620430039408431,0.527780710831918,0.0159383452724424,0.0,0.72965706583899,0.13081955232190653,0.8995859962654718,uniform_32bit,0.0,0.0,0.5,0.0,0.5,0.0,0.019966352681141865,0.44425368742265564,0.0,0.5357799598962025,clustered_ranges,1.115110353259626,0.024750239685967623,0.7569023827785947,0.5250643606982784,0.019966352681141865,0.005357799598962026,0.7471220937985404,0.14296218174975692,0.9209991938005009,guarded_fallback,guarded_fallback,False
48,0.24322149306508548,0.7918002367887811,1.0,0.767219036805611,0.0,0.8776091682257565,0.06780083933081445,low_entropy_repeating,0.8,0.2,0.0,0.0,0.0,0.8208597592135979,0.17914024078640214,0.0,0.0,0.0,low_entropy_repeating,0.6781925962225172,0.053514581689114674,0.24331219262912174,0.8044425640293259,1.0,0.7716081736607819,0.052245243341552394,0.8783439036854391,0.0612022553808725,coherent_local,coherent_local,False
49,0.9503472571343173,0.04040524204128018,0.5484190430798814,0.0,0.42277265806983383,0.3224601400136514,0.5388987262013377,sequential_ids,0.0,0.6,0.4,0.0,0.0,0.0,0.5462310378662341,0.42322269506915855,0.0,0.030546267064607474,sequential_ids,1.1552886756970115,0.03125800056356479,0.9316310760343033,0.029935341723315325,0.5462310378662341,0.00030546267064607475,0.43809809900408087,0.33978321450359084,0.5389290728507333,hybrid,hybrid,False
50,0.7632089153175164,0.26116459964608507,0.06672640846195514,0.12534409224915527,0.7467117888997259,0.1878219505034292,0.8378600223174674,uniform_32bit,0.0,0.0,0.7,0.3,0.0,0.0,0.0,0.6844547568951707,0.3100657769170016,0.00547946618782769,uniform_32bit,0.939349384129384,0.028676051610252558,0.7432803031435362,0.25342249839767245,0.08371775976759044,0.10857781658282882,0.7203835626331478,0.1859703107705633,0.8309374223120625,simd,simd,False
51,0.35325858098204316,0.8594163683815155,0.1448117829939912,0.19318693668869102,0.7610848466088375,0.33699560617275737,0.8105365979505398,zipfian_smallints,0.0,0.0,0.0,0.55,0.45,0.0,0.0045916615823764955,0.015910872079018378,0.567565070123847,0.411932396214758,zipfian_smallints,1.1215687953574738,0.034795200442167086,0.3487678980435666,0.8577458043895405,0.15783423051581522,0.20276709850549404,0.7464476037121973,0.31632344440730076,0.827490081604763,hybrid,hybrid,False
52,0.4118747742420106,1.0,0.2814102942796859,0.268443749567742,0.5640576547957797,0.43210962976213296,0.6922856513890164,clustered_ranges,0.3,0.0,0.0,0.0,0.7,0.29492599470284925,0.0,0.0,0.0,0.7050740052971508,clustered_ranges,0.8749997499025879,0.03729819681345205,0.4172833023837179,0.9800000000000001,0.29492599470284925,0.2842811750736498,0.5629069840788061,0.4070930159211939,0.6968710450852648,guarded_fallback,guarded_fallback,False
53,0.34522401476092474,0.7334198495641633,0.5290455016722515,0.5298529125331023,0.4981913275086521,0.5588709577783489,0.4219119426983371,low_entropy_repeating,0.4,0.0,0.2,0.4,0.0,0.3957124002509639,0.01293114609307608,0.19728626832421772,0.3940701853317425,0.0,low_entropy_repeating,1.6017694952588837,0.08313873264397653,0.31942817319279626,0.7030543005113385,0.5150424963836104,0.5098942211020159,0.4362771238559259,0.5643312898948768,0.4684894840924545,hybrid,coherent_local,True
54,0.6016063590379286,0.5715575142260794,0.43369701110857584,0.14123876712151318,0.5224435114735269,0.3502088196473465,0.6064680515720287,sequential_ids,0.0,0.35,0.0,0.3,0.35,0.09891191226286702,0.3016505403660104,0.08795759451560592,0.10742808637840134,0.40405186647711533,clustered_ranges,2.0341956264101264,0.03454761362320693,0.6108998541818277,0.5788469722679038,0.42956803595104576,0.13461754642430662,0.5221870110790657,0.38475985365708726,0.6281126078505151,hybrid,guarded_fallback,True
55,0.7551465927493645,0.5009909151504248,0.013104696070319275,0.011906854483213845,0.7196808529026908,0.07224741408418389,0.9313588396347595,uniform_32bit,0.0,0.0,0.5,0.0,0.5,0.0,0.0,0.4848393020794848,0.0,0.5151606979205151,clustered_ranges,0.9993367007742884,0.06529438015468166,0.7681776859357681,0.5048574839621048,0.0,0.005151606979205151,0.7560612488544359,0.1315160697920515,0.9315160697920514,guarded_fallback,guarded_fallback,False
56,0.2482055991590416,0.7954846442929153,1.0,0.755456035801467,0.07500332713439635,0.8757302843528767,0.07925161764003667,low_entropy_repeating,0.8,0.2,0.0,0.0,0.0,0.7890920597412725,0.18918976817114602,0.0,0.02171817208758139,0.0,low_entropy_repeating,0.8441034619699181,0.01181772053185205,0.2530892683039233,0.7906847562165121,0.9841457343760656,0.7493478963874496,0.06925687873211325,0.8628134615251233,0.07871636714067055,coherent_local,coherent_local,False
57,0.922383168428253,0.0,0.604919402416424,0.02051321188543547,0.39815647069438564,0.3750291813933028,0.49535403020211555,sequential_ids,0.0,0.6,0.4,0.0,0.0,0.012568567743083755,0.5961044435097309,0.3913269887471853,0.0,0.0,sequential_ids,1.0539506780793544,0.016807961363950602,0.9290778446802515,0.01231719638822208,0.6086730112528147,0.011814453678498728,0.4012276919547813,0.3711037423860564,0.4936452323298175,hybrid,hybrid,False
58,0.7510614458167968,0.26073797605060184,0.0311734907236461,0.07258819179813097,0.6829453650639294,0.12365959700379237,0.8150433889961205,uniform_32bit,0.0,0.0,0.7,0.3,0.0,0.0,0.0,0.6887030028253205,0.1564276303819162,0.15486936679276334,uniform_32bit,1.2059563205607169,0.02662129768571166,0.8020381280300852,0.27691408376244103,0.04223546020311738,0.0562983643015983,0.7308408556754934,0.14867233100912786,0.8704585158181697,simd,simd,False
59,0.36523584749319354,0.8738778983404356,0.15344475204854632,0.22423043741776982,0.7846921533066924,0.3102715516318465,0.8708396472392349,zipfian_smallints,0.0,0.0,0.0,0.55,0.45,0.0,0.0,0.038441448855218815,0.5681724405654403,0.39338611057934086,zipfian_smallints,1.1736123524809179,0.024038263986047456,0.3570748489756355,0.8400563408201063,0.1534065589526689,0.20279421530369748,0.7475370277405538,0.31251724085018373,0.8284310205674635,hybrid,hybrid,False
60,0.41730316646085275,0.9590650444043134,0.2851399911950316,0.2519865871858746,0.5367966536566586,0.40204958279813924,0.712089625484465,clustered_ranges,0.3,0.0,0.0,0.0,0.7,0.2781941101838208,0.011010602746980822,0.0,0.0,0.7107952870691984,clustered_ranges,0.9351867244716596,0.034434655140602066,0.42866636137872394,0.9692096093079587,0.28920471293080163,0.2686104164434835,0.5692942795377394,0.39828338785792483,0.704895914218236,guarded_fallback,guarded_fallback,False
61,0.3550192457791496,0.6774454621155741,0.517820686706498,0.48998640152106165,0.45186742721158,0.5607228337328068,0.4262273543538117,low_entropy_repeating,0.4,0.0,0.2,0.4,0.0,0.38950000796350037,0.03943249253045177,0.2055844244683872,0.36427787902674885,0.0012051960109118777,low_entropy_repeating,1.7253531486992078,0.04537255046411559,0.3462565445729602,0.6743134031163232,0.5272875278311744,0.49363931710516157,0.42692946203047866,0.5613732768877434,0.4620235818140164,hybrid,coherent_local,True
62,0.5847074247892121,0.5678749821797817,0.4176524940406611,0.08175618971775775,0.5461429180828111,0.39219726101737296,0.6417688914765898,sequential_ids,0.0,0.35,0.0,0.3,0.35,0.0039642455280375875,0.36553370487815656,0.003850816472012607,0.23582058048551446,0.3908306526362788,clustered_ranges,1.614474767468102,0.02555013714943448,0.5906321388525032,0.5755554645894416,0.4331695071372831,0.09017190049264817,0.5545056472782718,0.3745117975308291,0.6476562871585946,hybrid,guarded_fallback,True
63,0.783216550057062,0.4990480463482211,0.033016541388204174,0.0,0.7180785545788567,0.1566805604142996,0.9217127956975686,uniform_32bit,0.0,0.0,0.5,0.0,0.5,0.0,0.04035841180763891,0.4577013861849865,0.0,0.5019402020073744,clustered_ranges,1.2021030533131623,0.027548253072302735,0.7700910679159175,0.4919013979672269,0.04035841180763891,0.005019402020073745,0.7341494400005438,0.1491624737503277,0.9047682207619249,guarded_fallback,guarded_fallback,False
64,0.2878648111144344,0.7935844278295618,0.9967215617449163,0.7607193973511573,0.1047753140031575,0.9219245132263438,0.06773452837831948,low_entropy_repeating,0.8,0.2,0.0,0.0,0.0,0.775460999505105,0.19386374402163395,0.019917345764610333,0.010757910708650842,0.0,low_entropy_repeating,0.9262193637105557,0.05421767514049828,0.2738772392621486,0.7685581080819236,0.9722293794180747,0.7326986082828264,0.07636815345517695,0.8494247189005506,0.08924811597859628,coherent_local,coherent_local,False
65,0.944004764832927,0.02690600393665964,0.5788584741808163,0.008326759315456378,0.40735342880115355,0.36984770528643884,0.48116577985126485,sequential_ids,0.0,0.6,0.4,0.0,0.0,0.011622305787872569,0.5831973213411842,0.3993194674189872,0.0,0.005860905451956078,sequential_ids,1.100700164373797,0.033076125980053134,0.928582785203416,0.017133547015032075,0.5948196271290568,0.010983576495119773,0.4090120422327104,0.36480023761100133,0.5031765951226792,hybrid,hybrid,False
66,0.7142608126672758,0.1881754141002177,0.05306539717525981,0.09353311787651666,0.712670210333781,0.23043077906073792,0.8596498342476824,uniform_32bit,0.0,0.0,0.7,0.3,0.0,0.0,0.0,0.7084293086939176,0.2915706913060824,0.0,uniform_32bit,0.8707415782524152,0.08964070775647696,0.7609120331290125,0.23325655304486592,0.07872408665264224,0.10204974195712882,0.72,0.179134035044068,0.8333486893910268,simd,simd,False
67,0.32244772209145933,0.8896927113112739,0.13832304409124188,0.18989090404899764,0.7561331412353846,0.3274792779243848,0.8285185379028995,zipfian_smallints,0.0,0.0,0.0,0.55,0.45,0.0,0.0,0.0,0.5672461271658287,0.43275387283417127,zipfian_smallints,0.986912523280493,0.031799876505611,0.34011893294864337,0.8778956971101508,0.15315645433477376,0.20286368323638174,0.750292771098392,0.3161390705197989,0.8325160069368844,hybrid,hybrid,False
68,0.441596288318359,0.9514515443464399,0.3001584765590567,0.3539418431648958,0.5645769935656318,0.4468303626651543,0.6942880044543301,clustered_ranges,0.3,0.0,0.0,0.0,0.7,0.30393292851427484,0.0,0.060601239472150355,0.060681184268521565,0.5747846477450533,clustered_ranges,1.4718216504200818,0.04518973343676534,0.4180487017516911,0.9096881721489588,0.32031684826677564,0.3126832137748514,0.5474818753821614,0.42253171523322175,0.6663871567692656,hybrid,guarded_fallback,True
69,0.3265194273832449,0.7105804201401827,0.5037398104708949,0.49651294008186453,0.4507575339739388,0.5427115702703559,0.4886396309078357,low_entropy_repeating,0.4,0.0,0.2,0.4,0.0,0.3778962858377563,0.014179754350885407,0.19101751976665435,0.3906384062654018,0.0262680337793019,zipfian_smallints,1.7414634360852397,0.011252704281124312,0.3263312589726152,0.7085917582370385,0.4975484098803002,0.49220863121817454,0.4499378900156611,0.5508781147319309,0.4862006073139375,hybrid,hybrid,False
70,0.5886321751111477,0.5921632851809308,0.4238437816611077,0.1198491394827174,0.5547831736113397,0.40488867813662877,0.6007148478946218,sequential_ids,0.0,0.35,0.0,0.3,0.35,0.057901846546251634,0.32824314575386726,0.03372170698076492,0.1955014375485465,0.38463186317056963,clustered_ranges,1.9209888704004827,0.04248075490257329,0.5816685063164223,0.590084185561322,0.43893038043822646,0.1266995575271735,0.5357065020475528,0.3895825600831193,0.6305941864545767,hybrid,guarded_fallback,True
71,0.7666098157970339,0.44022970012190005,0.0,0.03909655574534773,0.7773796245492921,0.11201299416788024,0.8924374135989775,uniform_32bit,0.0,0.0,0.5,0.0,0.5,0.0,0.0,0.5397636248132267,0.0516338799600989,0.4086024952266743,uniform_32bit,1.2285363617482488,0.04947093279166159,0.7737890955807154,0.4417375492902199,0.013941147589226703,0.022157882938301354,0.7486021746658671,0.13841576870910105,0.9125988287290515,simd,simd,False
72,0.18588677905395873,0.7704126123016841,1.0,0.7628721067865912,0.04201069284876277,0.8816270052375077,0.02697604117513893,low_entropy_repeating,0.8,0.2,0.0,0.0,0.0,0.8436552049197686,0.15634479508023136,0.0,0.0,0.0,low_entropy_repeating,0.625492988645759,0.0645547802909182,0.2250758360641851,0.8267821008213733,1.0,0.7930358926245825,0.04814206311444165,0.8874620819679074,0.055959302868453215,coherent_local,coherent_local,False
73,0.9325669159325591,0.0024869368253934623,0.5978474837044737,0.019770153042252017,0.4166161306559013,0.3787081504526999,0.484790692944231,sequential_ids,0.0,0.6,0.4,0.0,0.0,0.013024535045724017,0.5901252825550348,0.39685018239924097,0.0,0.0,sequential_ids,1.0597318185746671,0.024623153512825628,0.9292653902033448,0.012764044344809536,0.6031498176007588,0.012243062942980575,0.404017678539375,0.36869022829064624,0.4970199718510052,hybrid,hybrid,False
74,0.7764453852102637,0.28072342369059977,0.05674626200871469,0.082807608607136,0.7533946084080058,0.17721640033262348,0.8670955348016639,uniform_32bit,0.0,0.0,0.7,0.3,0.0,0.0,0.0,0.672824165683807,0.2378515424046402,0.08932429191155272,uniform_32bit,1.1887269234890065,0.016427049123814232,0.7647658038679963,0.27781903999703383,0.06421991644925286,0.0841412827607396,0.7262527004338086,0.16980195360873293,0.8508761824064127,simd,simd,False
75,0.3354366072026954,0.9173761394067678,0.15178714542013633,0.20345572058306738,0.7906179505417477,0.3029557380638957,0.813471947601876,zipfian_smallints,0.0,0.0,0.0,0.55,0.45,0.0,0.0,0.0,0.5679079492673009,0.43209205073269924,zipfian_smallints,0.9866528420567103,0.054183792802855485,0.3398740587710988,0.877776569131886,0.15333514630217127,0.2030887027508823,0.7502464435512891,0.31629790782415224,0.8323439331905019,hybrid,hybrid,False
76,0.40378589479929117,0.9913083487660784,0.2608560231954871,0.304936772566278,0.5455307170595564,0.43969531651833904,0.6321434923774881,clustered_ranges,0.3,0.0,0.0,0.0,0.7,0.3158177474074485,0.0,0.0,0.0,0.6841822525925515,clustered_ranges,0.8997752947235853,0.07068381302777252,0.4078820136666482,0.98,0.3158177474074485,0.3037105050889271,0.5468203344962647,0.4231796655037353,0.6768149624888494,guarded_fallback,guarded_fallback,False
77,0.2923358556223958,0.6698382962191475,0.4873442633409012,0.5221916475277236,0.43551933436375606,0.5576655607762997,0.46802037821549847,low_entropy_repeating,0.4,0.0,0.2,0.4,0.0,0.3989337015835628,0.0,0.20103274408040978,0.40003355433602744,0.0,zipfian_smallints,1.5229549444975303,0.036207217735523364,0.312932154019251,0.7109818710207135,0.5069427612542902,0.5150094235061586,0.44074640889150607,0.5630837288519489,0.47291164794437157,hybrid,hybrid,False
78,0.5665847060154986,0.5577865989514222,0.44867124102247624,0.1250666492596371,0.5721259484414025,0.3954133360687816,0.6539104500202164,sequential_ids,0.0,0.35,0.0,0.3,0.35,0.0,0.3431340227704759,0.03464172589792601,0.3479500806168134,0.2742741707147847,zipfian_smallints,1.7393933057501003,0.006099697914797995,0.5569441547955123,0.5471487517939397,0.4370805445370155,0.12452526992303252,0.5607695001093874,0.38700343518331864,0.6355809698273884,hybrid,hybrid,False
79,0.8258768325682767,0.4878226457236872,0.0,0.0,0.7291934332355541,0.09888820530997312,0.907780067169227,uniform_32bit,0.0,0.0,0.5,0.0,0.5,0.0,0.005762839896388244,0.522079706527235,0.0,0.4721574535763767,uniform_32bit,1.0435880235910704,0.061818772472454965,0.7869528619009917,0.4627143045048491,0.005762839896388244,0.004721574535763767,0.7500543450042244,0.12992428010894014,0.923585156222913,simd,simd,False
80,0.25823299045869824,0.7923573782124429,1.0,0.7328616180642572,0.0785046141004991,0.8884853168075237,0.06200879231444958,low_entropy_repeating,0.8,0.2,0.0,0.0,0.0,0.784960064826198,0.20166169633119735,0.0,0.013378238842604582,0.0,low_entropy_repeating,0.8232959230833636,0.03199839701797755,0.26239961617236623,0.7799634546037576,0.9902338856448986,0.7425448445315376,0.06566387252943873,0.8622448548809405,0.0757469573459986,coherent_local,coherent_local,False
81,0.9236770963833822,0.01371069802074499,0.6046993396871526,0.0,0.40630049360038983,0.3685508953018595,0.47950763033780613,sequential_ids,0.0,0.6,0.4,0.0,0.0,0.0,0.6123033506875539,0.37405392492228173,0.00485460432527038,0.008788120064893925,sequential_ids,1.0613187270275926,0.013584614960194745,0.9308342353553206,0.01249604112381235,0.6136140938553769,0.0017869927144935722,0.40221742604701444,0.3703119523002317,0.4943509643812871,hybrid,hybrid,False
82,0.7587460848209361,0.20362943786855525,0.11440465250030427,0.1361987496264858,0.7136870666424259,0.19108635844597682,0.771751950855003,uniform_32bit,0.0,0.0,0.7,0.3,0.0,0.04386908963144578,0.004663564422836055,0.7246006833356475,0.22686666261007063,0.0,uniform_32bit,1.0562603660083012,0.04903501481542793,0.7740207995491573,0.22448503792687338,0.10978665295900092,0.12064027616708375,0.6868665837581132,0.19749264854551477,0.8030358713129586,simd,simd,False
83,0.3175913084933667,0.8736555269961968,0.12169667446432854,0.2148599120657665,0.8014324132686999,0.2825846320142674,0.8160634148978702,zipfian_smallints,0.0,0.0,0.0,0.55,0.45,0.0,0.0,0.0,0.5611307100377393,0.4388692899622607,zipfian_smallints,0.9891903772763362,0.0751988897856544,0.3423816372860365,0.878996472193207,0.15150529171018962,0.20078444141283133,0.7507208502973582,0.3146713704090574,0.8341060153901878,hybrid,hybrid,False
84,0.4208862092077483,1.0,0.26944064218650243,0.29522590305767354,0.6045324712703277,0.3697060212955183,0.6599732698288542,clustered_ranges,0.3,0.0,0.0,0.0,0.7,0.27957338883855537,0.0,0.0,0.01712286442808922,0.7033037467333554,clustered_ranges,0.9716514013973986,0.07212176635074896,0.4178565151842571,0.9769178844029439,0.28419656223413947,0.27582502552540683,0.5735298900843461,0.39938099686842904,0.7071576019636836,guarded_fallback,guarded_fallback,False
85,0.30140983483847905,0.6989852896786148,0.5283150321938411,0.5220414929955209,0.3956259485089467,0.5768852600725203,0.4575615278161087,low_entropy_repeating,0.4,0.0,0.2,0.4,0.0,0.4280052912173428,0.00841014520781162,0.19504126076380196,0.3685433028110436,0.0,low_entropy_repeating,1.5726565604258438,0.023372499814398946,0.31174871507855456,0.7142798276418308,0.5359221281841362,0.5313151297281674,0.41602302063979796,0.5816220945625146,0.4476501296223968,hybrid,coherent_local,True
86,0.593361180423531,0.567310311589077,0.4150846179224441,0.12202829027011329,0.5815731620584235,0.3927024840984051,0.6043600670653797,sequential_ids,0.0,0.35,0.0,0.3,0.35,0.035760280864271105,0.32102371324612367,0.061632153668528006,0.2545967229246848,0.32698712929639234,clustered_ranges,1.9756868742395945,0.05115759014727914,0.5797998549159254,0.5591698402971981,0.4255251093000597,0.12599338832901844,0.5509245715577733,0.38125418830162605,0.6389644563733585,hybrid,guarded_fallback,True
87,0.7884508609982063,0.46414229870814,0.005881902789706588,0.0,0.7661580536885766,0.10983502739231568,0.8979341337434869,uniform_32bit,0.0,0.0,0.5,0.0,0.5,0.0,0.0009728730028054965,0.5276215591841965,0.0,0.47140556781299797,uniform_32bit,1.0078809905668609,0.035283588358654354,0.7877702071838704,0.461977456456738,0.0009728730028054965,0.00471405567812998,0.752492495785451,0.12759780709261836,0.9265276467895324,simd,simd,False
88,0.27784550341206,0.7900411130419188,0.9846505799651776,0.7882794712255266,0.04498368946075645,0.8708026918492734,0.07272283619196503,low_entropy_repeating,0.8,0.2,0.0,0.0,0.0,0.8060997421436338,0.17629670832886346,0.017603549527502746,0.0,0.0,low_entropy_repeating,0.7946992349505116,0.03717518495154811,0.25688056123784325,0.7899777473007611,0.9823964504724972,0.7577337576150157,0.06405589216844734,0.8641662285795272,0.07568729550929096,coherent_local,coherent_local,False
89,0.9245083516467847,0.011778407334998235,0.5866636913208819,0.0,0.4420660659950835,0.33598534868718916,0.4416804917267627,sequential_ids,0.0,0.6,0.4,0.0,0.0,0.0,0.5997360708954301,0.39662433030249955,0.0010859652454215125,0.0025536335566487363,sequential_ids,1.0042121645622508,0.06865713072027049,0.9379867663087192,0.0033713330818529717,0.600029281511694,0.0004056241714640167,0.4083159974833417,0.36250054485996036,0.5022478842522764,hybrid,hybrid,False
90,0.7942734248752974,0.3037331988151751,0.07086826836376671,0.05657904898449536,0.7122379005951014,0.17484442625398328,0.8272519039744435,uniform_32bit,0.0,0.0,0.7,0.3,0.0,0.01720258017372496,0.028497903837873376,0.6393580563593064,0.1196824743882069,0.19525898524088836,uniform_32bit,1.4863772536949045,0.02110482758552907,0.7956617151031309,0.3039583136168866,0.0780147520964142,0.06001188125158276,0.7068074128495606,0.1685781993710204,0.8476288042547121,hybrid,simd,True
91,0.31866529895195383,0.8954890285619119,0.16161268438215218,0.15963985950451734,0.7689799182923722,0.3633171245486473,0.8412990083109264,zipfian_smallints,0.0,0.0,0.0,0.55,0.45,0.0,0.001759480024623721,0.0,0.5792493804647343,0.41899113951064204,zipfian_smallints,0.9982376761039964,0.0684293649879,0.33629354723666666,0.8740108210922166,0.158156812750102,0.2069271945577634,0.7484144501529406,0.319670858920647,0.8281107406611938,hybrid,hybrid,False
92,0.40656687094828736,0.976449919639812,0.31538141917421403,0.24573320986231953,0.5631097675744325,0.40123840126342974,0.738195625323901,clustered_ranges,0.3,0.0,0.0,0.0,0.7,0.26378086967374126,0.017530510306319334,0.0,0.033622413937444896,0.6850662060824945,clustered_ranges,1.1478075445973144,0.05077593073470361,0.4249939940971736,0.956768065391067,0.2903894317431707,0.26657252443224744,0.5741921602948696,0.39766693780710566,0.7052312649658595,guarded_fallback,guarded_fallback,False
93,0.30764568165487605,0.7536971902779881,0.4804064825554498,0.5306814791700698,0.4479850065947807,0.5422738188033805,0.4764349028659235,low_entropy_repeating,0.4,0.0,0.2,0.4,0.0,0.3947618571693589,0.0,0.16173356443637973,0.3833691675215873,0.060135410872674065,low_entropy_repeating,1.7286014258705062,0.03612513642003386,0.3032906762871721,0.7524946566984622,0.4982715324001875,0.5058567084804796,0.4478761787425359,0.5598018737819493,0.4851792771181648,hybrid,coherent_local,True
94,0.59181297092079,0.5749052073928349,0.38870093377075593,0.10806092933806385,0.5399394226301872,0.3729414765334029,0.6444603057578719,sequential_ids,0.0,0.35,0.0,0.3,0.35,0.058245273783901284,0.30118329613088296,0.07124955821696571,0.1586736169903634,0.4106482548778867,clustered_ranges,1.9805687765065505,0.014598537631908028,0.6025568433542536,0.5864545516808429,0.40227044650218235,0.11439280585227325,0.5513583722046621,0.3672433926380213,0.6558406347527193,hybrid,guarded_fallback,True
95,0.7323586945996121,0.44960854151698304,0.012051670888138133,0.0,0.6908813914544858,0.1496211009152034,0.9368092438818559,uniform_32bit,0.0,0.0,0.5,0.0,0.5,0.0,0.007542306091151174,0.5036240707155484,0.015226941109227697,0.4736066820840728,uniform_32bit,1.1541454495161414,0.06422589423428099,0.7736366707434854,0.4763161013297735,0.011653580190642651,0.01006549620907042,0.7492304685784865,0.13608271204838573,0.9201727047935057,simd,simd,False
96,0.2421531293990879,0.751079244723544,1.0,0.7607337655640107,0.11556505706710185,0.8805047149681234,0.07569257853155037,low_entropy_repeating,0.8,0.2,0.0,0.0,0.0,0.7711048250562712,0.20051198140980658,0.0,0.028383193533922275,0.0,low_entropy_repeating,0.899856084313916,0.06436378555382917,0.26268024061055906,0.7783892833822835,0.9792802687202368,0.7347726532897677,0.07596039212751078,0.8547521148630985,0.08598599119800111,coherent_local,coherent_local,False
97,0.9358268017472859,0.020419396680019776,0.6156271300312038,0.03129312521412988,0.3949669270340679,0.3511148131764009,0.4900224207272005,sequential_ids,0.0,0.6,0.4,0.0,0.0,0.018688966563464526,0.5894297500066389,0.3918812834298966,0.0,0.0,sequential_ids,1.086441869161243,0.030054031681190783,0.924236955092218,0.018315187232195235,0.6081187165701034,0.017567628569656654,0.4004142534021226,0.37329138341333445,0.492586746251238,hybrid,hybrid,False
98,0.7737700430294747,0.2774593610074183,0.06952898767126749,0.09438065680517271,0.7278519305967449,0.17585596249967747,0.8558013413284972,uniform_32bit,0.0,0.0,0.7,0.3,0.0,0.007259722175103077,0.0,0.6771131263333002,0.2357592794190377,0.07986787207255905,uniform_32bit,1.2151683949010614,0.004444382023150185,0.7642030984861449,0.2739924658979391,0.07091472761824327,0.09013856536198567,0.720508945522507,0.17446090050206842,0.8440219414296213,simd,simd,False
99,0.2902055677345239,0.8603323738270776,0.12893959165096386,0.1389910996903464,0.7274090388907799,0.28912109710385187,0.8319723836370292,zipfian_smallints,0.0,0.0,0.0,0.55,0.45,0.0,0.0,0.0,0.5106266338922745,0.48937336610772547,zipfian_smallints,0.9996741417868904,0.0707171939189191,0.36106814545985844,0.8880872058993906,0.13786919115091412,0.18361305552337331,0.7542561356275408,0.30255039213414586,0.8472370751880086,hybrid,hybrid,False
100,0.44282414729150665,0.9738734837202324,0.27422965699322116,0.28757613646966174,0.5852293405360337,0.38660102959712733,0.6692356279019638,clustered_ranges,0.3,0.0,0.0,0.0,0.7,0.2866296970822887,0.0,0.014614122209538047,0.0,0.6987561807081732,clustered_ranges,0.9671677565802296,0.046657457307567936,0.42759299130726225,0.9656781602346527,0.2866296970822887,0.27641947706443304,0.5682721446919701,0.39924345453240845,0.7033740785800491,guarded_fallback,guarded_fallback,False
101,0.3259637239818556,0.7064615971067301,0.5241871172677368,0.5156588302051176,0.45754159120223914,0.5381230471489841,0.4716978837302933,low_entropy_repeating,0.4,0.0,0.2,0.4,0.0,0.38362126345509306,0.015318225111104687,0.19721601476671347,0.40384449666708866,0.0,zipfian_smallints,1.6127964319534285,0.03201274645860182,0.322056553112293,0.6990244355196622,0.5079775026663117,0.5019495614812685,0.44349963852366037,0.5582571938749603,0.4758201121418897,hybrid,hybrid,False
102,0.5562327496409211,0.5526027268973966,0.3919130513032828,0.12564372588186654,0.5537261904445505,0.35594299295881676,0.6440955265769167,sequential_ids,0.0,0.35,0.0,0.3,0.35,0.027589017757171302,0.29560050944811184,0.07475211353705129,0.27939058709236236,0.3226677721653032,clustered_ranges,1.9828899669976814,0.007124307545377437,0.571309054183611,0.5667641237979149,0.398624985720221,0.12694705989572086,0.5695621667085331,0.3701942617172851,0.6576094070582745,hybrid,guarded_fallback,True
103,0.8032004714337326,0.4329815538657019,0.0,0.0,0.7915294716680082,0.1370646745729824,0.9491829310115306,uniform_32bit,0.0,0.0,0.5,0.0,0.5,0.0,0.0,0.559061535365105,0.0235208830519047,0.41741758158299036,uniform_32bit,1.1223828702322023,0.029270888213571586,0.7928749641850925,0.4278859363928543,0.0063506384240142695,0.012406484883996548,0.7492192307108093,0.12973885839594662,0.9179784168699943,simd,simd,False
104,0.23149597702184424,0.7560116031182369,1.0,0.7534568582733862,0.06971847047160318,0.8653082252267887,0.07295359316136568,low_entropy_repeating,0.8,0.2,0.0,0.0,0.0,0.8017026995271604,0.1955325539303555,0.0,0.0027647465424841373,0.0,low_entropy_repeating,0.7395132788321637,0.03871487932092883,0.25664722286768316,0.7878804427706045,0.9979817350239867,0.7545681988454003,0.057131182287202896,0.8703216627603413,0.06690780998372067,coherent_local,coherent_local,False
105,0.9439529771226278,0.019444184727123136,0.6201752070486117,0.0,0.3518182861164786,0.3870436349412877,0.5316931273315484,sequential_ids,0.0,0.6,0.4,0.0,0.0,0.0020239966613688366,0.6185237828651345,0.3629969005894091,0.0,0.016455319884087632,sequential_ids,1.0750037563758466,0.06344687525159459,0.9289211307704152,0.01810973021454734,0.6205477795265034,0.0020671100605275826,0.39810270763905803,0.3741125870304129,0.49023491165459687,hybrid,hybrid,False
106,0.7284844245121666,0.19350411483635926,0.08347587052518003,0.12827095565876323,0.7649398630608578,0.19490743930253626,0.8227070825853576,uniform_32bit,0.0,0.0,0.7,0.3,0.0,0.0,0.0,0.7011427127597696,0.2988572872402305,0.0,uniform_32bit,0.8798895671692393,0.07503860057144082,0.754937024463011,0.2390858297921844,0.08069146755486223,0.10460005053408065,0.72,0.18161147766167837,0.8321828340415631,simd,simd,False
107,0.32417173446037845,0.8812862822917664,0.14101838240286863,0.1716233023567796,0.8027188912715822,0.35662921005180326,0.8654012170888856,zipfian_smallints,0.0,0.0,0.0,0.55,0.45,0.0,0.0,0.005838326508171635,0.5685832218803545,0.42557845161147373,zipfian_smallints,1.0309916336042608,0.0690853750561432,0.342251454832946,0.8719334600835279,0.15351746990769571,0.2032599121742388,0.7497904916128031,0.31587614060046787,0.8315845296602905,hybrid,hybrid,False
108,0.39197874005477185,1.0,0.31599066023744754,0.3000636406051013,0.5902416316760943,0.4268842785715319,0.7105003559076083,clustered_ranges,0.3,0.0,0.0,0.0,0.7,0.27397522905413396,0.0,0.0,0.10302196843154948,0.6230028025143166,clustered_ranges,1.2748775786900672,0.016063724366702798,0.38859301860596646,0.9614560456823211,0.3017911605306523,0.2998244322870714,0.5718275358381084,0.41568619879525504,0.6901980683158285,guarded_fallback,guarded_fallback,False
109,0.32792265708430524,0.7205197852000528,0.4634097217571454,0.5180905269352639,0.4260952010287718,0.5320039760589995,0.5140454154825206,low_entropy_repeating,0.4,0.0,0.2,0.4,0.0,0.3898282100254463,0.0,0.1948067439002422,0.3516048022347081,0.06376024383960348,low_entropy_repeating,1.7729481561931082,0.0490487193155051,0.33214656341681614,0.7258005265755153,0.4847615066288175,0.49013780064446344,0.45158347005095983,0.5450721998658994,0.4948669954045233,hybrid,coherent_local,True
110,0.6047248835221426,0.6169805150073903,0.43738033542139687,0.14226562802381643,0.5628013295150457,0.3865699319224445,0.6191632157384503,sequential_ids,0.0,0.35,0.0,0.3,0.35,0.08379306162318273,0.3033425521542443,0.05567264986578553,0.1551345943844354,0.40205714197235215,clustered_ranges,1.9993383189446061,0.03525972617153618,0.5861159080409158,0.6002408750311725,0.42902195426122464,0.13708315738006768,0.5317507296816298,0.38842243941260707,0.6322163382426146,hybrid,guarded_fallback,True
111,0.784924782612471,0.49150964821061044,0.0,0.0037200722045850777,0.7530067609035798,0.174939029166116,0.9523553332128352,uniform_32bit,0.0,0.0,0.5,0.0,0.5,0.005215316016964917,0.005651964935259827,0.49787628471081685,0.013225160073320195,0.4780312742636383,uniform_32bit,1.1742362278739165,0.04108264410856116,0.7687823144124458,0.4841617865336473,0.014438074172021196,0.014311515824245473,0.7468724462202442,0.1394934303056243,0.9176411921308292,simd,simd,False
112,0.26028613597728667,0.7902196827450271,1.0,0.7469271503801113,0.028939320065292835,0.8662237030598268,0.04734754358368717,low_entropy_repeating,0.8,0.2,0.0,0.0,0.0,0.8060247882896269,0.19397521171037313,0.0,0.0,0.0,low_entropy_repeating,0.7097136183760453,0.03290968125579244,0.2551801693682985,0.7899042925238343,1.0,0.7576633009922492,0.054915538107867166,0.8724099153158507,0.06461429869338582,coherent_local,coherent_local,False
113,0.9087421115269214,0.012780545363688368,0.6097816164983308,0.0,0.4049328840626218,0.38689253464749807,0.5284805934724081,sequential_ids,0.0,0.6,0.4,0.0,0.0,0.0,0.5943379143530518,0.3748463461518812,0.030815739495067142,0.0,sequential_ids,1.1314806882744681,0.0362541344718844,0.9152973021787401,0.024652591596053715,0.60265816401672,0.010785508823273499,0.4109442845364132,0.3698161711742572,0.5006365956383667,hybrid,hybrid,False
114,0.7796459210721309,0.24097283017253648,0.059873866800771225,0.07790752931604848,0.7286151226187589,0.19148200085912906,0.8641832777901266,uniform_32bit,0.0,0.0,0.7,0.3,0.0,0.0,0.0,0.7061654521007358,0.2497355962501263,0.044098951649137914,uniform_32bit,1.052874828075457,0.027283715588436053,0.7753722828327844,0.2430054496162562,0.06742861098753411,0.08784844820403559,0.7230869266154397,0.16931999788995672,0.8444521997648936,simd,simd,False
115,0.37399949125855214,0.8776942835867207,0.11739485302847828,0.18902233507472757,0.7569307798702631,0.3069479188652649,0.8225526472980585,zipfian_smallints,0.0,0.0,0.0,0.55,0.45,0.0036808910949230876,0.0,0.010393518340374297,0.4966137445110485,0.4893118460536541,zipfian_smallints,1.104285071164283,0.031649030887204985,0.3692735967913651,0.8804238780144444,0.1377666021129062,0.1821679666686312,0.7516752054573096,0.30098223299170496,0.8463074191419637,hybrid,hybrid,False
116,0.4213221203742475,0.9674010564647347,0.28429834790686564,0.296786320857586,0.5489501854967698,0.4171026097244588,0.698830100571303,clustered_ranges,0.3,0.0,0.0,0.0,0.7,0.29912882728412493,0.0,0.012281567688078594,0.0,0.6885896050277964,clustered_ranges,0.9694435960009449,0.022578194636376742,0.42091873318177914,0.9679640636656829,0.29912882728412493,0.2880669936973554,0.5588110932530583,0.4091010402399683,0.6916081690384321,guarded_fallback,guarded_fallback,False
117,0.28351427497271064,0.6999689719033648,0.5439444234979116,0.48694801218164285,0.38708363877573665,0.5174538711689373,0.4727277486644167,low_entropy_repeating,0.4,0.0,0.2,0.4,0.0,0.37908924560255647,0.057209996865327954,0.12027435250041332,0.39623922186797644,0.047187183163725915,zipfian_smallints,1.8712245930616305,0.06018882190472212,0.30694828491574916,0.7347422776853378,0.5432838323722381,0.4954994903518321,0.4281914325297008,0.576136395952413,0.4592613935741413,hybrid,hybrid,False
118,0.5622729319508175,0.5800597286143719,0.46135474572321256,0.04167913917242655,0.5723983468607706,0.42053595504508934,0.6183054808777071,sequential_ids,0.0,0.35,0.0,0.3,0.35,0.0,0.3775901562032761,0.0,0.2729070787361768,0.3495027650605471,sequential_ids,1.5719153100603291,0.07766480658559496,0.5811809355387613,0.5608383727482776,0.4512750674620438,0.09901250520826735,0.5481183123285348,0.38520605669189456,0.6334033455002025,hybrid,hybrid,False
119,0.7655048372052526,0.47117770206928444,0.0,0.0,0.7906871320921126,0.175934666887188,0.9216015193739963,uniform_32bit,0.0,0.0,0.5,0.0,0.5,0.0,0.0,0.5111869950454737,0.059880682671145505,0.4289323222833809,uniform_32bit,1.2618923863572762,0.05167448477452223,0.7578782951821393,0.4682582219746297,0.016167784321209286,0.025247562157734733,0.7500252625598367,0.14325266433652756,0.9133123230009549,simd,simd,False
120,0.30762650535161173,0.7848894119246157,1.0,0.7496675337586627,0.059276445651153614,0.8791368618160709,0.14547134198418837,low_entropy_repeating,0.8,0.2,0.0,0.0,0.0,0.7584670671726691,0.19193877756103075,0.044271951162090546,0.0,0.005322204104209531,low_entropy_repeating,0.9988826461076813,0.04830597508936014,0.2957907699416004,0.748513485851341,0.9504058447336998,0.713012265183351,0.08963744293469025,0.8306097943043275,0.1073291127784761,coherent_local,coherent_local,False
121,0.9612821393711198,0.0,0.6242249467568964,0.0,0.39575624542746973,0.3847150339973028,0.5027771396942788,sequential_ids,0.0,0.6,0.4,0.0,0.0,0.00011420595756072983,0.6183119470691802,0.38157384697325897,0.0,0.0,sequential_ids,0.9607272181741031,0.015026219191893874,0.9380660199312774,0.00011192183840951522,0.618426153026741,0.00010735360010708603,0.39839784335373374,0.3707059743055926,0.49036525622291416,hybrid,hybrid,False
122,0.7609643978627951,0.2403496305466323,0.08941457816513587,0.11562414743590373,0.6715758266823646,0.19866431671523832,0.8074495145042424,uniform_32bit,0.0,0.0,0.7,0.3,0.0,0.0453603694954602,0.0,0.7116084106785017,0.203950621483702,0.03908059834233616,uniform_32bit,1.2023052339106557,0.017867180290638794,0.7743498885833989,0.24591264566800203,0.10042703729605974,0.11441227082845164,0.6909833832371415,0.19271479259974267,0.8122660426307455,simd,simd,False
123,0.31044252161101477,0.879539718903533,0.15059952508286137,0.179662345885693,0.7722757964416994,0.2784456208407273,0.826826406280686,zipfian_smallints,0.0,0.0,0.0,0.55,0.45,0.0,0.0,0.0,0.545603069376343,0.45439693062365716,zipfian_smallints,0.9939910803940077,0.0555278192560547,0.3481268643307532,0.8817914475122584,0.1473128287316126,0.1955050435879566,0.7518077851436561,0.31094473665032235,0.8381432019621509,hybrid,hybrid,False
124,0.40037814662667504,0.9788353182415165,0.30697160711618093,0.26380267625941134,0.5771070669364057,0.41257505920836746,0.6447013436672022,clustered_ranges,0.3,0.0,0.0,0.0,0.7,0.2989938640883319,0.0018500649843826193,0.0,0.014507338936204452,0.6846487319910811,clustered_ranges,1.00038824785688,0.053435161653293095,0.410732568498389,0.9755756153067883,0.3047609105854897,0.29297828819061433,0.5576676725856645,0.41439156073692623,0.687843434913189,guarded_fallback,guarded_fallback,False
125,0.26303521399007423,0.7116920176767673,0.5024758170553412,0.5134144971606341,0.4393004385867445,0.5696389959877546,0.4956912402462075,low_entropy_repeating,0.4,0.0,0.2,0.4,0.0,0.3736460508207891,0.006814510558140021,0.15313256738279632,0.4664068712382746,0.0,zipfian_smallints,1.5074762565190822,0.0352772664921988,0.28058346879009066,0.739298626794993,0.5063904166132633,0.5144696927049378,0.4549042189352148,0.5668532203974257,0.47974615524436925,hybrid,hybrid,False
126,0.5337223774770611,0.5537007101774801,0.4036669035528154,0.11572291667921768,0.5936236844661611,0.37071651404401224,0.5839575038960086,sequential_ids,0.0,0.35,0.0,0.3,0.35,0.0,0.3240528647453978,0.030981592325253157,0.3608711775791534,0.2840943653501957,zipfian_smallints,1.728536595630324,0.05980336113844811,0.5438378835029665,0.5671094201065144,0.4214880826917692,0.12914585580620563,0.5713791159069069,0.38341048334226874,0.6465167433327544,hybrid,hybrid,False
127,0.7324001784347406,0.4691740819300997,0.0,0.0,0.755964528074523,0.12220634172943882,0.9562334902635852,uniform_32bit,0.0,0.0,0.5,0.0,0.5,0.0,0.0,0.4980211483932456,0.011654961181006828,0.49032389042574753,uniform_32bit,1.079876771370071,0.05305030003987653,0.7697971811399881,0.48984138156203805,0.0031468395188718437,0.008982475317609866,0.7543226723298023,0.13299507584411707,0.9271675952536136,simd,simd,False
128,0.24309956735796578,0.7624420510131115,1.0,0.7136089482518471,0.06574229263300006,0.8725638295931567,0.062313937752045814,low_entropy_repeating,0.8,0.2,0.0,0.0,0.0,0.790142948962127,0.20985705103787297,0.0,0.0,0.0,low_entropy_repeating,0.7412094093673971,0.03750102954266028,0.26788564083029837,0.7743400899828844,1.0,0.7427343720243993,0.057774269186817134,0.8660571795848508,0.06826712173871079,coherent_local,coherent_local,False
129,0.9797069026787316,0.0,0.651507454263102,0.0,0.3760745888757443,0.36374798952487064,0.4750938699920308,sequential_ids,0.0,0.6,0.4,0.0,0.0,0.0,0.6407585498656241,0.3592414501343759,0.0,0.0,sequential_ids,0.9420517339385943,0.04142110786257239,0.9359241450134376,0.0,0.6407585498656241,0.0,0.3868055540698755,0.38115651843684334,0.4763221135846568,hybrid,hybrid,False
130,0.7352061038046624,0.24992583250038727,0.09488955221625313,0.08944580749364354,0.74468512862616,0.21093769395052836,0.8679075439140822,uniform_32bit,0.0,0.0,0.7,0.3,0.0,0.0,0.001098998699961244,0.6770532850468015,0.32184771625323727,0.0,uniform_32bit,0.9181506309172732,0.04411254279787766,0.7359749728023494,0.25747817300258985,0.08799788208833531,0.11264670068863304,0.7194285206760201,0.18994475291508245,0.8278119962185064,simd,simd,False
131,0.3597353351781431,0.9150857178021424,0.10148003930064858,0.18905233628428844,0.7298248685919144,0.3149806465281848,0.8227137695200816,zipfian_smallints,0.0,0.0,0.0,0.55,0.45,0.024094216936494196,0.0,0.0,0.44001169654528216,0.5358940865182236,clustered_ranges,1.1329483512116525,0.05206097630367208,0.37635327465682317,0.9007978946218491,0.14289737500372038,0.18201159857633553,0.7406466342007296,0.3041553542119682,0.8424665106391921,guarded_fallback,guarded_fallback,False
132,0.41084605395125673,1.0,0.29575700508949054,0.2993448079297553,0.5531932667518941,0.4128928321989208,0.6921504170109017,clustered_ranges,0.3,0.0,0.0,0.0,0.7,0.30387568638995194,0.0,0.0,0.0,0.6961243136100481,clustered_ranges,0.8859770380231713,0.019645103460072897,0.4132559411245217,0.9800000000000001,0.30387568638995194,0.2926043883426553,0.5560157214797371,0.41398427852026304,0.6882793410656461,guarded_fallback,guarded_fallback,False
133,0.323208101649329,0.7411326883886795,0.5491848499400832,0.5237405020477292,0.45473867215089,0.5352283872703609,0.46980308143960947,low_entropy_repeating,0.4,0.0,0.2,0.4,0.0,0.3891202354996903,0.02711771535947123,0.16373305261086862,0.3856450462230653,0.034383950306904505,low_entropy_repeating,1.795753417477561,0.04947916729300565,0.315378300973311,0.7235501390689152,0.5203621133393892,0.5010926270508508,0.43592149968477495,0.5658376418502147,0.4700076244287994,hybrid,coherent_local,True
134,0.5850072366220898,0.6046492159604288,0.43629024331987626,0.1306598489891988,0.5747691677248454,0.411507656456483,0.6537339789239277,sequential_ids,0.0,0.35,0.0,0.3,0.35,0.03654767629535448,0.32082985318195856,0.03440719796149141,0.2643983886599359,0.34381688390125953,clustered_ranges,1.9049533667288299,0.016288675646644997,0.5634998295592708,0.5842759799206305,0.42876509441549576,0.13033242058762337,0.5516522848117216,0.3868636499069831,0.6385241370858974,hybrid,guarded_fallback,True
135,0.7661075421107242,0.49839603142332556,0.0,0.014572143409626238,0.6637896793696304,0.08691341481486456,0.9412942150235245,uniform_32bit,0.0,0.0,0.5,0.0,0.5,0.0,0.0,0.4899591825602147,0.0,0.5100408174397852,clustered_ranges,0.9997090811447799,0.09217026215915555,0.7704816321520966,0.4998400010909895,0.0,0.005100408174397853,0.7557028572207849,0.1310040817439785,0.9310040817439785,guarded_fallback,guarded_fallback,False
136,0.2719382334316699,0.7549392804965017,0.9821974489530265,0.7862635247153533,0.043899246710683106,0.9260730078100746,0.06595200367059136,low_entropy_repeating,0.8,0.2,0.0,0.0,0.0,0.7996213396811243,0.19871018325145162,0.0016684770674241143,0.0,0.0,low_entropy_repeating,0.7366077518932429,0.07297399412658338,0.260469775961843,0.7836289128875018,0.9983315229325759,0.7516440593002568,0.05693576693245818,0.8690643516507603,0.06713823242581861,coherent_local,coherent_local,False
137,0.9502009044220318,0.040421859962465195,0.6032756779048355,0.0,0.4052568137076427,0.36110973159524773,0.4678814586949609,sequential_ids,0.0,0.6,0.4,0.0,0.0,0.0,0.6131888572147342,0.36046512919247886,0.0,0.026346013592786963,sequential_ids,1.1015116451781741,0.04202820951324965,0.9268254081617725,0.025819093320931224,0.6131888572147342,0.00026346013592786963,0.40298601519983335,0.3708333642502038,0.49632562131399616,hybrid,hybrid,False
138,0.7476041982164794,0.22144519765006407,0.10410894392968585,0.10586529685463139,0.7129301062713107,0.17934545173443558,0.8375780504601541,uniform_32bit,0.0,0.0,0.7,0.3,0.0,0.0,0.014620156280273059,0.6937713555846298,0.29160848813509715,0.0,uniform_32bit,0.9735144213167932,0.025209746303586484,0.759419024101193,0.23328679050807774,0.0933544480767493,0.102062970847284,0.7123975187342579,0.18601835941766137,0.8241319434418124,simd,simd,False
139,0.3619203549922445,0.8560071942832654,0.12246030918446822,0.22461698038506325,0.7411915781948818,0.2765789476850781,0.8480953177345776,zipfian_smallints,0.0,0.0,0.0,0.55,0.45,0.0,0.0,0.025742243400775817,0.5260064432582571,0.44825131334096713,zipfian_smallints,1.1423444308856792,0.05062883908810831,0.366961625524794,0.8600914416807535,0.14202173967972942,0.18858476827379964,0.7513775919338677,0.3036673220419041,0.8406641004127755,hybrid,hybrid,False
140,0.4265842451508172,0.9417321185685823,0.30573704288659015,0.3073895773107093,0.5683596612926565,0.42679953709403484,0.6568932725477312,clustered_ranges,0.3,0.0,0.0,0.0,0.7,0.3041220139318915,0.0,0.04067541235944401,0.03742143193798164,0.6177811417706828,clustered_ranges,1.316801702389262,0.029260427130635515,0.4176030994753454,0.933402238138908,0.31422580055514654,0.30515000569197837,0.5503592701716237,0.41908755315672763,0.6742457530855644,guarded_fallback,guarded_fallback,False
141,0.3202760038749049,0.7044345060132389,0.4959302460318839,0.5377638902354932,0.4769818627668557,0.6088592513650091,0.5048701967876476,low_entropy_repeating,0.4,0.0,0.2,0.4,0.0,0.3856773466555128,0.0,0.20818656836609645,0.40613608497839077,0.0,zipfian_smallints,1.5294341808381613,0.05070482598558079,0.31985879832775804,0.7028726677051151,0.4953340895996783,0.5046843355986187,0.45002585734114103,0.553625560482949,0.4833357082797165,hybrid,hybrid,False
142,0.5587566454592454,0.5918180040756585,0.45017057179460607,0.11152944873248655,0.5657691046977886,0.40209382829690454,0.6450179338493517,sequential_ids,0.0,0.35,0.0,0.3,0.35,0.0061997666744417375,0.35099551129711853,0.0,0.3136834376263322,0.32912128440210764,sequential_ids,1.627992386217147,0.012277548988517507,0.5539956620287498,0.5795613801560842,0.44188980613066997,0.11890819668721257,0.5561809873615368,0.3899261845495737,0.6362638069627932,hybrid,hybrid,False
143,0.7567678265906584,0.4796381733541035,0.01584775944334356,0.0050748322799988935,0.7635052494217085,0.14675198105505474,0.9206289634275597,uniform_32bit,0.0,0.0,0.5,0.0,0.5,0.0,0.003547176829984257,0.4975262669750634,0.03924327293232649,0.45968328326262586,uniform_32bit,1.2287158892780132,0.01938952551976961,0.7606083210443123,0.48188423594323454,0.01414286052171241,0.01833197835894053,0.750333297876792,0.1409782142333462,0.9174546832542003,simd,simd,False
144,0.2789062040907452,0.7934710650864599,0.9691296728272131,0.7880576197796562,0.0434813814060771,0.8286226164203704,0.03987390726034244,low_entropy_repeating,0.8,0.2,0.0,0.0,0.0,0.8181022711070757,0.17200754564387724,0.009890183249047058,0.0,0.0,low_entropy_repeating,0.7396329269326647,0.06453468371701514,0.24650720143924415,0.8017402256849342,0.9901098167509529,0.7690161348406511,0.05788448649023085,0.872592522315778,0.06806729309227223,coherent_local,coherent_local,False
145,0.914473870983042,0.0013043329664383368,0.593153737361344,0.0,0.42349254913706197,0.37049688402981756,0.5099011967661071,sequential_ids,0.0,0.6,0.4,0.0,0.0,0.0,0.5875375750099935,0.39522516005203795,0.01723726493796848,0.0,sequential_ids,1.0810745336738556,0.022553555156680186,0.9271116852498664,0.013789811950374785,0.592191636543245,0.006033042728288967,0.41448046099480335,0.36200333033360627,0.5070933653536291,hybrid,hybrid,False
146,0.7642457114332173,0.2554033667000559,0.028301166455563923,0.09588904369338846,0.6654947483877631,0.1829014981699449,0.8318841756943913,uniform_32bit,0.0,0.0,0.7,0.3,0.0,0.0225477194058198,0.0,0.6968439335002575,0.1635680635602877,0.117040283533635,uniform_32bit,1.2759523935872892,0.05354938891711468,0.7929131128251905,0.2676506937288959,0.06671109656709748,0.07961408132290765,0.7124094162632806,0.16693368584692456,0.8461420994947124,simd,simd,False
147,0.37263830686974203,0.910690859818028,0.1535693762063092,0.1844909730650775,0.7636290278136435,0.29880205906689217,0.8369651837139163,zipfian_smallints,0.0,0.0,0.0,0.55,0.45,0.016959462031635456,0.0008988889400369412,0.0,0.46982151325967264,0.512320135768655,clustered_ranges,1.1151953679297548,0.023084585921420077,0.36884889330869813,0.8945512164520227,0.144710159551784,0.1855026253083093,0.7435233638328418,0.30614853785449436,0.8409091340758881,guarded_fallback,guarded_fallback,False
148,0.43965340792401925,0.9660557163502644,0.32014196598106254,0.30593503421730756,0.5351302045717294,0.435347353205435,0.7094641586342876,clustered_ranges,0.3,0.0,0.0,0.0,0.7,0.31195622126384553,0.004048092427717382,0.03548098547485351,0.0,0.6485147008335835,clustered_ranges,1.1325351292007586,0.03092632478680523,0.42700297624465466,0.9412615036554804,0.3160043136915629,0.29972399499635066,0.5449216661112459,0.4181559860239311,0.6740188215669892,guarded_fallback,guarded_fallback,False
149,0.31454814718431645,0.6929419135493088,0.4865198495356108,0.5025584355774244,0.453564861582299,0.5401093708149651,0.4829378062154967,low_entropy_repeating,0.4,0.0,0.2,0.4,0.0,0.37836005980935683,0.0,0.20663498394338065,0.4150049562472625,0.0,zipfian_smallints,1.5271448353533044,0.009278612236920466,0.3191718820488236,0.7027968236109797,0.4904113979961177,0.5009101909073372,0.4551479581334502,0.5502749371582096,0.48820955556439116,hybrid,hybrid,False
150,0.5304561117780402,0.5778982853890288,0.4337411938643502,0.16962825362647294,0.5280671086119908,0.41830036416225336,0.650246060349682,sequential_ids,0.0,0.35,0.0,0.3,0.35,0.06439625350528479,0.28489254618263704,0.06568043730628546,0.31215605591887924,0.2728747070869136,zipfian_smallints,2.06451119613486,0.03593571238837651,0.534792533184388,0.5802503861154578,0.4335709347860192,0.17251584493744457,0.5458797280274135,0.40334476697654753,0.6224794196520645,hybrid,hybrid,False
151,0.7852792979503991,0.4929586978347051,0.011118170454880826,0.0011578723909495565,0.7913512545364365,0.11858822139438194,0.9583058643044812,uniform_32bit,0.0,0.0,0.5,0.0,0.5,0.0,0.0,0.5049071475456488,0.006829700259281321,0.48826315219507,uniform_32bit,1.0519211416096215,0.028391107632280494,0.774681227299608,0.48396164935859365,0.0018440190700059569,0.007273026612699162,0.754178420653655,0.13114841330766266,0.927733563178022,simd,simd,False
152,0.24389082199467443,0.7824937038399679,0.9732009361927445,0.763375593008688,0.09212814892316334,0.8680660955044787,0.06107785753240226,low_entropy_repeating,0.8,0.2,0.0,0.0,0.0,0.8020832198207838,0.17346392696237362,0.008917977889328911,0.015534875327513641,0.0,low_entropy_repeating,0.8476598434396796,0.03384422398377926,0.248040111696496,0.798469455686379,0.9797415631215861,0.7593954329961664,0.06834050410501703,0.8646223045277521,0.07844057691542834,coherent_local,coherent_local,False
153,0.9121345759233019,0.0,0.5601801435069618,0.0,0.41366965115272836,0.3949753299435349,0.5722302715307376,sequential_ids,0.0,0.6,0.4,0.0,0.0,0.0,0.5540465493967407,0.41736397687585514,0.02858947372740423,0.0,sequential_ids,1.144759511770289,0.0698102040224616,0.9211519766038545,0.022871578981923386,0.5617657073031398,0.01000631580459148,0.43189579431369485,0.35012229928378563,0.5263763580836688,hybrid,hybrid,False
154,0.7393353728732275,0.275882503916136,0.0870938120100412,0.1012188088313406,0.7308148612931538,0.18354791209199897,0.8347598931403054,uniform_32bit,0.0,0.0,0.7,0.3,0.0,0.0,0.0032151306850927005,0.6609762010866596,0.29723594656426233,0.03857272166398541,uniform_32bit,1.1228509479986724,0.009917821041116518,0.7385872860000022,0.27559002448211556,0.08346883625744354,0.10441830851413166,0.7210282225602307,0.1864286054202413,0.8342739883845082,simd,simd,False
155,0.3362916709293333,0.8460472585050287,0.10990936993694797,0.21333112208203067,0.7445824977478572,0.29709777750859584,0.8372126406680788,zipfian_smallints,0.0,0.0,0.0,0.55,0.45,0.0,0.0,0.015185793107367342,0.5415646048493515,0.44324960204328107,zipfian_smallints,1.0912031367732604,0.04654581949777049,0.35645470310405525,0.8676362938818967,0.14622244330932493,0.19398010771770582,0.7510274721430297,0.30845692585310763,0.8376746234284318,hybrid,hybrid,False
156,0.43487330632289073,0.9845090985756599,0.28359862658397583,0.3196573238912237,0.5984796375745407,0.4233639163830713,0.7163415877836022,clustered_ranges,0.3,0.0,0.0,0.0,0.7,0.27395750680363523,0.0,0.025652604767878753,0.0715259664848163,0.6288639219436697,clustered_ranges,1.340321095705404,0.030921698987441296,0.4117981864845276,0.9419857733602119,0.29326951775453564,0.28884278388453943,0.5722502197735122,0.4055482517183671,0.69583878170567,guarded_fallback,guarded_fallback,False
157,0.34304899992034527,0.7402524829101129,0.5233524794278156,0.5309586761768721,0.4529915143336625,0.5365665581363239,0.48951807892148963,low_entropy_repeating,0.4,0.0,0.2,0.4,0.0,0.4081746194251009,0.0,0.20453519596576278,0.33777981549803265,0.049510369111103576,low_entropy_repeating,1.7395578017982605,0.038261640083923056,0.33338372770902575,0.7187551411639066,0.49937516960956974,0.5024021813750174,0.4377434922402066,0.5549080930802792,0.4798760937258383,hybrid,coherent_local,True
158,0.5276046507218362,0.5631350136218736,0.4635891266952022,0.12950550406735495,0.5996849572421465,0.3747081404078177,0.6176937789680808,sequential_ids,0.0,0.35,0.0,0.3,0.35,0.0,0.336934487693157,0.018873186827790045,0.392134978595246,0.252057346883807,zipfian_smallints,1.6676448875335859,0.05015133170995847,0.5313300626848695,0.5607241828223277,0.4428109319138734,0.13976781597717416,0.5624380806814249,0.39689083662654806,0.6301954108664525,hybrid,hybrid,False
159,0.7689890700732415,0.49255078243101436,0.0019747179085002424,0.03334201196891754,0.7459682393749139,0.13880086179507312,0.9052843212641348,uniform_32bit,0.0,0.0,0.5,0.0,0.5,0.014056147168695843,0.0,0.49825486558241683,0.004543142728077569,0.4831458445208098,uniform_32bit,1.1296527011611879,0.0219524515615789,0.7662084604767858,0.49089246603817754,0.015282795705276787,0.01963433673860934,0.7439809060983696,0.14208810101639274,0.9154993950505101,simd,simd,False
