window_id,new_dominant_prototype,updated_policy,new_residual,new_drift_score,parent_route,child_route,hierarchical_route,parent_changed,child_changed,policy_changed,parent_switch_rate,child_switch_rate,policy_switch_rate,hierarchical_stability_score
0,low_entropy_repeating,coherent_local,0.18760095362557028,0.15752255979032287,parent_2,low_entropy_repeating,parent_2 / low_entropy_repeating / coherent_local,True,True,True,1.0,1.0,1.0,0.0
1,zipfian_smallints,hybrid,0.30643388298347285,0.022448240567308167,parent_0,zipfian_smallints,parent_0 / zipfian_smallints / hybrid,True,True,True,1.0,1.0,1.0,0.0
2,uniform_32bit,simd,0.2576704241900371,0.10418787038282089,parent_0,uniform_32bit,parent_0 / uniform_32bit / simd,False,True,True,0.6666666666666666,1.0,1.0,0.16666666666666674
3,clustered_ranges,guarded_fallback,0.24899193054974267,0.07734780362132099,parent_0,clustered_ranges,parent_0 / clustered_ranges / guarded_fallback,False,True,True,0.5,1.0,1.0,0.25
4,uniform_32bit,simd,0.2966675161257369,0.1233015348780608,parent_0,uniform_32bit,parent_0 / uniform_32bit / simd,False,True,True,0.4,1.0,1.0,0.3
5,sequential_ids,hybrid,0.31763447241808196,0.14337546711260227,parent_1,sequential_ids,parent_1 / sequential_ids / hybrid,True,True,True,0.5,1.0,1.0,0.25
6,uniform_32bit,simd,0.27212504704494994,0.07205586995855004,parent_0,uniform_32bit,parent_0 / uniform_32bit / simd,True,True,True,0.5714285714285714,1.0,1.0,0.2142857142857143
7,sequential_ids,hybrid,0.30270701807843636,0.11750370445068735,parent_1,sequential_ids,parent_1 / sequential_ids / hybrid,True,True,True,0.625,1.0,1.0,0.1875
8,low_entropy_repeating,coherent_local,0.20914422733576352,0.1811270669337015,parent_2,low_entropy_repeating,parent_2 / low_entropy_repeating / coherent_local,True,True,True,0.6666666666666666,1.0,1.0,0.16666666666666674
9,zipfian_smallints,hybrid,0.24072823107587188,0.09858360889184463,parent_0,zipfian_smallints,parent_0 / zipfian_smallints / hybrid,True,True,True,0.7,1.0,1.0,0.15000000000000002
10,zipfian_smallints,hybrid,0.28193855113320093,0.1382722032182039,parent_0,zipfian_smallints,parent_0 / zipfian_smallints / hybrid,False,False,False,0.6363636363636364,0.9090909090909091,0.9090909090909091,0.22727272727272735
11,low_entropy_repeating,coherent_local,0.2747639566957593,0.14154105015039414,parent_2,low_entropy_repeating,parent_2 / low_entropy_repeating / coherent_local,True,True,True,0.6666666666666666,0.9166666666666666,0.9166666666666666,0.20833333333333343
12,clustered_ranges,guarded_fallback,0.22561509901692306,0.09438786354642313,parent_0,clustered_ranges,parent_0 / clustered_ranges / guarded_fallback,True,True,True,0.6923076923076923,0.9230769230769231,0.9230769230769231,0.1923076923076923
13,zipfian_smallints,hybrid,0.20117363630512733,0.15079897112877477,parent_0,zipfian_smallints,parent_0 / zipfian_smallints / hybrid,False,True,True,0.6428571428571429,0.9285714285714286,0.9285714285714286,0.2142857142857143
14,zipfian_smallints,hybrid,0.2431631525407075,0.0779921761518736,parent_0,zipfian_smallints,parent_0 / zipfian_smallints / hybrid,False,False,False,0.6,0.8666666666666667,0.8666666666666667,0.2666666666666666
15,low_entropy_repeating,coherent_local,0.20053112705852563,0.15252963939123504,parent_2,low_entropy_repeating,parent_2 / low_entropy_repeating / coherent_local,True,True,True,0.6,0.8666666666666667,0.8666666666666667,0.2666666666666666
16,clustered_ranges,guarded_fallback,0.2825892560983117,0.08672451463556527,parent_0,clustered_ranges,parent_0 / clustered_ranges / guarded_fallback,True,True,True,0.6,0.8666666666666667,0.8666666666666667,0.2666666666666666
17,uniform_32bit,simd,0.2639296793840032,0.1258342904570364,parent_0,uniform_32bit,parent_0 / uniform_32bit / simd,False,True,True,0.6,0.8666666666666667,0.8666666666666667,0.2666666666666666
18,clustered_ranges,guarded_fallback,0.3022857266768914,0.1311797774387341,parent_0,clustered_ranges,parent_0 / clustered_ranges / guarded_fallback,False,True,True,0.6,0.8666666666666667,0.8666666666666667,0.2666666666666666
19,sequential_ids,hybrid,0.2907348137843137,0.12337895347444457,parent_1,sequential_ids,parent_1 / sequential_ids / hybrid,True,True,True,0.6666666666666666,0.8666666666666667,0.8666666666666667,0.2333333333333334
20,zipfian_smallints,hybrid,0.28787729355031244,0.047142209007216676,parent_0,zipfian_smallints,parent_0 / zipfian_smallints / hybrid,True,True,False,0.6666666666666666,0.8666666666666667,0.8,0.2466666666666667
21,zipfian_smallints,hybrid,0.23081972701856193,0.09648136728536022,parent_0,zipfian_smallints,parent_0 / zipfian_smallints / hybrid,False,False,False,0.6,0.8,0.7333333333333333,0.3133333333333333
22,uniform_32bit,simd,0.23349146492639897,0.19474706556171978,parent_0,uniform_32bit,parent_0 / uniform_32bit / simd,False,True,True,0.5333333333333333,0.8,0.7333333333333333,0.34666666666666673
23,uniform_32bit,simd,0.1980501330584054,0.16841391772957404,parent_0,uniform_32bit,parent_0 / uniform_32bit / simd,False,False,False,0.4666666666666667,0.7333333333333333,0.6666666666666666,0.41333333333333333
24,clustered_ranges,guarded_fallback,0.2299068982008535,0.12813765325525028,parent_0,clustered_ranges,parent_0 / clustered_ranges / guarded_fallback,False,True,True,0.4,0.7333333333333333,0.6666666666666666,0.44666666666666677
25,uniform_32bit,simd,0.2851733398815567,0.15556132898964276,parent_0,uniform_32bit,parent_0 / uniform_32bit / simd,False,True,True,0.4,0.8,0.7333333333333333,0.4133333333333334
26,zipfian_smallints,hybrid,0.22907649566509375,0.09688241036677164,parent_0,zipfian_smallints,parent_0 / zipfian_smallints / hybrid,False,True,True,0.3333333333333333,0.8,0.7333333333333333,0.4466666666666667
27,sequential_ids,hybrid,0.30147855287542924,0.11043478375591925,parent_1,sequential_ids,parent_1 / sequential_ids / hybrid,True,True,False,0.3333333333333333,0.8,0.6666666666666666,0.4600000000000001
28,clustered_ranges,guarded_fallback,0.18200276715979116,0.07402738569991943,parent_0,clustered_ranges,parent_0 / clustered_ranges / guarded_fallback,True,True,True,0.4,0.8,0.6666666666666666,0.42666666666666675
29,clustered_ranges,guarded_fallback,0.27982964464322585,0.12712128680352824,parent_0,clustered_ranges,parent_0 / clustered_ranges / guarded_fallback,False,False,False,0.4,0.8,0.6666666666666666,0.42666666666666675
30,uniform_32bit,simd,0.22436484121980793,0.12792698455383572,parent_0,uniform_32bit,parent_0 / uniform_32bit / simd,False,True,True,0.3333333333333333,0.8,0.6666666666666666,0.4600000000000001
31,zipfian_smallints,hybrid,0.2875354236380402,0.10453267301398808,parent_0,zipfian_smallints,parent_0 / zipfian_smallints / hybrid,False,True,True,0.26666666666666666,0.8,0.6666666666666666,0.4933333333333334
32,uniform_32bit,simd,0.21028444353600093,0.1018473076717464,parent_0,uniform_32bit,parent_0 / uniform_32bit / simd,False,True,True,0.26666666666666666,0.8,0.6666666666666666,0.4933333333333334
33,clustered_ranges,guarded_fallback,0.22709572636010025,0.06020801772054801,parent_0,clustered_ranges,parent_0 / clustered_ranges / guarded_fallback,False,True,True,0.26666666666666666,0.8,0.6666666666666666,0.4933333333333334
34,zipfian_smallints,hybrid,0.22183585958783658,0.12062470593638437,parent_0,zipfian_smallints,parent_0 / zipfian_smallints / hybrid,False,True,True,0.2,0.8,0.6666666666666666,0.5266666666666667
35,uniform_32bit,simd,0.27884479953435454,0.1423265588014972,parent_0,uniform_32bit,parent_0 / uniform_32bit / simd,False,True,True,0.13333333333333333,0.8,0.7333333333333333,0.5466666666666666
36,uniform_32bit,simd,0.24409087092943457,0.0988350843977923,parent_0,uniform_32bit,parent_0 / uniform_32bit / simd,False,False,False,0.13333333333333333,0.8,0.7333333333333333,0.5466666666666666
37,uniform_32bit,simd,0.24521690734561605,0.0356332783020985,parent_0,uniform_32bit,parent_0 / uniform_32bit / simd,False,False,False,0.13333333333333333,0.7333333333333333,0.6666666666666666,0.5800000000000001
38,clustered_ranges,guarded_fallback,0.17063802325873587,0.07013765861992591,parent_0,clustered_ranges,parent_0 / clustered_ranges / guarded_fallback,False,True,True,0.13333333333333333,0.8,0.7333333333333333,0.5466666666666666
39,low_entropy_repeating,coherent_local,0.2739864536034062,0.07472604723199695,parent_2,low_entropy_repeating,parent_2 / low_entropy_repeating / coherent_local,True,True,True,0.2,0.8,0.7333333333333333,0.5133333333333334
40,uniform_32bit,simd,0.32795369786716394,0.1021868014469287,parent_0,uniform_32bit,parent_0 / uniform_32bit / simd,True,True,True,0.26666666666666666,0.8,0.7333333333333333,0.48000000000000004
41,sequential_ids,hybrid,0.29425093410802516,0.07331911599950613,parent_1,sequential_ids,parent_1 / sequential_ids / hybrid,True,True,True,0.3333333333333333,0.8,0.7333333333333333,0.4466666666666667
42,zipfian_smallints,hybrid,0.19299867670536514,0.10304834620497187,parent_0,zipfian_smallints,parent_0 / zipfian_smallints / hybrid,True,True,False,0.3333333333333333,0.8,0.7333333333333333,0.4466666666666667
43,sequential_ids,hybrid,0.3004184882474437,0.03363397884038255,parent_1,sequential_ids,parent_1 / sequential_ids / hybrid,True,True,False,0.3333333333333333,0.8,0.6666666666666666,0.4600000000000001
44,zipfian_smallints,hybrid,0.26426413613993666,0.09029250221516028,parent_0,zipfian_smallints,parent_0 / zipfian_smallints / hybrid,True,True,False,0.4,0.8666666666666667,0.6666666666666666,0.40666666666666673
45,sequential_ids,hybrid,0.16323652873669273,0.12360647538569347,parent_1,sequential_ids,parent_1 / sequential_ids / hybrid,True,True,False,0.4666666666666667,0.8666666666666667,0.6,0.3866666666666666
46,uniform_32bit,simd,0.26396057268128226,0.12109260727617215,parent_0,uniform_32bit,parent_0 / uniform_32bit / simd,True,True,True,0.5333333333333333,0.8666666666666667,0.6,0.3533333333333334
47,zipfian_smallints,hybrid,0.3461067334792549,0.10803221862634878,parent_0,zipfian_smallints,parent_0 / zipfian_smallints / hybrid,False,True,True,0.5333333333333333,0.8666666666666667,0.6,0.3533333333333334
48,zipfian_smallints,hybrid,0.260756538097379,0.13099983419858827,parent_0,zipfian_smallints,parent_0 / zipfian_smallints / hybrid,False,False,False,0.5333333333333333,0.8,0.5333333333333333,0.3866666666666667
49,low_entropy_repeating,coherent_local,0.3315512545144262,0.16175556229572893,parent_2,low_entropy_repeating,parent_2 / low_entropy_repeating / coherent_local,True,True,True,0.6,0.8,0.5333333333333333,0.3533333333333333
50,zipfian_smallints,hybrid,0.3377981734731737,0.060561847283857446,parent_0,zipfian_smallints,parent_0 / zipfian_smallints / hybrid,True,True,True,0.6666666666666666,0.8,0.5333333333333333,0.32000000000000006
51,low_entropy_repeating,coherent_local,0.21161490803501515,0.07367120292972375,parent_2,low_entropy_repeating,parent_2 / low_entropy_repeating / coherent_local,True,True,True,0.7333333333333333,0.8666666666666667,0.6,0.2533333333333333
52,clustered_ranges,guarded_fallback,0.16739883114662146,0.15175754734072022,parent_0,clustered_ranges,parent_0 / clustered_ranges / guarded_fallback,True,True,True,0.8,0.9333333333333333,0.6666666666666666,0.18666666666666668
53,uniform_32bit,simd,0.2366666381740736,0.0464596852748671,parent_0,uniform_32bit,parent_0 / uniform_32bit / simd,False,True,True,0.8,0.9333333333333333,0.6666666666666666,0.18666666666666668
54,uniform_32bit,simd,0.26881083084701174,0.16190632839471905,parent_0,uniform_32bit,parent_0 / uniform_32bit / simd,False,False,False,0.7333333333333333,0.8666666666666667,0.6,0.2533333333333333
55,uniform_32bit,simd,0.3698038535015072,0.2656931233003665,parent_0,uniform_32bit,parent_0 / uniform_32bit / simd,False,False,False,0.6666666666666666,0.8,0.5333333333333333,0.32000000000000006
56,uniform_32bit,simd,0.19062771279808816,0.013397685963434533,parent_0,uniform_32bit,parent_0 / uniform_32bit / simd,False,False,False,0.6,0.7333333333333333,0.4666666666666667,0.38666666666666666
57,clustered_ranges,guarded_fallback,0.26606268774063013,0.07935294523448369,parent_0,clustered_ranges,parent_0 / clustered_ranges / guarded_fallback,False,True,True,0.5333333333333333,0.7333333333333333,0.5333333333333333,0.40666666666666673
58,uniform_32bit,simd,0.21327419205641152,0.11296045567918073,parent_0,uniform_32bit,parent_0 / uniform_32bit / simd,False,True,True,0.4666666666666667,0.7333333333333333,0.6,0.42666666666666664
59,uniform_32bit,simd,0.3139588138472586,0.12785242837226724,parent_0,uniform_32bit,parent_0 / uniform_32bit / simd,False,False,False,0.4,0.6666666666666666,0.6,0.4800000000000001
60,uniform_32bit,simd,0.1878607748304513,0.03626585276478214,parent_0,uniform_32bit,parent_0 / uniform_32bit / simd,False,False,False,0.3333333333333333,0.6,0.6,0.5333333333333333
61,low_entropy_repeating,coherent_local,0.22082152545560016,0.11731087245908398,parent_2,low_entropy_repeating,parent_2 / low_entropy_repeating / coherent_local,True,True,True,0.3333333333333333,0.6,0.6,0.5333333333333333
62,zipfian_smallints,hybrid,0.25781647128837315,0.16913697555115287,parent_0,zipfian_smallints,parent_0 / zipfian_smallints / hybrid,True,True,True,0.4,0.6,0.6,0.5000000000000001
63,zipfian_smallints,hybrid,0.22004226408765087,0.06075281167914876,parent_0,zipfian_smallints,parent_0 / zipfian_smallints / hybrid,False,False,False,0.4,0.6,0.6,0.5000000000000001
64,sequential_ids,hybrid,0.2064864361278548,0.2264234866217582,parent_1,sequential_ids,parent_1 / sequential_ids / hybrid,True,True,False,0.4,0.6,0.5333333333333333,0.5133333333333334
65,low_entropy_repeating,coherent_local,0.20071679924653685,0.16192446018681725,parent_2,low_entropy_repeating,parent_2 / low_entropy_repeating / coherent_local,True,True,True,0.4,0.6,0.5333333333333333,0.5133333333333334
66,clustered_ranges,guarded_fallback,0.3058943807724546,0.13924754830529315,parent_0,clustered_ranges,parent_0 / clustered_ranges / guarded_fallback,True,True,True,0.4,0.6,0.5333333333333333,0.5133333333333334
67,sequential_ids,hybrid,0.2406017261405146,0.11796187369322829,parent_1,sequential_ids,parent_1 / sequential_ids / hybrid,True,True,True,0.4,0.6,0.5333333333333333,0.5133333333333334
68,clustered_ranges,guarded_fallback,0.2767643320889248,0.09725082598296099,parent_0,clustered_ranges,parent_0 / clustered_ranges / guarded_fallback,True,True,True,0.4666666666666667,0.6,0.5333333333333333,0.48
69,clustered_ranges,guarded_fallback,0.17646365417396512,0.05610312128401902,parent_0,clustered_ranges,parent_0 / clustered_ranges / guarded_fallback,False,False,False,0.4666666666666667,0.6,0.5333333333333333,0.48
70,low_entropy_repeating,coherent_local,0.3447454753846261,0.1279995806786719,parent_2,low_entropy_repeating,parent_2 / low_entropy_repeating / coherent_local,True,True,True,0.5333333333333333,0.6666666666666666,0.6,0.41333333333333344
71,clustered_ranges,guarded_fallback,0.24288170043340704,0.13429130698012715,parent_0,clustered_ranges,parent_0 / clustered_ranges / guarded_fallback,True,True,True,0.6,0.7333333333333333,0.6666666666666666,0.3466666666666667
72,uniform_32bit,simd,0.2631629500818314,0.09945363845831313,parent_0,uniform_32bit,parent_0 / uniform_32bit / simd,False,True,True,0.6,0.7333333333333333,0.6666666666666666,0.3466666666666667
73,sequential_ids,hybrid,0.3163773226035933,0.1414378219230807,parent_1,sequential_ids,parent_1 / sequential_ids / hybrid,True,True,True,0.6666666666666666,0.7333333333333333,0.6666666666666666,0.31333333333333346
74,zipfian_smallints,hybrid,0.2609940662333144,0.05877654841397498,parent_0,zipfian_smallints,parent_0 / zipfian_smallints / hybrid,True,True,False,0.7333333333333333,0.8,0.6666666666666666,0.26
75,zipfian_smallints,hybrid,0.16791044804526012,0.20254639661156248,parent_0,zipfian_smallints,parent_0 / zipfian_smallints / hybrid,False,False,False,0.7333333333333333,0.8,0.6666666666666666,0.26
76,low_entropy_repeating,coherent_local,0.23922884720304396,0.10084063394320061,parent_2,low_entropy_repeating,parent_2 / low_entropy_repeating / coherent_local,True,True,True,0.7333333333333333,0.8,0.6666666666666666,0.26
77,clustered_ranges,guarded_fallback,0.33768665753453214,0.06464771589782559,parent_0,clustered_ranges,parent_0 / clustered_ranges / guarded_fallback,True,True,True,0.7333333333333333,0.8,0.6666666666666666,0.26
78,sequential_ids,hybrid,0.2885996076813427,0.10026974385702052,parent_1,sequential_ids,parent_1 / sequential_ids / hybrid,True,True,True,0.8,0.8666666666666667,0.7333333333333333,0.1933333333333333
79,sequential_ids,hybrid,0.24969268799679573,0.11182785507377437,parent_1,sequential_ids,parent_1 / sequential_ids / hybrid,False,False,False,0.7333333333333333,0.8,0.7333333333333333,0.24666666666666665
80,clustered_ranges,guarded_fallback,0.334448911678823,0.12452924534508727,parent_0,clustered_ranges,parent_0 / clustered_ranges / guarded_fallback,True,True,True,0.7333333333333333,0.8,0.7333333333333333,0.24666666666666665
81,low_entropy_repeating,coherent_local,0.28863632759661145,0.01749139494844887,parent_2,low_entropy_repeating,parent_2 / low_entropy_repeating / coherent_local,True,True,True,0.7333333333333333,0.8,0.7333333333333333,0.24666666666666665
82,sequential_ids,hybrid,0.19940618378242775,0.059059346978818594,parent_1,sequential_ids,parent_1 / sequential_ids / hybrid,True,True,True,0.7333333333333333,0.8,0.7333333333333333,0.24666666666666665
83,uniform_32bit,simd,0.19731085798427495,0.1032938279649594,parent_0,uniform_32bit,parent_0 / uniform_32bit / simd,True,True,True,0.7333333333333333,0.8,0.7333333333333333,0.24666666666666665
84,low_entropy_repeating,coherent_local,0.17041643693562616,0.12153157462972086,parent_2,low_entropy_repeating,parent_2 / low_entropy_repeating / coherent_local,True,True,True,0.8,0.8666666666666667,0.8,0.17999999999999994
85,zipfian_smallints,hybrid,0.2209498339999853,0.10361634528190194,parent_0,zipfian_smallints,parent_0 / zipfian_smallints / hybrid,True,True,True,0.8,0.8666666666666667,0.8,0.17999999999999994
86,low_entropy_repeating,coherent_local,0.28228692622023555,0.18686990537213718,parent_2,low_entropy_repeating,parent_2 / low_entropy_repeating / coherent_local,True,True,True,0.8,0.8666666666666667,0.8,0.17999999999999994
87,uniform_32bit,simd,0.24072965924500597,0.08520286941646485,parent_0,uniform_32bit,parent_0 / uniform_32bit / simd,True,True,True,0.8666666666666667,0.8666666666666667,0.8,0.1466666666666666
88,learned_drift_prototype,prototype_recovery,0.23656847098717004,0.13212483956356108,parent_0,learned_drift_prototype,parent_0 / learned_drift_prototype / prototype_recovery,False,True,True,0.8,0.8666666666666667,0.8,0.17999999999999994
89,learned_drift_prototype,prototype_recovery,0.2605944015072227,0.06578059638833167,parent_0,learned_drift_prototype,parent_0 / learned_drift_prototype / prototype_recovery,False,False,False,0.7333333333333333,0.8,0.8,0.23333333333333328
90,learned_drift_prototype,prototype_recovery,0.2554293868976725,0.13141141650694527,parent_0,learned_drift_prototype,parent_0 / learned_drift_prototype / prototype_recovery,False,False,False,0.7333333333333333,0.8,0.8,0.23333333333333328
91,learned_drift_prototype,prototype_recovery,0.40104844225203523,0.21384223056408352,parent_0,learned_drift_prototype,parent_0 / learned_drift_prototype / prototype_recovery,False,False,False,0.6666666666666666,0.7333333333333333,0.7333333333333333,0.3000000000000001
92,learned_drift_prototype,prototype_recovery,0.19880539896647081,0.10563083192254119,parent_0,learned_drift_prototype,parent_0 / learned_drift_prototype / prototype_recovery,False,False,False,0.6,0.6666666666666666,0.6666666666666666,0.3666666666666667
93,learned_drift_prototype,prototype_recovery,0.16219347988977983,0.09046464930182567,parent_0,learned_drift_prototype,parent_0 / learned_drift_prototype / prototype_recovery,False,False,False,0.5333333333333333,0.6,0.6,0.43333333333333346
94,learned_drift_prototype,prototype_recovery,0.2689363002154204,0.18029268104441168,parent_0,learned_drift_prototype,parent_0 / learned_drift_prototype / prototype_recovery,False,False,False,0.5333333333333333,0.6,0.6,0.43333333333333346
95,learned_drift_prototype,prototype_recovery,0.2062549697353835,0.08729267799661017,parent_0,learned_drift_prototype,parent_0 / learned_drift_prototype / prototype_recovery,False,False,False,0.4666666666666667,0.5333333333333333,0.5333333333333333,0.4999999999999999
96,learned_drift_prototype,prototype_recovery,0.1211626582156807,0.11186670397275461,parent_0,learned_drift_prototype,parent_0 / learned_drift_prototype / prototype_recovery,False,False,False,0.4,0.4666666666666667,0.4666666666666667,0.5666666666666667
97,learned_drift_prototype,prototype_recovery,0.18625513528842622,0.0935280286316963,parent_0,learned_drift_prototype,parent_0 / learned_drift_prototype / prototype_recovery,False,False,False,0.3333333333333333,0.4,0.4,0.6333333333333333
98,learned_drift_prototype,prototype_recovery,0.1973883533099447,0.11528687228737214,parent_0,learned_drift_prototype,parent_0 / learned_drift_prototype / prototype_recovery,False,False,False,0.26666666666666666,0.3333333333333333,0.3333333333333333,0.7000000000000001
99,learned_drift_prototype,prototype_recovery,0.14453629651860211,0.04664773773045046,parent_0,learned_drift_prototype,parent_0 / learned_drift_prototype / prototype_recovery,False,False,False,0.2,0.26666666666666666,0.26666666666666666,0.7666666666666667
100,learned_drift_prototype,prototype_recovery,0.3777548267216979,0.05562887093629844,parent_0,learned_drift_prototype,parent_0 / learned_drift_prototype / prototype_recovery,False,False,False,0.13333333333333333,0.2,0.2,0.8333333333333333
101,learned_drift_prototype,prototype_recovery,0.1841928652927216,0.21184567641606572,parent_0,learned_drift_prototype,parent_0 / learned_drift_prototype / prototype_recovery,False,False,False,0.06666666666666667,0.13333333333333333,0.13333333333333333,0.9
102,learned_drift_prototype,prototype_recovery,0.4243040301544244,0.061421668558732906,parent_0,learned_drift_prototype,parent_0 / learned_drift_prototype / prototype_recovery,False,False,False,0.0,0.06666666666666667,0.06666666666666667,0.9666666666666667
103,learned_drift_prototype,prototype_recovery,0.22790506259271817,0.13707777754702546,parent_0,learned_drift_prototype,parent_0 / learned_drift_prototype / prototype_recovery,False,False,False,0.0,0.0,0.0,1.0
104,learned_drift_prototype,prototype_recovery,0.35372185866433553,0.07065714607858811,parent_0,learned_drift_prototype,parent_0 / learned_drift_prototype / prototype_recovery,False,False,False,0.0,0.0,0.0,1.0
105,learned_drift_prototype,prototype_recovery,0.23528332924347342,0.1588668788030872,parent_0,learned_drift_prototype,parent_0 / learned_drift_prototype / prototype_recovery,False,False,False,0.0,0.0,0.0,1.0
106,learned_drift_prototype,prototype_recovery,0.2760859644679971,0.10119219643849503,parent_0,learned_drift_prototype,parent_0 / learned_drift_prototype / prototype_recovery,False,False,False,0.0,0.0,0.0,1.0
107,learned_drift_prototype,prototype_recovery,0.24197062212903753,0.0512552095815009,parent_0,learned_drift_prototype,parent_0 / learned_drift_prototype / prototype_recovery,False,False,False,0.0,0.0,0.0,1.0
108,learned_drift_prototype,prototype_recovery,0.2357095753615201,0.10668062549955223,parent_0,learned_drift_prototype,parent_0 / learned_drift_prototype / prototype_recovery,False,False,False,0.0,0.0,0.0,1.0
109,learned_drift_prototype,prototype_recovery,0.26393019337757534,0.09223363905904919,parent_0,learned_drift_prototype,parent_0 / learned_drift_prototype / prototype_recovery,False,False,False,0.0,0.0,0.0,1.0
110,learned_drift_prototype,prototype_recovery,0.2782923113527083,0.17063579089099143,parent_0,learned_drift_prototype,parent_0 / learned_drift_prototype / prototype_recovery,False,False,False,0.0,0.0,0.0,1.0
111,learned_drift_prototype,prototype_recovery,0.25932575966010796,0.13758782041996018,parent_0,learned_drift_prototype,parent_0 / learned_drift_prototype / prototype_recovery,False,False,False,0.0,0.0,0.0,1.0
112,learned_drift_prototype,prototype_recovery,0.25318932085467205,0.1200042196545707,parent_0,learned_drift_prototype,parent_0 / learned_drift_prototype / prototype_recovery,False,False,False,0.0,0.0,0.0,1.0
113,learned_drift_prototype,prototype_recovery,0.20670651798742917,0.1358247130836654,parent_0,learned_drift_prototype,parent_0 / learned_drift_prototype / prototype_recovery,False,False,False,0.0,0.0,0.0,1.0
114,learned_drift_prototype,prototype_recovery,0.24416280409519064,0.22465841544652976,parent_0,learned_drift_prototype,parent_0 / learned_drift_prototype / prototype_recovery,False,False,False,0.0,0.0,0.0,1.0
115,learned_drift_prototype,prototype_recovery,0.34440129414851456,0.13929232762782504,parent_0,learned_drift_prototype,parent_0 / learned_drift_prototype / prototype_recovery,False,False,False,0.0,0.0,0.0,1.0
116,learned_drift_prototype,prototype_recovery,0.20421656741831395,0.0643794264008291,parent_0,learned_drift_prototype,parent_0 / learned_drift_prototype / prototype_recovery,False,False,False,0.0,0.0,0.0,1.0
117,learned_drift_prototype,prototype_recovery,0.3214685771853319,0.13313746125735693,parent_0,learned_drift_prototype,parent_0 / learned_drift_prototype / prototype_recovery,False,False,False,0.0,0.0,0.0,1.0
118,learned_drift_prototype,prototype_recovery,0.2788086042034966,0.032770700651290355,parent_0,learned_drift_prototype,parent_0 / learned_drift_prototype / prototype_recovery,False,False,False,0.0,0.0,0.0,1.0
119,learned_drift_prototype,prototype_recovery,0.30564630889349087,0.14272101691071815,parent_0,learned_drift_prototype,parent_0 / learned_drift_prototype / prototype_recovery,False,False,False,0.0,0.0,0.0,1.0
120,learned_drift_prototype,prototype_recovery,0.18337415893513132,0.09642375962750255,parent_0,learned_drift_prototype,parent_0 / learned_drift_prototype / prototype_recovery,False,False,False,0.0,0.0,0.0,1.0
121,learned_drift_prototype,prototype_recovery,0.26582303226139115,0.12262333991781217,parent_0,learned_drift_prototype,parent_0 / learned_drift_prototype / prototype_recovery,False,False,False,0.0,0.0,0.0,1.0
122,learned_drift_prototype,prototype_recovery,0.2324697288517867,0.11482558659670195,parent_0,learned_drift_prototype,parent_0 / learned_drift_prototype / prototype_recovery,False,False,False,0.0,0.0,0.0,1.0
123,learned_drift_prototype,prototype_recovery,0.23488135730758689,0.12762812560512343,parent_0,learned_drift_prototype,parent_0 / learned_drift_prototype / prototype_recovery,False,False,False,0.0,0.0,0.0,1.0
124,learned_drift_prototype,prototype_recovery,0.3382895183795894,0.008332922046564883,parent_0,learned_drift_prototype,parent_0 / learned_drift_prototype / prototype_recovery,False,False,False,0.0,0.0,0.0,1.0
125,learned_drift_prototype,prototype_recovery,0.23578898412941895,0.12882562106862233,parent_0,learned_drift_prototype,parent_0 / learned_drift_prototype / prototype_recovery,False,False,False,0.0,0.0,0.0,1.0
126,learned_drift_prototype,prototype_recovery,0.267759639381226,0.1014042709339355,parent_0,learned_drift_prototype,parent_0 / learned_drift_prototype / prototype_recovery,False,False,False,0.0,0.0,0.0,1.0
127,learned_drift_prototype,prototype_recovery,0.14459669305128503,0.13639977418570548,parent_0,learned_drift_prototype,parent_0 / learned_drift_prototype / prototype_recovery,False,False,False,0.0,0.0,0.0,1.0
128,learned_drift_prototype,prototype_recovery,0.3536410128498511,0.043306929754193105,parent_0,learned_drift_prototype,parent_0 / learned_drift_prototype / prototype_recovery,False,False,False,0.0,0.0,0.0,1.0
129,learned_drift_prototype,prototype_recovery,0.3018296808218913,0.1035737388438553,parent_0,learned_drift_prototype,parent_0 / learned_drift_prototype / prototype_recovery,False,False,False,0.0,0.0,0.0,1.0
130,learned_drift_prototype,prototype_recovery,0.24632053925026917,0.06735507446480254,parent_0,learned_drift_prototype,parent_0 / learned_drift_prototype / prototype_recovery,False,False,False,0.0,0.0,0.0,1.0
131,learned_drift_prototype,prototype_recovery,0.2299326296586474,0.18500222973494793,parent_0,learned_drift_prototype,parent_0 / learned_drift_prototype / prototype_recovery,False,False,False,0.0,0.0,0.0,1.0
132,learned_drift_prototype,prototype_recovery,0.28495931451926243,0.2066155802704972,parent_0,learned_drift_prototype,parent_0 / learned_drift_prototype / prototype_recovery,False,False,False,0.0,0.0,0.0,1.0
133,learned_drift_prototype,prototype_recovery,0.3206447133386616,0.1419543339464788,parent_0,learned_drift_prototype,parent_0 / learned_drift_prototype / prototype_recovery,False,False,False,0.0,0.0,0.0,1.0
134,learned_drift_prototype,prototype_recovery,0.3546360715700675,0.14194965793691494,parent_0,learned_drift_prototype,parent_0 / learned_drift_prototype / prototype_recovery,False,False,False,0.0,0.0,0.0,1.0
135,learned_drift_prototype,prototype_recovery,0.29967929060782356,0.10517145232326458,parent_0,learned_drift_prototype,parent_0 / learned_drift_prototype / prototype_recovery,False,False,False,0.0,0.0,0.0,1.0
136,learned_drift_prototype,prototype_recovery,0.25399274895155227,0.08512880883498615,parent_0,learned_drift_prototype,parent_0 / learned_drift_prototype / prototype_recovery,False,False,False,0.0,0.0,0.0,1.0
137,learned_drift_prototype,prototype_recovery,0.30937503607569117,0.06108481884425671,parent_0,learned_drift_prototype,parent_0 / learned_drift_prototype / prototype_recovery,False,False,False,0.0,0.0,0.0,1.0
138,learned_drift_prototype,prototype_recovery,0.29694102054505966,0.11046744712474202,parent_0,learned_drift_prototype,parent_0 / learned_drift_prototype / prototype_recovery,False,False,False,0.0,0.0,0.0,1.0
139,learned_drift_prototype,prototype_recovery,0.32027482560803916,0.15754344943656298,parent_0,learned_drift_prototype,parent_0 / learned_drift_prototype / prototype_recovery,False,False,False,0.0,0.0,0.0,1.0
140,learned_drift_prototype,prototype_recovery,0.35923876945880806,0.15653873455693224,parent_0,learned_drift_prototype,parent_0 / learned_drift_prototype / prototype_recovery,False,False,False,0.0,0.0,0.0,1.0
141,learned_drift_prototype,prototype_recovery,0.15567758466080556,0.11665234135508995,parent_0,learned_drift_prototype,parent_0 / learned_drift_prototype / prototype_recovery,False,False,False,0.0,0.0,0.0,1.0
142,learned_drift_prototype,prototype_recovery,0.17967956844431104,0.09408600788168626,parent_0,learned_drift_prototype,parent_0 / learned_drift_prototype / prototype_recovery,False,False,False,0.0,0.0,0.0,1.0
143,learned_drift_prototype,prototype_recovery,0.3406737059966033,0.15187669054488478,parent_0,learned_drift_prototype,parent_0 / learned_drift_prototype / prototype_recovery,False,False,False,0.0,0.0,0.0,1.0
144,learned_drift_prototype,prototype_recovery,0.20806417428527524,0.06931413167798005,parent_0,learned_drift_prototype,parent_0 / learned_drift_prototype / prototype_recovery,False,False,False,0.0,0.0,0.0,1.0
145,learned_drift_prototype,prototype_recovery,0.25196692557257566,0.0591719925309436,parent_0,learned_drift_prototype,parent_0 / learned_drift_prototype / prototype_recovery,False,False,False,0.0,0.0,0.0,1.0
146,low_entropy_repeating,coherent_local,0.2687205682930746,0.1777656018053348,parent_2,low_entropy_repeating,parent_2 / low_entropy_repeating / coherent_local,True,True,True,0.06666666666666667,0.06666666666666667,0.06666666666666667,0.9333333333333333
147,low_entropy_repeating,coherent_local,0.28652568833346637,0.005435524570094996,parent_2,low_entropy_repeating,parent_2 / low_entropy_repeating / coherent_local,False,False,False,0.06666666666666667,0.06666666666666667,0.06666666666666667,0.9333333333333333
148,zipfian_smallints,hybrid,0.2543220143939547,0.14069451426863466,parent_0,zipfian_smallints,parent_0 / zipfian_smallints / hybrid,True,True,True,0.13333333333333333,0.13333333333333333,0.13333333333333333,0.8666666666666667
149,uniform_32bit,simd,0.34697258089907246,0.016838086159762844,parent_0,uniform_32bit,parent_0 / uniform_32bit / simd,False,True,True,0.13333333333333333,0.2,0.2,0.8333333333333333
150,low_entropy_repeating,coherent_local,0.28545437936760126,0.04092028002730287,parent_2,low_entropy_repeating,parent_2 / low_entropy_repeating / coherent_local,True,True,True,0.2,0.26666666666666666,0.26666666666666666,0.7666666666666667
151,clustered_ranges,guarded_fallback,0.33855694288321053,0.1384178306350329,parent_0,clustered_ranges,parent_0 / clustered_ranges / guarded_fallback,True,True,True,0.26666666666666666,0.3333333333333333,0.3333333333333333,0.7000000000000001
152,zipfian_smallints,hybrid,0.21574338030869233,0.16068818449831052,parent_0,zipfian_smallints,parent_0 / zipfian_smallints / hybrid,False,True,True,0.26666666666666666,0.4,0.4,0.6666666666666667
153,uniform_32bit,simd,0.3141082933593423,0.1316439010068584,parent_0,uniform_32bit,parent_0 / uniform_32bit / simd,False,True,True,0.26666666666666666,0.4666666666666667,0.4666666666666667,0.6333333333333333
154,clustered_ranges,guarded_fallback,0.26622059435690354,0.0768327367630309,parent_0,clustered_ranges,parent_0 / clustered_ranges / guarded_fallback,False,True,True,0.26666666666666666,0.5333333333333333,0.5333333333333333,0.6
155,zipfian_smallints,hybrid,0.24114827918557882,0.11237387337738206,parent_0,zipfian_smallints,parent_0 / zipfian_smallints / hybrid,False,True,True,0.26666666666666666,0.6,0.6,0.5666666666666668
156,clustered_ranges,guarded_fallback,0.3099894548146177,0.06707319590107952,parent_0,clustered_ranges,parent_0 / clustered_ranges / guarded_fallback,False,True,True,0.26666666666666666,0.6666666666666666,0.6666666666666666,0.5333333333333334
157,low_entropy_repeating,coherent_local,0.24249945818082536,0.19407277738294865,parent_2,low_entropy_repeating,parent_2 / low_entropy_repeating / coherent_local,True,True,True,0.3333333333333333,0.7333333333333333,0.7333333333333333,0.46666666666666673
158,low_entropy_repeating,coherent_local,0.20066499896258078,0.13011530959155967,parent_2,low_entropy_repeating,parent_2 / low_entropy_repeating / coherent_local,False,False,False,0.3333333333333333,0.7333333333333333,0.7333333333333333,0.46666666666666673
159,uniform_32bit,simd,0.3006631114291192,0.12057130277803296,parent_0,uniform_32bit,parent_0 / uniform_32bit / simd,True,True,True,0.4,0.8,0.8,0.4
160,zipfian_smallints,hybrid,0.3014076389539916,0.1620910033445031,parent_0,zipfian_smallints,parent_0 / zipfian_smallints / hybrid,False,True,True,0.4,0.8666666666666667,0.8666666666666667,0.3666666666666667
161,clustered_ranges,guarded_fallback,0.2832469900794456,0.23638265501730427,parent_0,clustered_ranges,parent_0 / clustered_ranges / guarded_fallback,False,True,True,0.3333333333333333,0.8666666666666667,0.8666666666666667,0.4
162,clustered_ranges,guarded_fallback,0.12978866247600918,0.20021271807585705,parent_0,clustered_ranges,parent_0 / clustered_ranges / guarded_fallback,False,False,False,0.3333333333333333,0.8666666666666667,0.8666666666666667,0.4
163,zipfian_smallints,hybrid,0.22253803414259046,0.12539402221715165,parent_0,zipfian_smallints,parent_0 / zipfian_smallints / hybrid,False,True,True,0.26666666666666666,0.8666666666666667,0.8666666666666667,0.43333333333333335
164,low_entropy_repeating,coherent_local,0.15386442753646448,0.057417639294693026,parent_2,low_entropy_repeating,parent_2 / low_entropy_repeating / coherent_local,True,True,True,0.3333333333333333,0.8666666666666667,0.8666666666666667,0.4
165,uniform_32bit,simd,0.15392332377286877,0.0802931854987288,parent_0,uniform_32bit,parent_0 / uniform_32bit / simd,True,True,True,0.3333333333333333,0.8666666666666667,0.8666666666666667,0.4
166,low_entropy_repeating,coherent_local,0.2814512705687663,0.1338137089664277,parent_2,low_entropy_repeating,parent_2 / low_entropy_repeating / coherent_local,True,True,True,0.3333333333333333,0.8666666666666667,0.8666666666666667,0.4
167,sequential_ids,hybrid,0.16523404696645802,0.004494828168367784,parent_1,sequential_ids,parent_1 / sequential_ids / hybrid,True,True,True,0.4,0.8666666666666667,0.8666666666666667,0.3666666666666667
168,low_entropy_repeating,coherent_local,0.22169343798169985,0.14296928858583058,parent_2,low_entropy_repeating,parent_2 / low_entropy_repeating / coherent_local,True,True,True,0.4666666666666667,0.8666666666666667,0.8666666666666667,0.33333333333333326
169,clustered_ranges,guarded_fallback,0.2921172175732762,0.12691207160293408,parent_0,clustered_ranges,parent_0 / clustered_ranges / guarded_fallback,True,True,True,0.5333333333333333,0.8666666666666667,0.8666666666666667,0.30000000000000004
170,zipfian_smallints,hybrid,0.2637526824469041,0.14650323528007334,parent_0,zipfian_smallints,parent_0 / zipfian_smallints / hybrid,False,True,True,0.5333333333333333,0.8666666666666667,0.8666666666666667,0.30000000000000004
171,low_entropy_repeating,coherent_local,0.20771960422780705,0.11101942930842706,parent_2,low_entropy_repeating,parent_2 / low_entropy_repeating / coherent_local,True,True,True,0.6,0.8666666666666667,0.8666666666666667,0.2666666666666666
172,clustered_ranges,guarded_fallback,0.2992317085250451,0.10031294138877139,parent_0,clustered_ranges,parent_0 / clustered_ranges / guarded_fallback,True,True,True,0.6,0.8666666666666667,0.8666666666666667,0.2666666666666666
173,zipfian_smallints,hybrid,0.28127003534392675,0.10670806040423104,parent_0,zipfian_smallints,parent_0 / zipfian_smallints / hybrid,False,True,True,0.6,0.9333333333333333,0.9333333333333333,0.2333333333333333
174,low_entropy_repeating,coherent_local,0.2997711425214444,0.02034698144729219,parent_2,low_entropy_repeating,parent_2 / low_entropy_repeating / coherent_local,True,True,True,0.6,0.9333333333333333,0.9333333333333333,0.2333333333333333
175,low_entropy_repeating,coherent_local,0.17221166031551433,0.04589073012785895,parent_2,low_entropy_repeating,parent_2 / low_entropy_repeating / coherent_local,False,False,False,0.6,0.8666666666666667,0.8666666666666667,0.2666666666666666
176,sequential_ids,hybrid,0.2093041335906894,0.15747169498638702,parent_1,sequential_ids,parent_1 / sequential_ids / hybrid,True,True,True,0.6666666666666666,0.8666666666666667,0.8666666666666667,0.2333333333333334
177,clustered_ranges,guarded_fallback,0.23290695601704553,0.1298895040970926,parent_0,clustered_ranges,parent_0 / clustered_ranges / guarded_fallback,True,True,True,0.7333333333333333,0.9333333333333333,0.9333333333333333,0.16666666666666666
178,clustered_ranges,guarded_fallback,0.3296611679360615,0.11654310326369302,parent_0,clustered_ranges,parent_0 / clustered_ranges / guarded_fallback,False,False,False,0.7333333333333333,0.8666666666666667,0.8666666666666667,0.19999999999999996
179,zipfian_smallints,hybrid,0.33121515337416385,0.12460633292170546,parent_0,zipfian_smallints,parent_0 / zipfian_smallints / hybrid,False,True,True,0.6666666666666666,0.8666666666666667,0.8666666666666667,0.2333333333333334
180,low_entropy_repeating,coherent_local,0.21433597886807587,0.04597317437174918,parent_2,low_entropy_repeating,parent_2 / low_entropy_repeating / coherent_local,True,True,True,0.6666666666666666,0.8666666666666667,0.8666666666666667,0.2333333333333334
181,clustered_ranges,guarded_fallback,0.19671196877598085,0.10209916559627853,parent_0,clustered_ranges,parent_0 / clustered_ranges / guarded_fallback,True,True,True,0.6666666666666666,0.8666666666666667,0.8666666666666667,0.2333333333333334
182,low_entropy_repeating,coherent_local,0.35324618986995904,0.050890924231147994,parent_2,low_entropy_repeating,parent_2 / low_entropy_repeating / coherent_local,True,True,True,0.6666666666666666,0.8666666666666667,0.8666666666666667,0.2333333333333334
183,zipfian_smallints,hybrid,0.27356964809559514,0.06797280304212328,parent_0,zipfian_smallints,parent_0 / zipfian_smallints / hybrid,True,True,True,0.6666666666666666,0.8666666666666667,0.8666666666666667,0.2333333333333334
184,low_entropy_repeating,coherent_local,0.2421348009587364,0.02845470870762347,parent_2,low_entropy_repeating,parent_2 / low_entropy_repeating / coherent_local,True,True,True,0.6666666666666666,0.8666666666666667,0.8666666666666667,0.2333333333333334
185,low_entropy_repeating,coherent_local,0.30569781949410907,0.08974996435956345,parent_2,low_entropy_repeating,parent_2 / low_entropy_repeating / coherent_local,False,False,False,0.6666666666666666,0.8,0.8,0.2666666666666667
186,zipfian_smallints,hybrid,0.1858148553226186,0.08728583616562222,parent_0,zipfian_smallints,parent_0 / zipfian_smallints / hybrid,True,True,True,0.6666666666666666,0.8,0.8,0.2666666666666667
187,low_entropy_repeating,coherent_local,0.275673426441695,0.11053778295317972,parent_2,low_entropy_repeating,parent_2 / low_entropy_repeating / coherent_local,True,True,True,0.6666666666666666,0.8,0.8,0.2666666666666667
188,clustered_ranges,guarded_fallback,0.2717153112357306,0.18603308277640834,parent_0,clustered_ranges,parent_0 / clustered_ranges / guarded_fallback,True,True,True,0.7333333333333333,0.8,0.8,0.23333333333333328
189,uniform_32bit,simd,0.22943283094813724,0.0461571091577134,parent_0,uniform_32bit,parent_0 / uniform_32bit / simd,False,True,True,0.6666666666666666,0.8,0.8,0.2666666666666667
190,uniform_32bit,simd,0.23011070967416472,0.17572962222886884,parent_0,uniform_32bit,parent_0 / uniform_32bit / simd,False,False,False,0.6666666666666666,0.8,0.8,0.2666666666666667
191,zipfian_smallints,hybrid,0.2730026267909482,0.11344312348983275,parent_0,zipfian_smallints,parent_0 / zipfian_smallints / hybrid,False,True,True,0.6,0.8,0.8,0.29999999999999993
192,zipfian_smallints,hybrid,0.36706075360757795,0.22384902645268767,parent_0,zipfian_smallints,parent_0 / zipfian_smallints / hybrid,False,False,False,0.5333333333333333,0.7333333333333333,0.7333333333333333,0.36666666666666675
193,uniform_32bit,simd,0.25416286810796673,0.12800952966585377,parent_0,uniform_32bit,parent_0 / uniform_32bit / simd,False,True,True,0.5333333333333333,0.8,0.8,0.33333333333333337
194,low_entropy_repeating,coherent_local,0.19926033803395918,0.13665351863091274,parent_2,low_entropy_repeating,parent_2 / low_entropy_repeating / coherent_local,True,True,True,0.6,0.8,0.8,0.29999999999999993
195,sequential_ids,hybrid,0.24844822912276862,0.13569541057287768,parent_1,sequential_ids,parent_1 / sequential_ids / hybrid,True,True,True,0.6,0.8,0.8,0.29999999999999993
196,low_entropy_repeating,coherent_local,0.15462595040146188,0.016350828200435402,parent_2,low_entropy_repeating,parent_2 / low_entropy_repeating / coherent_local,True,True,True,0.6,0.8,0.8,0.29999999999999993
197,uniform_32bit,simd,0.18295695322062355,0.09706623575303334,parent_0,uniform_32bit,parent_0 / uniform_32bit / simd,True,True,True,0.6,0.8,0.8,0.29999999999999993
198,sequential_ids,hybrid,0.366233869745771,0.1752996684953649,parent_1,sequential_ids,parent_1 / sequential_ids / hybrid,True,True,True,0.6,0.8,0.8,0.29999999999999993
199,uniform_32bit,simd,0.19227453301950237,0.13738542262254785,parent_0,uniform_32bit,parent_0 / uniform_32bit / simd,True,True,True,0.6,0.8,0.8,0.29999999999999993
200,uniform_32bit,simd,0.2329381697175943,0.1292662824707691,parent_0,uniform_32bit,parent_0 / uniform_32bit / simd,False,False,False,0.6,0.8,0.8,0.29999999999999993
201,zipfian_smallints,hybrid,0.2871502670185236,0.10303707580579922,parent_0,zipfian_smallints,parent_0 / zipfian_smallints / hybrid,False,True,True,0.5333333333333333,0.8,0.8,0.33333333333333337
202,sequential_ids,hybrid,0.18148370643145575,0.12031695311811341,parent_1,sequential_ids,parent_1 / sequential_ids / hybrid,True,True,False,0.5333333333333333,0.8,0.7333333333333333,0.34666666666666673
203,uniform_32bit,simd,0.4058604235957499,0.13115398713126375,parent_0,uniform_32bit,parent_0 / uniform_32bit / simd,True,True,True,0.5333333333333333,0.8,0.7333333333333333,0.34666666666666673
204,clustered_ranges,guarded_fallback,0.2554912106903925,0.14903885476648984,parent_0,clustered_ranges,parent_0 / clustered_ranges / guarded_fallback,False,True,True,0.5333333333333333,0.8,0.7333333333333333,0.34666666666666673
205,zipfian_smallints,hybrid,0.24659300833643852,0.11147962094178977,parent_0,zipfian_smallints,parent_0 / zipfian_smallints / hybrid,False,True,True,0.5333333333333333,0.8666666666666667,0.8,0.31333333333333335
206,sequential_ids,hybrid,0.2758180815374532,0.07742314054071159,parent_1,sequential_ids,parent_1 / sequential_ids / hybrid,True,True,False,0.6,0.8666666666666667,0.7333333333333333,0.2933333333333333
207,zipfian_smallints,hybrid,0.28993511417880574,0.1742643502222955,parent_0,zipfian_smallints,parent_0 / zipfian_smallints / hybrid,True,True,False,0.6666666666666666,0.9333333333333333,0.7333333333333333,0.2400000000000001
208,clustered_ranges,guarded_fallback,0.2328250759866585,0.1426982789654348,parent_0,clustered_ranges,parent_0 / clustered_ranges / guarded_fallback,False,True,True,0.6666666666666666,0.9333333333333333,0.7333333333333333,0.2400000000000001
209,low_entropy_repeating,coherent_local,0.23147961666721525,0.16677735627325746,parent_2,low_entropy_repeating,parent_2 / low_entropy_repeating / coherent_local,True,True,True,0.6666666666666666,0.9333333333333333,0.7333333333333333,0.2400000000000001
210,low_entropy_repeating,coherent_local,0.22986355791288124,0.020459400243800108,parent_2,low_entropy_repeating,parent_2 / low_entropy_repeating / coherent_local,False,False,False,0.6,0.8666666666666667,0.6666666666666666,0.30666666666666664
211,zipfian_smallints,hybrid,0.1602963501863677,0.18819311149069545,parent_0,zipfian_smallints,parent_0 / zipfian_smallints / hybrid,True,True,True,0.6,0.8666666666666667,0.6666666666666666,0.30666666666666664
212,zipfian_smallints,hybrid,0.2068311860029126,0.044874827197955144,parent_0,zipfian_smallints,parent_0 / zipfian_smallints / hybrid,False,False,False,0.5333333333333333,0.8,0.6,0.3733333333333334
213,low_entropy_repeating,coherent_local,0.07212826972950093,0.09282522460336827,parent_2,low_entropy_repeating,parent_2 / low_entropy_repeating / coherent_local,True,True,True,0.5333333333333333,0.8,0.6,0.3733333333333334
214,low_entropy_repeating,coherent_local,0.2760930562878188,0.09202138569752552,parent_2,low_entropy_repeating,parent_2 / low_entropy_repeating / coherent_local,False,False,False,0.4666666666666667,0.7333333333333333,0.5333333333333333,0.43999999999999995
215,clustered_ranges,guarded_fallback,0.27790481257001837,0.04195208235027785,parent_0,clustered_ranges,parent_0 / clustered_ranges / guarded_fallback,True,True,True,0.5333333333333333,0.8,0.6,0.3733333333333334
216,zipfian_smallints,hybrid,0.2559686483809443,0.11569496740894757,parent_0,zipfian_smallints,parent_0 / zipfian_smallints / hybrid,False,True,True,0.5333333333333333,0.8,0.6,0.3733333333333334
217,sequential_ids,hybrid,0.29744836730140484,0.1372322613118026,parent_1,sequential_ids,parent_1 / sequential_ids / hybrid,True,True,False,0.5333333333333333,0.8,0.6,0.3733333333333334
218,uniform_32bit,simd,0.20869766306615445,0.1648907704205274,parent_0,uniform_32bit,parent_0 / uniform_32bit / simd,True,True,True,0.5333333333333333,0.8,0.6,0.3733333333333334
219,low_entropy_repeating,coherent_local,0.3477362168574395,0.07149252401742937,parent_2,low_entropy_repeating,parent_2 / low_entropy_repeating / coherent_local,True,True,True,0.6,0.8,0.6,0.33999999999999997
